entity_key,name,cat,county,district,address,tel,sources
x:宜蘭縣:宜蘭縣兒童綜合服務中心個案管理中心,宜蘭縣兒童綜合服務中心-個案管理中心,個案管理中心,宜蘭縣,宜蘭市,宜蘭縣宜蘭市舊城西路12號1樓,03-9333676分機103-105,sfaa
x:彰化縣:二林北斗區兒童發展社區資源服務中心,二林北斗區兒童發展社區資源服務中心,個案管理中心,彰化縣,二林鎮,彰化縣二林鎮中西里二城路7號,04-8960271分機249、142、182,sfaa
x:彰化縣:和美鹿港區兒童發展社區資源服務中心,和美鹿港區兒童發展社區資源服務中心,個案管理中心,彰化縣,和美鎮,彰化縣和美鎮彰美路5段160號,04-7569336,sfaa
x:彰化縣:員林田中區兒童發展社區資源服務中心,員林田中區兒童發展社區資源服務中心,個案管理中心,彰化縣,員林市,彰化縣員林市光明里民生路50號,04-8374936、04-8338156,sfaa
x:彰化縣:彰化區兒童發展社區資源服務中心,彰化區兒童發展社區資源服務中心,個案管理中心,彰化縣,彰化市,彰化縣彰化市大埔路676號,04-7124891分機888,sfaa
x:新北市:第1區早期療育社區資源中心淡水區三芝區石門區金山區萬里區,第1區早期療育社區資源中心(淡水區、三芝區、石門區、金山區、萬里區),個案管理中心,新北市,淡水區,新北市淡水區沙崙路300號,2792-2705＃9400,sfaa
x:新北市:第2區早期療育社區資源中心三重區蘆洲區林口區八里區,第2區早期療育社區資源中心(三重區、蘆洲區、林口區、八里區),個案管理中心,新北市,三重區,新北市三重區重新路5段609巷20號3樓之1,02-22789866分機11、12、13,sfaa
x:新北市:第3區早期療育社區資源中心板橋區新莊區泰山區五股區,第3區早期療育社區資源中心(板橋區、新莊區、泰山區、五股區),個案管理中心,新北市,板橋區,新北市板橋區中正路10號5樓,02-2960-1072,sfaa
x:新北市:第4區早期療育社區資源中心三峽區鶯歌區樹林區坪林區烏來區瑞芳區,第4區早期療育社區資源中心(三峽區、鶯歌區、樹林區、坪林區、烏來區、瑞芳區),個案管理中心,新北市,三峽區,新北市三峽區國光街12巷10號1樓,02-35012063分機34、36、39,sfaa
x:新北市:第5區早期療育社區資源中心中和區永和區土城區汐止區,第5區早期療育社區資源中心(中和區、永和區、土城區、汐止區),個案管理中心,新北市,中和區,新北市中和區圓通路296巷31弄1號,02-82457309,sfaa
x:新北市:第6區早期療育社區資源中心新店區深坑區石碇區平溪區雙溪區貢寮區,第6區早期療育社區資源中心(新店區、深坑區 石碇區、平溪區 雙溪區、貢寮區),個案管理中心,新北市,新店區,新北市新店區中正路284巷9號,02-2913-4433,sfaa
x:桃園市:第一區早期療育發展中心,第一區早期療育發展中心,個案管理中心,桃園市,大園區,桃園市大園區中華路2號4樓,03-3863316#21-25,sfaa
x:桃園市:第三區早期療育發展中心,第三區早期療育發展中心,個案管理中心,桃園市,中壢區,桃園市中壢區中山東路四段46號2樓(中壢一號社會住宅),03-456-6776,sfaa
x:桃園市:第二區早期療育發展中心,第二區早期療育發展中心,個案管理中心,桃園市,桃園區,桃園市桃園區國際路二段598號3樓,03-3010554,sfaa
x:桃園市:第五區早期療育發展中心兒童發展服務中心,第五區早期療育發展中心(兒童發展服務中心),個案管理中心,桃園市,八德區,桃園市八德區福興里建德路360號三樓,03-3653266,sfaa
x:桃園市:第四區早期療育服務中心,第四區早期療育服務中心,個案管理中心,桃園市,平鎮,桃園市平鎮區環南路二段192巷1號,03-4936040,sfaa
x:臺北市:中正萬華區早期療育社區資源中心,中正萬華區早期療育社區資源中心,個案管理中心,臺北市,萬華區,臺北市萬華區西園路一段150號3樓,02-23022655,sfaa
x:臺北市:南港信義區早期療育社區資源中心,南港信義區早期療育社區資源中心,個案管理中心,臺北市,信義區,臺北市信義區信義路5段150巷342弄17-7號,02-27207165,sfaa
x:臺北市:士林北投區早期療育社區資源中心,士林北投區早期療育社區資源中心,個案管理中心,臺北市,北投區,臺北市北投區中央北路一段6號4樓之2,02-28965676,sfaa
x:臺北市:大同中山區早期療育社區資源中心,大同中山區早期療育社區資源中心,個案管理中心,臺北市,大同區,臺北市大同區重慶北路3段88號3樓之4,02-25635591,sfaa
x:臺北市:大安文山區早期療育社區資源中心,大安文山區早期療育社區資源中心,個案管理中心,臺北市,文山區,臺北市文山區興隆路2段88號5樓之2,02-23653654,sfaa
x:臺北市:松山內湖區早期療育社區資源中心,松山內湖區早期療育社區資源中心,個案管理中心,臺北市,內湖區,臺北市內湖區民權東路6段123巷24號2樓,02-27911806,sfaa
x:苗栗縣:苗栗縣中港溪地區兒童早期療育個案管理中心,苗栗縣中港溪地區兒童早期療育個案管理中心,個案管理中心,苗栗縣,竹南鎮,苗栗縣竹南鎮自由街97號,037-690311,sfaa
x:苗栗縣:苗栗縣山線地區兒童早期療育個案管理中心,苗栗縣山線地區兒童早期療育個案管理中心,個案管理中心,苗栗縣,大湖鄉,苗栗縣大湖鄉靜湖村和平路28號,037-230265,sfaa
x:苗栗縣:苗栗縣苗栗及通苑地區兒童早期療育個案管理中心,苗栗縣苗栗及通苑地區兒童早期療育個案管理中心,個案管理中心,苗栗縣,苗栗市,苗栗縣苗栗市嘉新里經國路4段851號4樓,037-268995,sfaa
x:高雄市:高雄市旗津兒童發展社區服務據點,高雄市旗津兒童發展社區服務據點,個案管理中心,高雄市,旗津區,高雄市旗津區中洲三路623號（旗津國小內）,07-5710885,sfaa
x:高雄市:高雄市鹽埕兒童發展社區服務據點,高雄市鹽埕兒童發展社區服務據點,個案管理中心,高雄市,鹽埕區,高雄市鹽埕區七賢三路99號,07-5335011,sfaa
0938030016,佑民醫療社團法人佑民醫院,兒童發展篩檢院所,南投縣,草屯鎮,南投縣草屯鎮太平路一段200號,049-2358151,healthforkids;sfaa
3538011883,佳成小兒科診所,兒童發展篩檢院所,南投縣,南投市,南投縣南投市集賢路34號,049-2231115,healthforkids
2338080016,南投縣中寮鄉衛生所,兒童發展篩檢院所,南投縣,中寮鄉,南投縣中寮鄉永平村永昌街102號,049-2691404,healthforkids
2338130011,南投縣仁愛鄉衛生所,兒童發展篩檢院所,南投縣,仁愛鄉,南投縣仁愛鄉五福巷17號,049-2802341,healthforkids
x:南投縣:南投縣信義鄉衛生所,南投縣信義鄉衛生所,兒童發展篩檢院所,南投縣,信義鄉,南投縣信義鄉明德村玉山路45號,049-2791148,healthforkids
2338010014,南投縣南投市衛生所,兒童發展篩檢院所,南投縣,南投市,南投縣南投市三和一路13號,049-2223264,healthforkids
x:南投縣:南投縣名間鄉衛生所,南投縣名間鄉衛生所,兒童發展篩檢院所,南投縣,名間鄉,南投縣名間鄉中正村彰南路42號,049-2732135,healthforkids
QY38100019,南投縣國姓鄉衛生所,兒童發展篩檢院所,南投縣,國姓鄉,南投縣國姓鄉民族街42號,049-2721009,healthforkids
2338020010,南投縣埔里鎮衛生所,兒童發展篩檢院所,南投縣,埔里鎮,南投縣埔里鎮中山路二段256號,049-2982157,healthforkids
2338110019,南投縣水里鄉衛生所,兒童發展篩檢院所,南投縣,水里鄉,南投縣水里鄉博愛路205號,049-2770079,healthforkids
2338040012,南投縣竹山鎮衛生所,兒童發展篩檢院所,南投縣,竹山鎮,南投縣竹山鎮雲林里公所路126號,049-2642026,healthforkids
x:南投縣:南投縣草屯鎮衛生所,南投縣草屯鎮衛生所,兒童發展篩檢院所,南投縣,草屯鎮,南投縣草屯鎮草溪路882巷7號,049-2362023,healthforkids
2338050018,南投縣集集鎮衛生所,兒童發展篩檢院所,南投縣,集集鎮,南投縣集集鎮民生路106號,049-2762015,healthforkids
2338090012,南投縣魚池鄉衛生所,兒童發展篩檢院所,南投縣,魚池鄉,南投縣魚池鄉東池村魚池街194號,049-2895513,healthforkids
2338070010,南投縣鹿谷鄉衛生所,兒童發展篩檢院所,南投縣,鹿谷鄉,南投縣鹿谷鄉中正路二段20號,049-2752002,healthforkids
x:南投縣:安麗小兒科內科診所,安麗小兒科內科診所,兒童發展篩檢院所,南投縣,埔里鎮,南投縣埔里鎮中山路二段262號,049-2991030,healthforkids
x:南投縣:幼安小兒科診所,幼安小兒科診所,兒童發展篩檢院所,南投縣,南投市,南投縣南投市民族路243號,049-2206706,healthforkids
1138010019,彰化基督教醫療財團法人南投基督教醫院,兒童發展篩檢院所,南投縣,南投市,南投縣南投市中興路870號,049-2225595,healthforkids;sfaa
x:南投縣:智瑤小兒科診所,智瑤小兒科診所,兒童發展篩檢院所,南投縣,竹山鎮,南投縣竹山鎮集山路三段879號,049-2652288,healthforkids
x:南投縣:林洸燁小兒科診所,林洸燁小兒科診所,兒童發展篩檢院所,南投縣,草屯鎮,南投縣草屯鎮中正路626號,049-2318735,healthforkids
x:南投縣:正安診所,正安診所,兒童發展篩檢院所,南投縣,名間鄉,南投縣名間鄉南雅街124號,049-2737666,healthforkids
x:南投縣:洪瑞成小兒科診所,洪瑞成小兒科診所,兒童發展篩檢院所,南投縣,草屯鎮,南投縣草屯鎮中山街36號,049-2323151,healthforkids
3538011758,淵源診所,兒童發展篩檢院所,南投縣,南投市,南投縣南投市民族路300號,049-2222171,healthforkids
x:南投縣:瑞斌診所,瑞斌診所,兒童發展篩檢院所,南投縣,水里鄉,南投縣水里鄉民權路232號,049-2778866,healthforkids
3538033245,田登翔家醫診所,兒童發展篩檢院所,南投縣,草屯鎮,南投縣草屯鎮中正路286之13號,049-2567771,healthforkids
3538010420,眾安診所,兒童發展篩檢院所,南投縣,南投市,南投縣南投市文昌街75號,049-2235829,healthforkids
0931060016,祐安小兒科診所,兒童發展篩檢院所,南投縣,埔里鎮,南投縣埔里鎮中正路395號,049-2997752,healthforkids;sfaa
x:南投縣:童小兒科家醫科聯合診所,童小兒科家醫科聯合診所,兒童發展篩檢院所,南投縣,埔里鎮,南投縣埔里鎮中正路408號,049-2983212,healthforkids
x:南投縣:聖光小兒科診所,聖光小兒科診所,兒童發展篩檢院所,南投縣,埔里鎮,南投縣埔里鎮南昌街160號,049-2988099,healthforkids
x:南投縣:聖方小兒科診所,聖方小兒科診所,兒童發展篩檢院所,南投縣,草屯鎮,南投縣草屯鎮碧山南路21號,049-2307728,healthforkids
x:南投縣:蔡文雄診所,蔡文雄診所,兒童發展篩檢院所,南投縣,草屯鎮,南投縣草屯鎮富寮里富昌路2之1號,049-2569085,healthforkids
3540121278,賜安診所,兒童發展篩檢院所,南投縣,草屯鎮,南投縣草屯鎮中山街277號,049-2354658,healthforkids
3538030851,錦林診所,兒童發展篩檢院所,南投縣,草屯鎮,南投縣草屯鎮虎山路736號,049-2357509,healthforkids
x:南投縣:黃子卿小兒科診所,黃子卿小兒科診所,兒童發展篩檢院所,南投縣,南投市,南投縣南投市民族路123號,049-2200623,healthforkids
5922011877,何光哲小兒科診所,兒童發展篩檢院所,嘉義市,東區,嘉義市東區新生路309號,05-2766878,healthforkids
4022020019,佛教慈濟醫療財團法人嘉義慈濟診所,兒童發展篩檢院所,嘉義市,西區,嘉義市西區仁愛路383號,05-2167000,healthforkids
x:嘉義市:保安診所,保安診所,兒童發展篩檢院所,嘉義市,西區,嘉義市西區新民路852號,05-2368682,healthforkids
3522024696,信合美診所,兒童發展篩檢院所,嘉義市,西區,嘉義市西區興業西路89號,05-2867272,healthforkids
3522023715,啟仁診所,兒童發展篩檢院所,嘉義市,西區,嘉義市西區仁愛路200號,05-2257959,healthforkids
3522024285,嘉安婦幼診所,兒童發展篩檢院所,嘉義市,西區,嘉義市西區友愛路390號,05-2335515,healthforkids;sfaa
2322010017,嘉義市東區衛生所,兒童發展篩檢院所,嘉義市,東區,嘉義市東區大雅路二段625號,05-2750423,healthforkids
2322020013,嘉義市西區衛生所,兒童發展篩檢院所,嘉義市,西區,嘉義市西區德明路1號,05-2337355,healthforkids
3522013586,大心診所,兒童發展篩檢院所,嘉義市,東區,嘉義市東區吳鳳北路116號,05-2279237,healthforkids
x:嘉義市:孫小兒科診所,孫小兒科診所,兒童發展篩檢院所,嘉義市,東區,嘉義市東區吳鳳北路289號,05-2222829,healthforkids
3522013700,建興診所,兒童發展篩檢院所,嘉義市,東區,嘉義市東區中山路148號,05-2270302,healthforkids
x:嘉義市:愛兒診所,愛兒診所,兒童發展篩檢院所,嘉義市,西區,嘉義市西區民生南路45號,05-2238233,healthforkids
x:嘉義市:欣升診所,欣升診所,兒童發展篩檢院所,嘉義市,東區,嘉義市東區博東路283號,05-2765538,healthforkids
3522024310,欣愛診所,兒童發展篩檢院所,嘉義市,西區,嘉義市西區國華街298號,05-2285980,healthforkids
x:嘉義市:王國哲診所,王國哲診所,兒童發展篩檢院所,嘉義市,西區,嘉義市西區博愛路二段359號,05-2310550,healthforkids
3522011591,立文小兒科診所,兒童發展篩檢院所,嘉義市,東區,嘉義市東區新生路782號,05-2779463,healthforkids
x:嘉義市:聖心診所,聖心診所,兒童發展篩檢院所,嘉義市,東區,嘉義市東區民權路367號,05-2224800,healthforkids
x:嘉義市:華山診所,華山診所,兒童發展篩檢院所,嘉義市,東區,嘉義市東區吳鳳北路151號,05-2248777,healthforkids
x:嘉義市:華陽診所,華陽診所,兒童發展篩檢院所,嘉義市,東區,嘉義市東區忠孝路284之2號,05-2754038,healthforkids
x:嘉義市:葉弘貴小兒科診所,葉弘貴小兒科診所,兒童發展篩檢院所,嘉義市,東區,嘉義市東區中山路253號,05-2253863,healthforkids
x:嘉義市:許小兒科診所,許小兒科診所,兒童發展篩檢院所,嘉義市,東區,嘉義市東區垂楊路139號,05-2280858,healthforkids
x:嘉義市:賴瑪莉診所,賴瑪莉診所,兒童發展篩檢院所,嘉義市,東區,嘉義市東區新生路313號,05-2741234,healthforkids
x:嘉義市:邱晉陽診所,邱晉陽診所,兒童發展篩檢院所,嘉義市,東區,嘉義市東區吳鳳北路280號,05-2751973,healthforkids
x:嘉義市:黃世斌小兒科診所,黃世斌小兒科診所,兒童發展篩檢院所,嘉義市,東區,嘉義市東區博東路47號,05-2710271,healthforkids
3522011564,黃崇銘診所,兒童發展篩檢院所,嘉義市,東區,嘉義市東區新生路361號,05-2777686,healthforkids
x:嘉義市:黃思超小兒科診所,黃思超小兒科診所,兒童發展篩檢院所,嘉義市,西區,嘉義市西區民族路632號,05-2163232,healthforkids
x:嘉義縣:佳誼小兒科診所,佳誼小兒科診所,兒童發展篩檢院所,嘉義縣,中埔鄉,嘉義縣中埔鄉和睦村中山路五段697號,05-2391096,healthforkids
3540111325,吳振維診所,兒童發展篩檢院所,嘉義縣,太保市,嘉義縣太保市中山路一段590號,05-2380101,healthforkids
3531018204,嘉恩診所,兒童發展篩檢院所,嘉義縣,水上鄉,嘉義縣水上鄉水頭村18鄰中興路265號,05-2603661,healthforkids
2340130012,嘉義縣中埔鄉衛生所,兒童發展篩檢院所,嘉義縣,中埔鄉,嘉義縣中埔鄉中埔村130之1號,05-2531008,healthforkids
2340070011,嘉義縣六腳鄉衛生所,兒童發展篩檢院所,嘉義縣,六腳鄉,嘉義縣六腳鄉蒜頭村73之1號,05-3802016,healthforkids
2340030017,嘉義縣大林鎮衛生所,兒童發展篩檢院所,嘉義縣,大林鎮,嘉義縣大林鎮中山路252號,05-2652042,healthforkids
2340110010,嘉義縣太保市衛生所,兒童發展篩檢院所,嘉義縣,太保市,嘉義縣太保市後潭里14鄰443號,05-3711273,healthforkids
2340020011,嘉義縣布袋鎮衛生所,兒童發展篩檢院所,嘉義縣,布袋鎮,嘉義縣布袋鎮新厝里21號,05-3472032,healthforkids
2340060015,嘉義縣新港鄉衛生所,兒童發展篩檢院所,嘉義縣,新港鄉,嘉義縣新港鄉宮後村嘉民北路5號,05-3742025,healthforkids
2340080017,嘉義縣東石鄉衛生所,兒童發展篩檢院所,嘉義縣,東石鄉,嘉義縣東石鄉東石村3之7號,05-3732340,healthforkids
2340150014,嘉義縣梅山鄉衛生所,兒童發展篩檢院所,嘉義縣,梅山鄉,嘉義縣梅山鄉華山路18號,05-2621249,healthforkids
2340040013,嘉義縣民雄鄉衛生所,兒童發展篩檢院所,嘉義縣,民雄鄉,嘉義縣民雄鄉中樂村文化路7之2號,05-2262018,healthforkids
2340120016,嘉義縣水上鄉衛生所,兒童發展篩檢院所,嘉義縣,水上鄉,嘉義縣水上鄉水上村正義路145號,05-2682059,healthforkids
2340050019,嘉義縣溪口鄉衛生所,兒童發展篩檢院所,嘉義縣,溪口鄉,嘉義縣溪口鄉溪北村二鄰中山路1號,05-2691046,healthforkids
2340160010,嘉義縣番路鄉衛生所,兒童發展篩檢院所,嘉義縣,番路鄉,嘉義縣番路鄉下坑村菜公店2鄰60號,05-2591148,healthforkids
2340140018,嘉義縣竹崎鄉衛生所,兒童發展篩檢院所,嘉義縣,竹崎鄉,嘉義縣竹崎鄉文化路19之1號,05-2611264,healthforkids
2340090013,嘉義縣義竹鄉衛生所,兒童發展篩檢院所,嘉義縣,義竹鄉,嘉義縣義竹鄉村義竹422之1號,05-3412032,healthforkids
2340180012,嘉義縣阿里山鄉衛生所,兒童發展篩檢院所,嘉義縣,阿里山鄉,嘉義縣阿里山鄉樂野村3鄰97之2號,05-2561573,healthforkids
2340100014,嘉義縣鹿草鄉衛生所,兒童發展篩檢院所,嘉義縣,鹿草鄉,嘉義縣鹿草鄉長壽路226巷2號,05-3752080,healthforkids
3540121349,忻安診所,兒童發展篩檢院所,嘉義縣,水上鄉,嘉義縣水上鄉市政街113號,05-2689777,healthforkids
3540121358,晨禾診所,兒童發展篩檢院所,嘉義縣,水上鄉,嘉義縣水上鄉寬士村崎子頭170號,05-2366623,healthforkids
3540061339,林讓秀小兒科診所,兒童發展篩檢院所,嘉義縣,新港鄉,嘉義縣新港鄉大興村中正路63號,05-3748237,healthforkids
3540131541,柯診所,兒童發展篩檢院所,嘉義縣,中埔鄉,嘉義縣中埔鄉中埔村16鄰170之25號,05-2531616,healthforkids
3540021353,永吉診所,兒童發展篩檢院所,嘉義縣,布袋鎮,嘉義縣布袋鎮興中里1鄰後寮路72巷28號,05-3472090,healthforkids
x:嘉義縣:王士虹小兒科診所,王士虹小兒科診所,兒童發展篩檢院所,嘉義縣,朴子市,嘉義縣朴子市平和里山通路41號,05-3700539,healthforkids
3540110104,馬志宏診所,兒童發展篩檢院所,嘉義縣,太保市,嘉義縣太保市太保里17之2號,05-3717317,healthforkids
0511040010,三軍總醫院基隆分院附設民眾診療服務處,兒童發展篩檢院所,基隆市,中正區,基隆市中正區正榮街100號,02-24633330,healthforkids
3511041396,仁祥診所,兒童發展篩檢院所,基隆市,仁愛區,基隆市仁愛區忠一路20號,02-24232111,healthforkids
3511011950,兒童中心診所,兒童發展篩檢院所,基隆市,中正區,基隆市中正區義一路46號,02-24212577,healthforkids
3511010702,博群診所,兒童發展篩檢院所,基隆市,中正區,基隆市中正區新豐街446號,02-24601356,healthforkids
3511071410,國泰家醫診所,兒童發展篩檢院所,基隆市,信義區,基隆市信義區信一路115號,02-24254195,healthforkids
2311020016,基隆市七堵區衛生所,兒童發展篩檢院所,基隆市,七堵區,基隆市七堵區光明路21號,02-24562008,healthforkids
2311050014,基隆市中山區衛生所,兒童發展篩檢院所,基隆市,中山區,基隆市中山區中山二路15號,02-24229860,healthforkids
2311010010,基隆市中正區衛生所,兒童發展篩檢院所,基隆市,中正區,基隆市中正區中正路786之1號,02-24621632,healthforkids
2311040018,基隆市仁愛區衛生所,兒童發展篩檢院所,基隆市,仁愛區,基隆市仁愛區光一路26號,02-24311592,healthforkids
2311060010,基隆市安樂區衛生所,兒童發展篩檢院所,基隆市,安樂區,基隆市安樂區安樂路二段164號,02-24318061,healthforkids
2311030012,基隆市暖暖區衛生所,兒童發展篩檢院所,基隆市,暖暖區,基隆市暖暖區暖暖街281巷98號,02-24572630,healthforkids
3511012297,文昕診所,兒童發展篩檢院所,基隆市,中正區,基隆市中正區信四路4號,02-24269977,healthforkids
3511050260,林義宏診所,兒童發展篩檢院所,基隆市,中山區,基隆市中山區復興路263號,02-24366481,healthforkids
x:基隆市:王順水小兒科診所,王順水小兒科診所,兒童發展篩檢院所,基隆市,仁愛區,基隆市仁愛區仁二路56號,02-24201733,healthforkids
3511031247,碇內診所,兒童發展篩檢院所,基隆市,暖暖區,基隆市暖暖區源遠路323號,02-24595878,healthforkids
x:基隆市:紀醫師診所,紀醫師診所,兒童發展篩檢院所,基隆市,七堵區,基隆市七堵區開元路83號,02-24554195,healthforkids
x:基隆市:陳如儀兒科診所,陳如儀兒科診所,兒童發展篩檢院所,基隆市,中正區,基隆市中正區義一路62號,02-24259958,healthforkids
3534020028,優昇診所,兒童發展篩檢院所,宜蘭縣,羅東鎮,宜蘭縣羅東鎮開明里和平路74號,03-9572333,healthforkids
x:宜蘭縣:劉醫師小兒科診所,劉醫師小兒科診所,兒童發展篩檢院所,宜蘭縣,羅東鎮,宜蘭縣羅東鎮純精路二段229號,03-9518121,healthforkids
x:宜蘭縣:吳建志診所,吳建志診所,兒童發展篩檢院所,宜蘭縣,冬山鄉,宜蘭縣冬山鄉冬山路五段212號,03-9566799,healthforkids
x:宜蘭縣:吳振華小兒科診所,吳振華小兒科診所,兒童發展篩檢院所,宜蘭縣,羅東鎮,宜蘭縣羅東鎮中正南路63號,03-9548549,healthforkids
1134050026,天主教靈醫會醫療財團法人礁溪杏和醫院,兒童發展篩檢院所,宜蘭縣,礁溪鄉,宜蘭縣礁溪鄉礁溪路四段129號,03-9886996,healthforkids
1134010022,宜蘭仁愛醫療財團法人宜蘭仁愛醫院,兒童發展篩檢院所,宜蘭縣,宜蘭市,宜蘭縣宜蘭市中山路二段260號,03-9321888,healthforkids
2334100017,宜蘭縣三星鄉衛生所,兒童發展篩檢院所,宜蘭縣,三星鄉,宜蘭縣三星鄉三星路五段70號,03-9892227,healthforkids
2334090016,宜蘭縣五結鄉衛生所,兒童發展篩檢院所,宜蘭縣,五結鄉,宜蘭縣五結鄉五結村五結路二段337號,03-9501564,healthforkids
2334081026,宜蘭縣冬山鄉衛生所,兒童發展篩檢院所,宜蘭縣,冬山鄉,宜蘭縣冬山鄉中正路16號,03-9594772,healthforkids
2334120019,宜蘭縣南澳鄉衛生所,兒童發展篩檢院所,宜蘭縣,南澳鄉,宜蘭縣南澳鄉南澳村蘇花路二段375號,03-9981019,healthforkids
2334070014,宜蘭縣員山鄉衛生所,兒童發展篩檢院所,宜蘭縣,員山鄉,宜蘭縣員山鄉復興路2號,03-9221575,healthforkids
2334060018,宜蘭縣壯圍鄉衛生所,兒童發展篩檢院所,宜蘭縣,壯圍鄉,宜蘭縣壯圍鄉中央路二段290號,03-9385503,healthforkids;sfaa
2334110013,宜蘭縣大同鄉衛生所,兒童發展篩檢院所,宜蘭縣,大同鄉,宜蘭縣大同鄉崙埤村朝陽40號,03-9801175,healthforkids
2334010018,宜蘭縣宜蘭市衛生所,兒童發展篩檢院所,宜蘭縣,宜蘭市,宜蘭縣宜蘭市健康路二段2之2號,03-9322362,healthforkids
2334050012,宜蘭縣礁溪鄉衛生所,兒童發展篩檢院所,宜蘭縣,礁溪鄉,宜蘭縣礁溪鄉礁溪路四段126號,03-9882908,healthforkids
2334020014,宜蘭縣羅東鎮衛生所,兒童發展篩檢院所,宜蘭縣,羅東鎮,宜蘭縣羅東鎮民生路79號,03-9542321,healthforkids
2334030010,宜蘭縣蘇澳鎮衛生所,兒童發展篩檢院所,宜蘭縣,蘇澳鎮,宜蘭縣蘇澳鎮志成路60號,03-9962185,healthforkids
2334040016,宜蘭縣頭城鎮衛生所,兒童發展篩檢院所,宜蘭縣,頭城鎮,宜蘭縣頭城鎮新建里吉祥路15號,03-9771034,healthforkids
3534012428,怡然診所,兒童發展篩檢院所,宜蘭縣,宜蘭市,宜蘭縣宜蘭市宜中路133號,03-9313551,healthforkids
x:宜蘭縣:普濟診所,普濟診所,兒童發展篩檢院所,宜蘭縣,羅東鎮,宜蘭縣羅東鎮興東南路233號,03-9569270,healthforkids
3534012222,朱俊源診所,兒童發展篩檢院所,宜蘭縣,宜蘭市,宜蘭縣宜蘭市中山路三段175號,03-9322729,healthforkids
x:宜蘭縣:李碧峰小兒科診所,李碧峰小兒科診所,兒童發展篩檢院所,宜蘭縣,宜蘭市,宜蘭縣宜蘭市中山路三段29號,03-9356288,healthforkids
3534022004,林榆森小兒科診所,兒童發展篩檢院所,宜蘭縣,羅東鎮,宜蘭縣羅東鎮中正北路17號,03-9559955,healthforkids
3534010773,潘仁進診所,兒童發展篩檢院所,宜蘭縣,宜蘭市,宜蘭縣宜蘭市中山路二段61號,03-9313808,healthforkids
0634030014,臺北榮民總醫院蘇澳分院,兒童發展篩檢院所,宜蘭縣,蘇澳鎮,宜蘭縣蘇澳鎮蘇濱路一段301號,03-9905106,healthforkids;sfaa
x:宜蘭縣:藍正州小兒科診所,藍正州小兒科診所,兒童發展篩檢院所,宜蘭縣,羅東鎮,宜蘭縣羅東鎮南門路20號,03-9531168,healthforkids
x:宜蘭縣:陳義文小兒科診所,陳義文小兒科診所,兒童發展篩檢院所,宜蘭縣,宜蘭市,宜蘭縣宜蘭市中山路二段358號,03-9369885,healthforkids
x:屏東縣:健康123診所,健康１２３診所,兒童發展篩檢院所,屏東縣,屏東市,屏東縣屏東市大同北路249號,08-7321216,healthforkids
0943010035,優生醫療社團法人優生醫院,兒童發展篩檢院所,屏東縣,屏東市,屏東縣屏東市瑞光路三段103號,08-7382222,healthforkids
x:屏東縣:博醫診所,博醫診所,兒童發展篩檢院所,屏東縣,屏東市,屏東縣屏東市廣東路1013號,08-7325992,healthforkids
3543011448,吳振州診所,兒童發展篩檢院所,屏東縣,屏東市,屏東縣屏東市棒球路91號,08-7553135,healthforkids
0943010026,安和醫療社團法人安和醫院,兒童發展篩檢院所,屏東縣,屏東市,屏東縣屏東市自由路598號,08-7651828,healthforkids;sfaa
3543014172,宋的祥診所,兒童發展篩檢院所,屏東縣,屏東市,屏東縣屏東市北興里公裕街158號,08-7651318,healthforkids
x:屏東縣:家斌診所,家斌診所,兒童發展篩檢院所,屏東縣,屏東市,屏東縣屏東市仁愛路113號,08-7365523,healthforkids
0943010017,寶建醫療社團法人寶建醫院,兒童發展篩檢院所,屏東縣,屏東市,屏東縣屏東市中山路123號,08-7665995,healthforkids;sfaa
3543014565,小太陽兒科聯合診所,兒童發展篩檢院所,屏東縣,屏東市,屏東縣屏東市建豐路169號,08-7379591,healthforkids
2343260017,屏東縣三地門鄉衛生所,兒童發展篩檢院所,屏東縣,三地門鄉,屏東縣三地門鄉三地村行政街4號,08-7991284,healthforkids
2343080019,屏東縣九如鄉衛生所,兒童發展篩檢院所,屏東縣,九如鄉,屏東縣九如鄉九如路二段247號,08-7392006,healthforkids
2343210017,屏東縣佳冬鄉衛生所,兒童發展篩檢院所,屏東縣,佳冬鄉,屏東縣佳冬鄉佳和路87之1號,08-8662018,healthforkids
2343300016,屏東縣來義鄉衛生所,兒童發展篩檢院所,屏東縣,來義鄉,屏東縣來義鄉古樓村中正路90號,08-7850103,healthforkids
2343130014,屏東縣內埔鄉衛生所,兒童發展篩檢院所,屏東縣,內埔鄉,屏東縣內埔鄉中興路191號,08-7792414,healthforkids
2343200011,屏東縣南州鄉衛生所,兒童發展篩檢院所,屏東縣,南州鄉,屏東縣南州鄉人和路239號,08-8642224,healthforkids
2343010017,屏東縣屏東市衛生所,兒童發展篩檢院所,屏東縣,屏東市,屏東縣屏東市中正路419號,08-7388701,healthforkids
2343180014,屏東縣崁頂鄉衛生所,兒童發展篩檢院所,屏東縣,崁頂鄉,屏東縣崁頂鄉興農路29之9號,08-8631454,healthforkids
2343040015,屏東縣恆春鎮衛生所,兒童發展篩檢院所,屏東縣,恆春鎮,屏東縣恆春鎮城南里文化路78號,08-8892140,healthforkids
2343170018,屏東縣新園鄉衛生所,兒童發展篩檢院所,屏東縣,新園鄉,屏東縣新園鄉仙吉路89之2號,08-8681293,healthforkids
2343150016,屏東縣新埤鄉衛生所,兒童發展篩檢院所,屏東縣,新埤鄉,屏東縣新埤鄉中正路38號,08-7971090,healthforkids
2343310012,屏東縣春日鄉衛生所,兒童發展篩檢院所,屏東縣,春日鄉,屏東縣春日鄉春日路176號,08-8780358,healthforkids
2343030019,屏東縣東港鎮衛生所,兒童發展篩檢院所,屏東縣,東港鎮,屏東縣東港鎮東津里船頭路5之1號,08-8325310,healthforkids
2343160012,屏東縣枋寮鄉衛生所,兒童發展篩檢院所,屏東縣,枋寮鄉,屏東縣枋寮鄉枋寮村德興路77號,08-8782940,healthforkids
2343250011,屏東縣枋山鄉衛生所,兒童發展篩檢院所,屏東縣,枋山鄉,屏東縣枋山鄉枋山村枋山路98號,08-8761150,healthforkids
2343190010,屏東縣林邊鄉衛生所,兒童發展篩檢院所,屏東縣,林邊鄉,屏東縣林邊鄉和平路45號,08-8752076,healthforkids
2343290015,屏東縣泰武鄉衛生所,兒童發展篩檢院所,屏東縣,泰武鄉,屏東縣泰武鄉佳平村179號,08-7832059,healthforkids
2343240015,屏東縣滿州鄉衛生所,兒童發展篩檢院所,屏東縣,滿州鄉,屏東縣滿州鄉中山路31號,08-8801279,healthforkids
2343020013,屏東縣潮州鎮衛生所,兒童發展篩檢院所,屏東縣,潮州鎮,屏東縣潮州鎮中山路32號,08-7882131,healthforkids
2343330014,屏東縣牡丹鄉衛生所,兒童發展篩檢院所,屏東縣,牡丹鄉,屏東縣牡丹鄉石門村石門路19號,08-8831013,healthforkids
2343320018,屏東縣獅子鄉衛生所,兒童發展篩檢院所,屏東縣,獅子鄉,屏東縣獅子鄉楓林村二巷31號,08-8771324,healthforkids
2343220013,屏東縣琉球鄉衛生所,兒童發展篩檢院所,屏東縣,琉球鄉,屏東縣琉球鄉中山路51號,08-8612513,healthforkids
2343280019,屏東縣瑪家鄉衛生所,兒童發展篩檢院所,屏東縣,瑪家鄉,屏東縣瑪家鄉北葉村風景巷86號,08-7991164,healthforkids
2343140010,屏東縣竹田鄉衛生所,兒童發展篩檢院所,屏東縣,竹田鄉,屏東縣竹田鄉竹田村中山路25號,08-7710445,healthforkids
2343050011,屏東縣萬丹鄉衛生所,兒童發展篩檢院所,屏東縣,萬丹鄉,屏東縣萬丹鄉萬丹路一段501號,08-7772049,healthforkids
2343120018,屏東縣萬巒鄉衛生所,兒童發展篩檢院所,屏東縣,萬巒鄉,屏東縣萬巒鄉褒忠路16號,08-7811794,healthforkids
2343230019,屏東縣車城鄉衛生所,兒童發展篩檢院所,屏東縣,車城鄉,屏東縣車城鄉福安路2之30號,08-8821300,healthforkids
2343090015,屏東縣里港鄉衛生所,兒童發展篩檢院所,屏東縣,里港鄉,屏東縣里港鄉中山路103之1號,08-7751711,healthforkids
2343060017,屏東縣長治鄉衛生所,兒童發展篩檢院所,屏東縣,長治鄉,屏東縣長治鄉進興村潭頭路3號,08-7368734,healthforkids
2343270013,屏東縣霧臺鄉衛生所,兒童發展篩檢院所,屏東縣,霧臺鄉,屏東縣霧臺鄉神山巷68號,08-7902232,healthforkids
2343110012,屏東縣高樹鄉衛生所,兒童發展篩檢院所,屏東縣,高樹鄉,屏東縣高樹鄉南昌路12之2號,08-7962026,healthforkids
2343100016,屏東縣鹽埔鄉衛生所,兒童發展篩檢院所,屏東縣,鹽埔鄉,屏東縣鹽埔鄉鹽北村勝利路187號,08-7932474,healthforkids
2343070013,屏東縣麟洛鄉衛生所,兒童發展篩檢院所,屏東縣,麟洛鄉,屏東縣麟洛鄉麟蹄村中山路156之1號,08-7236742,healthforkids
3543013577,張俊智診所,兒童發展篩檢院所,屏東縣,屏東市,屏東縣屏東市永城里博愛路215號,08-7667010,healthforkids
x:屏東縣:張家瑜診所,張家瑜診所,兒童發展篩檢院所,屏東縣,萬丹鄉,屏東縣萬丹鄉社皮路三段228號,08-7070342,healthforkids
3543031539,德鴻吳小兒科診所,兒童發展篩檢院所,屏東縣,東港鎮,屏東縣東港鎮新生三路226號,08-8321990,healthforkids
1143040010,恆基醫療財團法人恆春基督教醫院,兒童發展篩檢院所,屏東縣,恆春鎮,屏東縣恆春鎮恆西路21號,08-8892293,healthforkids;sfaa
3543011233,李博浩診所,兒童發展篩檢院所,屏東縣,屏東市,屏東縣屏東市明正里濟南街5之4號,08-7335616,healthforkids
3543011984,林俊傑診所,兒童發展篩檢院所,屏東縣,屏東市,屏東縣屏東市廣東路1之7號,08-7211060,healthforkids
3543031520,林瑛豐兒科診所,兒童發展篩檢院所,屏東縣,東港鎮,屏東縣東港鎮朝隆路88號,08-8339868,healthforkids
x:屏東縣:林長興診所,林長興診所,兒童發展篩檢院所,屏東縣,屏東市,屏東縣屏東市華正路237號,08-7236266,healthforkids
x:屏東縣:欣安禾婦兒科診所,欣安禾婦兒科診所,兒童發展篩檢院所,屏東縣,潮州鎮,屏東縣潮州鎮三星里三成路318號,08-7801155,healthforkids
3543190195,欣生診所,兒童發展篩檢院所,屏東縣,林邊鄉,屏東縣林邊鄉中林村中山路106之2號,08-8750747,healthforkids
x:屏東縣:洪梓策親子診所,洪梓策親子診所,兒童發展篩檢院所,屏東縣,恆春鎮,屏東縣恆春鎮環城北路181號,08-8880197,healthforkids
3543011135,蔡長禧診所,兒童發展篩檢院所,屏東縣,屏東市,屏東縣屏東市民生路12之16號,08-7227766,healthforkids
0143040019,衛生福利部恆春旅遊醫院,兒童發展篩檢院所,屏東縣,恆春鎮,屏東縣恆春鎮恒南路188號,08-8892704,healthforkids;sfaa
1343030018,輔英科技大學附設醫院,兒童發展篩檢院所,屏東縣,東港鎮,屏東縣東港鎮興臺里中山路5號,08-8323146,healthforkids;sfaa
3543160222,迦美診所,兒童發展篩檢院所,屏東縣,枋寮鄉,屏東縣枋寮鄉中山路139號,08-8782900,healthforkids
x:屏東縣:黃志忠診所,黃志忠診所,兒童發展篩檢院所,屏東縣,潮州鎮,屏東縣潮州鎮中山路33號,08-7884486,healthforkids
x:彰化縣:中英診所,中英診所,兒童發展篩檢院所,彰化縣,田中鎮,彰化縣田中鎮員集路二段342號,04-8762021,healthforkids
x:彰化縣:余偉傑小兒科診所,余偉傑小兒科診所,兒童發展篩檢院所,彰化縣,彰化市,彰化縣彰化市曉陽路188號,04-7289786,healthforkids
x:彰化縣:佳佑小兒科診所,佳佑小兒科診所,兒童發展篩檢院所,彰化縣,和美鎮,彰化縣和美鎮和東里彰美路五段181號,04-7576678,healthforkids
x:彰化縣:佳生小兒科診所,佳生小兒科診所,兒童發展篩檢院所,彰化縣,鹿港鎮,彰化縣鹿港鎮民權路137號,04-7776789,healthforkids
x:彰化縣:劉岳隆小兒科診所,劉岳隆小兒科診所,兒童發展篩檢院所,彰化縣,員林市,彰化縣員林市仁美里中正路664號,04-8320446,healthforkids
x:彰化縣:合康診所,合康診所,兒童發展篩檢院所,彰化縣,員林市,彰化縣員林市南平里南平街22之1號,04-8363272,healthforkids
3537020075,吳肇基診所,兒童發展篩檢院所,彰化縣,鹿港鎮,彰化縣鹿港鎮民族路114號,04-7787968,healthforkids
3537070084,周武昌診所,兒童發展篩檢院所,彰化縣,田中鎮,彰化縣田中鎮新生街126號,04-8753625,healthforkids
0937050032,員郭醫療社團法人員郭醫院,兒童發展篩檢院所,彰化縣,員林市,彰化縣員林市員林大道六段51號,04-8312889,healthforkids;sfaa
x:彰化縣:宏文小兒科診所,宏文小兒科診所,兒童發展篩檢院所,彰化縣,鹿港鎮,彰化縣鹿港鎮中山路3之1號,04-7779489,healthforkids
x:彰化縣:寶貝熊小兒科診所,寶貝熊小兒科診所,兒童發展篩檢院所,彰化縣,員林市,彰化縣員林市靜修東路78號,04-8395253,healthforkids
x:彰化縣:小太陽小兒科診所,小太陽小兒科診所,兒童發展篩檢院所,彰化縣,員林市,彰化縣員林市大同路一段285巷15號,04-8375331,healthforkids
x:彰化縣:小樹苗兒科診所,小樹苗兒科診所,兒童發展篩檢院所,彰化縣,北斗鎮,彰化縣北斗鎮西安里中山路一段333號,04-8883823,healthforkids
3537014291,平安診所,兒童發展篩檢院所,彰化縣,彰化市,彰化縣彰化市信義里中正路一段452號,04-7222279,healthforkids
x:彰化縣:幼恩小兒科診所,幼恩小兒科診所,兒童發展篩檢院所,彰化縣,北斗鎮,彰化縣北斗鎮中華路245號,04-8781819,healthforkids
3537021849,張容毓親子診所,兒童發展篩檢院所,彰化縣,鹿港鎮,彰化縣鹿港鎮永安里12鄰中正路441號,04-7779909,healthforkids
x:彰化縣:張文宗小兒科內科診所,張文宗小兒科內科診所,兒童發展篩檢院所,彰化縣,彰化市,彰化縣彰化市長安街25號,04-7256363,healthforkids
3537190125,張榮俊小兒科診所,兒童發展篩檢院所,彰化縣,社頭鄉,彰化縣社頭鄉員集路二段176號,04-8722171,healthforkids
1137010051,彰化基督教醫療財團法人漢銘基督教醫院,兒童發展篩檢院所,彰化縣,彰化市,彰化縣彰化市中山路一段366號,04-7113456,healthforkids;sfaa
2337080012,彰化縣二林鎮衛生所,兒童發展篩檢院所,彰化縣,二林鎮,彰化縣二林鎮大成路一段115號,04-8960035,healthforkids
2337200014,彰化縣二水鄉衛生所,兒童發展篩檢院所,彰化縣,二水鄉,彰化縣二水鄉二水村過圳路19號,04-8791077,healthforkids
2337100019,彰化縣伸港鄉衛生所,兒童發展篩檢院所,彰化縣,伸港鄉,彰化縣伸港鄉大同村中興路二段197號,04-7982034,healthforkids
2337040018,彰化縣北斗鎮衛生所,兒童發展篩檢院所,彰化縣,北斗鎮,彰化縣北斗鎮文昌里復興路270號,04-8882059,healthforkids
2337030012,彰化縣和美鎮衛生所,兒童發展篩檢院所,彰化縣,和美鎮,彰化縣和美鎮和東里彰美路五段319號,04-7062455,healthforkids
2337050014,彰化縣員林市衛生所,兒童發展篩檢院所,彰化縣,員林市,彰化縣員林市三義里員鹿路245巷111號,04-8320315,healthforkids
2337170011,彰化縣埔心鄉衛生所,兒童發展篩檢院所,彰化縣,埔心鄉,彰化縣埔心鄉員鹿路二段340號,04-8294611,healthforkids
2337160015,彰化縣埔鹽鄉衛生所,兒童發展篩檢院所,彰化縣,埔鹽鄉,彰化縣埔鹽鄉好修村員鹿路二段58號,04-8654814,healthforkids
2337220016,彰化縣埤頭鄉衛生所,兒童發展篩檢院所,彰化縣,埤頭鄉,彰化縣埤頭鄉合興村健安街119號,04-8922445,healthforkids
2337240018,彰化縣大城鄉衛生所,兒童發展篩檢院所,彰化縣,大城鄉,彰化縣大城鄉中平路126號,04-8941323,healthforkids
2337150019,彰化縣大村鄉衛生所,兒童發展篩檢院所,彰化縣,大村鄉,彰化縣大村鄉大村村中正西路340號,04-8520513,healthforkids
2337010010,彰化縣彰化市南西北區衛生所,兒童發展篩檢院所,彰化縣,彰化市,彰化縣彰化市旭光路166號,04-7282141,healthforkids
2337010029,彰化縣彰化市東區衛生所,兒童發展篩檢院所,彰化縣,彰化市,彰化縣彰化市彰南路二段346巷31弄26號,04-7381647,healthforkids
2337180017,彰化縣永靖鄉衛生所,兒童發展篩檢院所,彰化縣,永靖鄉,彰化縣永靖鄉西興路91號,04-8221057,healthforkids
2337260010,彰化縣溪州鄉衛生所,兒童發展篩檢院所,彰化縣,溪州鄉,彰化縣溪州鄉溪下路四段570號,04-8895023,healthforkids
2337060010,彰化縣溪湖鎮衛生所,兒童發展篩檢院所,彰化縣,溪湖鎮,彰化縣溪湖鎮湖東里青雅路36號,04-8815112,healthforkids
2337070016,彰化縣田中鎮衛生所,兒童發展篩檢院所,彰化縣,田中鎮,彰化縣田中鎮斗中路一段222號,04-8742053,healthforkids
2337210010,彰化縣田尾鄉衛生所,兒童發展篩檢院所,彰化縣,田尾鄉,彰化縣田尾鄉光復路二段608號,04-8832145,healthforkids
2337190013,彰化縣社頭鄉衛生所,兒童發展篩檢院所,彰化縣,社頭鄉,彰化縣社頭鄉社頭村員集路二段409號,04-7060380,healthforkids
2337110015,彰化縣福興鄉衛生所,兒童發展篩檢院所,彰化縣,福興鄉,彰化縣福興鄉福興路51巷2號,04-7772371,healthforkids
2337120020,彰化縣秀水鄉衛生所,兒童發展篩檢院所,彰化縣,秀水鄉,彰化縣秀水鄉中山路99號,04-7693001,healthforkids
2337250014,彰化縣竹塘鄉衛生所,兒童發展篩檢院所,彰化縣,竹塘鄉,彰化縣竹塘鄉竹元村東陽路一段58之1號,04-8972009,healthforkids
2337090018,彰化縣線西鄉衛生所,兒童發展篩檢院所,彰化縣,線西鄉,彰化縣線西鄉和線路957巷6號,04-7585201,healthforkids
2337140013,彰化縣芬園鄉衛生所,兒童發展篩檢院所,彰化縣,芬園鄉,彰化縣芬園鄉社口村公園一街11號,049-2522904,healthforkids
2337130017,彰化縣花壇鄉衛生所,兒童發展篩檢院所,彰化縣,花壇鄉,彰化縣花壇鄉長沙村中正路11號,04-7862035,healthforkids
2337230012,彰化縣芳苑鄉衛生所,兒童發展篩檢院所,彰化縣,芳苑鄉,彰化縣芳苑鄉芳苑村斗苑路芳苑段210巷8號,04-8983134,healthforkids
2337020016,彰化縣鹿港鎮衛生所,兒童發展篩檢院所,彰化縣,鹿港鎮,彰化縣鹿港鎮復興路425號,04-7772309,healthforkids
3537131215,志元診所,兒童發展篩檢院所,彰化縣,花壇鄉,彰化縣花壇鄉中正路118號,04-7878892,healthforkids
x:彰化縣:恩幼小兒科診所,恩幼小兒科診所,兒童發展篩檢院所,彰化縣,北斗鎮,彰化縣北斗鎮中華路245號,04-8781819,healthforkids
x:彰化縣:惠幼小兒科診所,惠幼小兒科診所,兒童發展篩檢院所,彰化縣,彰化市,彰化縣彰化市新興里自強路38號,04-7268800,healthforkids
x:彰化縣:愛心小兒科家庭醫學科診所,愛心小兒科家庭醫學科診所,兒童發展篩檢院所,彰化縣,員林市,彰化縣員林市中正路628號,04-8361292,healthforkids
x:彰化縣:愛貝兒小兒科診所,愛貝兒小兒科診所,兒童發展篩檢院所,彰化縣,彰化市,彰化縣彰化市福安里曉陽路47號,04-7276388,healthforkids
x:彰化縣:慈安小兒科診所,慈安小兒科診所,兒童發展篩檢院所,彰化縣,員林市,彰化縣員林市惠來里光明街163號,04-8369578,healthforkids
1537010219,成美醫院,兒童發展篩檢院所,彰化縣,彰化市,彰化縣彰化市三民路56號,04-7273127,healthforkids;sfaa
3537030151,曾思遠診所,兒童發展篩檢院所,彰化縣,和美鎮,彰化縣和美鎮和線路85號,04-7555423,healthforkids
x:彰化縣:林明燦小兒科診所,林明燦小兒科診所,兒童發展篩檢院所,彰化縣,彰化市,彰化縣彰化市民權路243號,04-7223526,healthforkids
5935051867,楊博堯診所,兒童發展篩檢院所,彰化縣,員林市,彰化縣員林市中正路165號,04-8361062,healthforkids
x:彰化縣:王鏜焜小兒科診所,王鏜焜小兒科診所,兒童發展篩檢院所,彰化縣,溪湖鎮,彰化縣溪湖鎮西環路246號,04-8825835,healthforkids
1537051274,皓生醫院,兒童發展篩檢院所,彰化縣,員林市,彰化縣員林市萬年路三段133號,04-8379560,healthforkids
3537011085,盧正欽小兒科診所,兒童發展篩檢院所,彰化縣,彰化市,彰化縣彰化市三民路78號,04-7235358,healthforkids
x:彰化縣:祐安小兒科診所,祐安小兒科診所,兒童發展篩檢院所,彰化縣,鹿港鎮,彰化縣鹿港鎮三民路125號,04-7755602,healthforkids
x:彰化縣:簡志彰小兒科診所,簡志彰小兒科診所,兒童發展篩檢院所,彰化縣,溪湖鎮,彰化縣溪湖鎮東寮里育才街67號,04-8856472,healthforkids
3537221143,綜祐診所,兒童發展篩檢院所,彰化縣,埤頭鄉,彰化縣埤頭鄉合興村彰水路三段494號,04-8911911,healthforkids
x:彰化縣:群祐小兒科診所,群祐小兒科診所,兒童發展篩檢院所,彰化縣,彰化市,彰化縣彰化市新興里彰新路一段79號,04-7330679,healthforkids
x:彰化縣:育安聯合診所,育安聯合診所,兒童發展篩檢院所,彰化縣,二林鎮,彰化縣二林鎮斗苑路四段702號,04-8953358,healthforkids
x:彰化縣:育英診所,育英診所,兒童發展篩檢院所,彰化縣,員林市,彰化縣員林市育英路37之12號,04-8331458,healthforkids
x:彰化縣:芳生診所,芳生診所,兒童發展篩檢院所,彰化縣,伸港鄉,彰化縣伸港鄉新港路161號,04-7987597,healthforkids
x:彰化縣:莊永熙診所,莊永熙診所,兒童發展篩檢院所,彰化縣,彰化市,彰化縣彰化市民族路493號,04-7240805,healthforkids
x:彰化縣:蕭國隆小兒科診所,蕭國隆小兒科診所,兒童發展篩檢院所,彰化縣,和美鎮,彰化縣和美鎮和東里彰美路五段255號,04-7553021,healthforkids
x:彰化縣:許立德小兒科診所,許立德小兒科診所,兒童發展篩檢院所,彰化縣,溪湖鎮,彰化縣溪湖鎮培英路42號,04-8856518,healthforkids
x:彰化縣:謝慧瑛小兒科診所〈順泰聯合診所〉,謝慧瑛小兒科診所〈順泰聯合診所〉,兒童發展篩檢院所,彰化縣,鹿港鎮,彰化縣鹿港鎮民權路57號,04-7769955,healthforkids
x:彰化縣:謝政洪小兒科診所,謝政洪小兒科診所,兒童發展篩檢院所,彰化縣,鹿港鎮,彰化縣鹿港鎮泰興里復興路89號,04-7743388,healthforkids
x:彰化縣:謝銘森小兒科診所,謝銘森小兒科診所,兒童發展篩檢院所,彰化縣,彰化市,彰化縣彰化市彰南路一段97號,04-7371997,healthforkids
3537040148,邱錫熊診所,兒童發展篩檢院所,彰化縣,北斗鎮,彰化縣北斗鎮光復路141號,04-8871239,healthforkids
x:彰化縣:鄭明宗小兒科診所,鄭明宗小兒科診所,兒童發展篩檢院所,彰化縣,彰化市,彰化縣彰化市中正路二段640號,04-7231726,healthforkids
x:彰化縣:長頸鹿小兒科診所,長頸鹿小兒科診所,兒童發展篩檢院所,彰化縣,員林市,彰化縣員林市浮圳路二段370號,04-8392039,healthforkids
x:彰化縣:陳奇男診所,陳奇男診所,兒童發展篩檢院所,彰化縣,彰化市,彰化縣彰化市三民路217號,04-7286671,healthforkids
x:彰化縣:陳宏志小兒科診所,陳宏志小兒科診所,兒童發展篩檢院所,彰化縣,田中鎮,彰化縣田中鎮新福路53巷10號,04-8740330,healthforkids
x:彰化縣:陳立凱小兒科診所,陳立凱小兒科診所,兒童發展篩檢院所,彰化縣,二林鎮,彰化縣二林鎮大成路一段135號,04-8956130,healthforkids
x:彰化縣:陳錫鎰小兒科診所,陳錫鎰小兒科診所,兒童發展篩檢院所,彰化縣,彰化市,彰化縣彰化市民生南路76之1號,04-7259592,healthforkids
3537011745,陽光小兒科診所,兒童發展篩檢院所,彰化縣,彰化市,彰化縣彰化市彰南路二段219號,04-7320210,healthforkids
1537010237,順安醫院,兒童發展篩檢院所,彰化縣,彰化市,彰化縣彰化市永福里光復路53號,04-7229889,healthforkids
x:新北市:三芝彭小兒科診所,三芝彭小兒科診所,兒童發展篩檢院所,新北市,三芝區,新北市三芝區埔頭里中山路一段59號,02-26369622,healthforkids
x:新北市:仁新小兒科診所,仁新小兒科診所,兒童發展篩檢院所,新北市,三重區,新北市三重區仁愛街735號,02-28574762,healthforkids
3531035358,仁翔診所,兒童發展篩檢院所,新北市,永和區,新北市永和區得和路245號,02-22313118,healthforkids
353101B072,佑幼小兒科診所,兒童發展篩檢院所,新北市,板橋區,新北市板橋區文化路二段57號,02-22526199,healthforkids
x:新北市:佑恩小兒科診所,佑恩小兒科診所,兒童發展篩檢院所,新北市,板橋區,新北市板橋區國光路176號,02-29658386,healthforkids
3531045265,余泰昌小兒科診所,兒童發展篩檢院所,新北市,中和區,新北市中和區宜安路134之１號,02-29230336,healthforkids
x:新北市:佳新小兒科診所,佳新小兒科診所,兒童發展篩檢院所,新北市,中和區,新北市中和區大勇街23號,02-29418101,healthforkids
5931161719,佳欣診所,兒童發展篩檢院所,新北市,泰山區,新北市泰山區明志路二段77號,02-29048622,healthforkids
x:新北市:兒林小兒科診所,兒林小兒科診所,兒童發展篩檢院所,新北市,板橋區,新北市板橋區廣和街90號及92號,02-89523069,healthforkids
3531143444,兒樂吉診所,兒童發展篩檢院所,新北市,蘆洲區,新北市蘆洲區民族路267號,02-22812787,healthforkids
x:新北市:劉小冰兒科診所,劉小冰兒科診所,兒童發展篩檢院所,新北市,淡水區,新北市淡水區北新路175號,02-26296982,healthforkids
3531092068,北大小兒科診所,兒童發展篩檢院所,新北市,三峽區,新北市三峽區大學路87號,02-26718080,healthforkids
3531105011,卓訓德診所,兒童發展篩檢院所,新北市,淡水區,新北市淡水區新市一路三段36號,02-26202022,healthforkids
5931133126,吉康小兒科診所,兒童發展篩檢院所,新北市,土城區,新北市土城區學府路一段188號,02-22706596,healthforkids
3531113302,吳婦產科診所,兒童發展篩檢院所,新北市,汐止區,新北市汐止區大同路二段171號,02-86926399,healthforkids
x:新北市:吳宏誠小兒科診所,吳宏誠小兒科診所,兒童發展篩檢院所,新北市,板橋區,新北市板橋區莊敬路156號,02-22502422,healthforkids
x:新北市:吳建明小兒科診所,吳建明小兒科診所,兒童發展篩檢院所,新北市,板橋區,新北市板橋區四川路二段245巷46號,02-89670670,healthforkids
x:新北市:吳懿蒼小兒科診所,吳懿蒼小兒科診所,兒童發展篩檢院所,新北市,板橋區,新北市板橋區國光路43號,02-22728269,healthforkids
x:新北市:呈恩診所,呈恩診所,兒童發展篩檢院所,新北市,新店區,新北市新店區安和路三段85號,02-86662207,healthforkids
3531046548,周一珊診所,兒童發展篩檢院所,新北市,中和區,新北市中和區宜安路162號,02-29266969,healthforkids
3501154260,唐小兒科診所,兒童發展篩檢院所,新北市,永和區,新北市永和區中正路436號,02-29296170,healthforkids
x:新北市:啟安婦產科家庭醫學科診所,啟安婦產科家庭醫學科診所,兒童發展篩檢院所,新北市,蘆洲區,新北市蘆洲區中山二路111號,02-22826085,healthforkids
x:新北市:土城診所,土城診所,兒童發展篩檢院所,新北市,土城區,新北市土城區中央路二段177巷22號,02-22603307,healthforkids
x:新北市:坤暉小兒專科診所,坤暉小兒專科診所,兒童發展篩檢院所,新北市,中和區,新北市中和區中山路三段94號,02-22269381,healthforkids
3531046637,坤暉診所,兒童發展篩檢院所,新北市,中和區,新北市中和區中山路三段94號,02-22269381,healthforkids
3531133153,城林小兒科診所,兒童發展篩檢院所,新北市,土城區,新北市土城區中央路二段312號,02-22706166,healthforkids
3542020630,天佑診所,兒童發展篩檢院所,新北市,新莊區,新北市新莊區幸福路670巷2弄21號,02-29924069,healthforkids
3531133706,奕馨親子診所,兒童發展篩檢院所,新北市,土城區,新北市土城區中央路二段61巷32號,02-22700856,healthforkids
3531067083,威力親子診所,兒童發展篩檢院所,新北市,新莊區,新北市新莊區福德一街116號,02-85216244,healthforkids
3531045158,安平家診所,兒童發展篩檢院所,新北市,中和區,新北市中和區安平路89號,02-29461010,healthforkids
x:新北市:宏元小兒科診所,宏元小兒科診所,兒童發展篩檢院所,新北市,板橋區,新北市板橋區仁化街1號,02-82583603,healthforkids
3531142705,宥宥婦幼診所,兒童發展篩檢院所,新北市,蘆洲區,新北市蘆洲區長榮路58號,02-82839090,healthforkids
x:新北市:宥宥小兒科診所,宥宥小兒科診所,兒童發展篩檢院所,新北市,蘆洲區,新北市蘆洲區長榮路175號,02-22898555,healthforkids
3531045069,尚安診所,兒童發展篩檢院所,新北市,中和區,新北市中和區莒光路154號,02-29571200,healthforkids
3531066166,巧兒親子診所,兒童發展篩檢院所,新北市,新莊區,新北市新莊區建中街92號,02-22779263,healthforkids
3531113517,幸湖診所,兒童發展篩檢院所,新北市,汐止區,新北市汐止區湖前街27號,02-26925222,healthforkids
3531067109,幸福小兒科診所,兒童發展篩檢院所,新北市,新莊區,新北市新莊區幸福路729號,02-29919474,healthforkids
3531133813,康城診所,兒童發展篩檢院所,新北市,土城區,新北市土城區中正路152號,02-82732660,healthforkids
3531044615,廣祥診所,兒童發展篩檢院所,新北市,中和區,新北市中和區興南路二段29號,02-86683090,healthforkids
3531110623,弘人小兒科診所,兒童發展篩檢院所,新北市,汐止區,新北市汐止區福德二路152號,02-26932439,healthforkids
3531017298,張博揚小兒科診所,兒童發展篩檢院所,新北市,板橋區,新北市板橋區仁化街85號,02-22583867,healthforkids
x:新北市:徐小兒科診所,徐小兒科診所,兒童發展篩檢院所,新北市,板橋區,新北市板橋區陽明街46之2號,02-22500890,healthforkids
x:新北市:御生婦幼診所,御生婦幼診所,兒童發展篩檢院所,新北市,永和區,新北市永和區中山路一段277號,02-29231818,healthforkids;sfaa
x:新北市:德祐小兒科診所,德祐小兒科診所,兒童發展篩檢院所,新北市,汐止區,新北市汐止區福德一路117之1號,02-26945180,healthforkids
x:新北市:快樂小兒科診所,快樂小兒科診所,兒童發展篩檢院所,新北市,中和區,新北市中和區景安路215號,02-89432999,healthforkids
3531066264,思賢診所,兒童發展篩檢院所,新北市,新莊區,新北市新莊區自立街200號,02-29923806,healthforkids
3531081538,怡兒診所,兒童發展篩檢院所,新北市,鶯歌區,新北市鶯歌區建國路173號,02-26707200,healthforkids
x:新北市:恩典復健家醫科診所,恩典復健家醫科診所,兒童發展篩檢院所,新北市,板橋區,新北市板橋區文化路二段155號,02-22551661,healthforkids
1531131157,恩樺醫院,兒童發展篩檢院所,新北市,土城區,新北市土城區中央路一段7之18號,02-22639955,healthforkids;sfaa
3531091963,悅兒診所,兒童發展篩檢院所,新北市,三峽區,新北市三峽區龍學里學成路329之1號,02-86741615,healthforkids
x:新北市:惠心婦幼診所,惠心婦幼診所,兒童發展篩檢院所,新北市,三重區,新北市三重區重陽路一段128號,02-29810568,healthforkids;sfaa
3531026304,惠心婦產科小兒科診所,兒童發展篩檢院所,新北市,三重區,新北市三重區成功路173號,02-29781998,healthforkids
3531072440,惠生保安婦幼診所,兒童發展篩檢院所,新北市,樹林區,新北市樹林區保安街一段190號,02-86875678,healthforkids;sfaa
3531144165,愛林鑫北診所,兒童發展篩檢院所,新北市,蘆洲區,新北市蘆洲區長榮路75號,02-22883277,healthforkids
3531143766,愛樂親子診所,兒童發展篩檢院所,新北市,蘆洲區,新北市蘆洲區長樂路168號,02-22832288,healthforkids
x:新北市:懷安小兒科診所,懷安小兒科診所,兒童發展篩檢院所,新北市,泰山區,新北市泰山區明志路二段344號,02-29086767,healthforkids
3531072225,承恩診所,兒童發展篩檢院所,新北市,樹林區,新北市樹林區學勤路597號,02-89705297,healthforkids
x:新北市:文玉小兒科診所,文玉小兒科診所,兒童發展篩檢院所,新北市,新店區,新北市新店區建國路70號,02-29104898,healthforkids
2331090014,新北市三峽區衛生所,兒童發展篩檢院所,新北市,三峽區,新北市三峽區光明路71號,02-26711592,healthforkids
2331210016,新北市三芝區衛生所,兒童發展篩檢院所,新北市,三芝區,新北市三芝區中山路一段12號,02-26362007,healthforkids
2331020012,新北市三重區衛生所,兒童發展篩檢院所,新北市,三重區,新北市三重區新北大道一段1號,02-29825233,healthforkids
2331040014,新北市中和區衛生所,兒童發展篩檢院所,新北市,中和區,新北市中和區南山路4巷3號,02-22491936,healthforkids
2331150015,新北市五股區衛生所,兒童發展篩檢院所,新北市,五股區,新北市五股區新城三路11號,02-22917717,healthforkids
2331230018,新北市八里區衛生所,兒童發展篩檢院所,新北市,八里區,新北市八里區舊城路16號,02-26102137,healthforkids
x:新北市:新北市土城區衛生所,新北市土城區衛生所,兒童發展篩檢院所,新北市,土城區,新北市土城區和平路26號,02-22603181,healthforkids
2331200010,新北市坪林區衛生所,兒童發展篩檢院所,新北市,坪林區,新北市坪林區坪林街104號,02-26656272,healthforkids
2331240014,新北市平溪區衛生所,兒童發展篩檢院所,新北市,平溪區,新北市平溪區公園街17號,02-24951015,healthforkids
x:新北市:新北市新店區衛生所,新北市新店區衛生所,兒童發展篩檢院所,新北市,新店區,新北市新店區北新路一段86號,02-29113984,healthforkids
2331060016,新北市新莊區衛生所,兒童發展篩檢院所,新北市,新莊區,新北市新莊區中華路一段2號,02-29967123,healthforkids
2331010016,新北市板橋區衛生所,兒童發展篩檢院所,新北市,板橋區,新北市板橋區英士路192號,02-22586606,healthforkids
2331170017,新北市林口區衛生所,兒童發展篩檢院所,新北市,林口區,新北市林口區忠孝二路55號,02-26068760,healthforkids
2331070012,新北市樹林區衛生所,兒童發展篩檢院所,新北市,樹林區,新北市樹林區樹新路40之7號,02-26812134,healthforkids
2331030018,新北市永和區衛生所,兒童發展篩檢院所,新北市,永和區,新北市永和區秀朗路一段137號,02-32332780,healthforkids
2331110011,新北市汐止區衛生所,兒童發展篩檢院所,新北市,汐止區,新北市汐止區新臺五路一段266號,02-26412030,healthforkids
2331160011,新北市泰山區衛生所,兒童發展篩檢院所,新北市,泰山區,新北市泰山區全興路212號,02-22962858,healthforkids
2331100015,新北市淡水區衛生所,兒童發展篩檢院所,新北市,淡水區,新北市淡水區中山路158號,02-26215620,healthforkids
2331180013,新北市深坑區衛生所,兒童發展篩檢院所,新北市,深坑區,新北市深坑區深坑街165號,02-26621567,healthforkids
2331290014,新北市烏來區衛生所,兒童發展篩檢院所,新北市,烏來區,新北市烏來區新烏路五段109號,02-26617200,healthforkids
2331120017,新北市瑞芳區衛生所,兒童發展篩檢院所,新北市,瑞芳區,新北市瑞芳區明燈路三段1號,02-24972132,healthforkids
2331190019,新北市石碇區衛生所,兒童發展篩檢院所,新北市,石碇區,新北市石碇區潭邊里碇坪路一段82號,02-26631325,healthforkids
2331220012,新北市石門區衛生所,兒童發展篩檢院所,新北市,石門區,新北市石門區中山路28之1號,02-26381007,healthforkids
QY31280014,新北市萬里區衛生所,兒童發展篩檢院所,新北市,萬里區,新北市萬里區瑪鋉路157號,02-24921117,healthforkids
2331140019,新北市蘆洲區衛生所,兒童發展篩檢院所,新北市,蘆洲區,新北市蘆洲區中央路58號,02-22812011,healthforkids
2331260016,新北市貢寮區衛生所,兒童發展篩檢院所,新北市,貢寮區,新北市貢寮區仁愛路128號,02-24901431,healthforkids
x:新北市:新北市金山區衛生所,新北市金山區衛生所,兒童發展篩檢院所,新北市,金山區,新北市金山區民生路59號,02-24984807,healthforkids
2331250010,新北市雙溪區衛生所,兒童發展篩檢院所,新北市,雙溪區,新北市雙溪區新基南街18號,02-24931211,healthforkids
2331080018,新北市鶯歌區衛生所,兒童發展篩檢院所,新北市,鶯歌區,新北市鶯歌區文化路389號,02-26702304,healthforkids
3531067609,新原診所,兒童發展篩檢院所,新北市,新莊區,新北市新莊區中原路343號,02-29920332,healthforkids
x:新北市:新莊惠欣婦產科小兒科診所,新莊惠欣婦產科小兒科診所,兒童發展篩檢院所,新北市,新莊區,新北市新莊區建中街72之1號,02-29902299,healthforkids
3531034959,旭恩小兒科診所,兒童發展篩檢院所,新北市,永和區,新北市永和區中山路一段172號,02-29220217,healthforkids
3531092102,星龍耳鼻喉科診所,兒童發展篩檢院所,新北市,三峽區,新北市三峽區國際一街5號,02-26711676,healthforkids
3531064457,春詠診所,兒童發展篩檢院所,新北市,新莊區,新北市新莊區龍安路278巷2號,02-22033355,healthforkids
x:新北市:曜生婦產科診所,曜生婦產科診所,兒童發展篩檢院所,新北市,新莊區,新北市新莊區中正路243號,02-22763535,healthforkids;sfaa
3531142947,本一診所,兒童發展篩檢院所,新北市,蘆洲區,新北市蘆洲區長榮路43之1號,02-22836622,healthforkids
3531143033,杏東診所,兒童發展篩檢院所,新北市,蘆洲區,新北市蘆洲區中正路9號,02-22816090,healthforkids
3531172070,杏蒔診所,兒童發展篩檢院所,新北市,林口區,新北市林口區三民路96號,02-26081196,healthforkids
x:新北市:東和婦產科家庭醫學科診所,東和婦產科家庭醫學科診所,兒童發展篩檢院所,新北市,三重區,新北市三重區三和路二段97號,02-29729627,healthforkids;sfaa
3531172347,林口樂誠診所,兒童發展篩檢院所,新北市,林口區,新北市林口區三民路182號,02-26003282,healthforkids
3531015383,林子敬診所,兒童發展篩檢院所,新北市,板橋區,新北市板橋區中山路二段198號,02-29591986,healthforkids
3531151811,林筱琪診所,兒童發展篩檢院所,新北市,五股區,新北市五股區新城六路180號,02-22953202,healthforkids
3531066291,果仁小兒科診所,兒童發展篩檢院所,新北市,新莊區,新北市新莊區中原路146號,02-85225828,healthforkids
3531072771,柚子小兒科診所,兒童發展篩檢院所,新北市,樹林區,新北市樹林區學府路362號,02-26803203,healthforkids
x:新北市:柯盈賢小兒科診所,柯盈賢小兒科診所,兒童發展篩檢院所,新北市,樹林區,新北市樹林區樹新路41號,02-26869185,healthforkids
x:新北市:榜生婦產科診所,榜生婦產科診所,兒童發展篩檢院所,新北市,新莊區,新北市新莊區龍安路339號,02-22034692,healthforkids;sfaa
x:新北市:樂寶兒婦幼診所,樂寶兒婦幼診所,兒童發展篩檢院所,新北市,新莊區,新北市新莊區中正路82之1號,02-29901122,healthforkids;sfaa
3531072575,樹林金鶯診所,兒童發展篩檢院所,新北市,樹林區,新北市樹林區中華路124號,02-86850096,healthforkids
x:新北市:永佳婦產專科診所,永佳婦產專科診所,兒童發展篩檢院所,新北市,土城區,新北市土城區金城路二段250號,02-22631188,healthforkids;sfaa
x:新北市:永愛診所,永愛診所,兒童發展篩檢院所,新北市,永和區,新北市永和區永平路282之1號,02-29258680,healthforkids
3531161684,永旭診所,兒童發展篩檢院所,新北市,泰山區,新北市泰山區仁愛路88號,02-22979722,healthforkids
x:新北市:永澄診所,永澄診所,兒童發展篩檢院所,新北市,三峽區,新北市三峽區光明路20號,02-26732674,healthforkids
353101A931,沐林親子診所,兒童發展篩檢院所,新北市,板橋區,新北市板橋區文化路二段18號,02-22597929,healthforkids
3531067092,波力診所,兒童發展篩檢院所,新北市,新莊區,新北市新莊區富國路39號,02-29088985,healthforkids
3531161648,泰安診所,兒童發展篩檢院所,新北市,泰山區,新北市泰山區泰林路二段182號,02-22961869,healthforkids
x:新北市:洪小兒科診所,洪小兒科診所,兒童發展篩檢院所,新北市,三重區,新北市三重區三民街243號,02-29823852,healthforkids
3531112725,洪振凱診所,兒童發展篩檢院所,新北市,汐止區,新北市汐止區樟樹一路136號,02-26918877,healthforkids
x:新北市:洪正祝小兒科診所,洪正祝小兒科診所,兒童發展篩檢院所,新北市,土城區,新北市土城區延和路112號,02-82611080,healthforkids
x:新北市:洪碩壎小兒科診所,洪碩壎小兒科診所,兒童發展篩檢院所,新北市,永和區,新北市永和區中正路157號,02-29461171,healthforkids
x:新北市:湯瑪士親子兒科診所,湯瑪士親子兒科診所,兒童發展篩檢院所,新北市,蘆洲區,新北市蘆洲區民族路377號,02-22885523,healthforkids
x:新北市:溫大慶小兒科診所,溫大慶小兒科診所,兒童發展篩檢院所,新北市,板橋區,新北市板橋區新海路386號,02-22582330,healthforkids
x:新北市:熊明旺耳鼻喉科診所,熊明旺耳鼻喉科診所,兒童發展篩檢院所,新北市,板橋區,新北市板橋區中山路二段84之2號,02-89525545,healthforkids
x:新北市:燿星小兒科診所,燿星小兒科診所,兒童發展篩檢院所,新北市,板橋區,新北市板橋區實踐路113號,02-29522377,healthforkids
3531161595,王嘉興診所,兒童發展篩檢院所,新北市,泰山區,新北市泰山區明志路一段271號,02-85314123,healthforkids
x:新北市:王杰凱小兒科診所,王杰凱小兒科診所,兒童發展篩檢院所,新北市,永和區,新北市永和區得和路275號,02-29297717,healthforkids
9442150011,王林小兒科診所,兒童發展篩檢院所,新北市,板橋區,新北市板橋區忠孝路20號,02-29584966,healthforkids
x:新北市:王英傑小兒科診所,王英傑小兒科診所,兒童發展篩檢院所,新北市,永和區,新北市永和區中山路一段158號,02-29279600,healthforkids
3531035367,真愛診所,兒童發展篩檢院所,新北市,永和區,新北市永和區永貞路81之1號,02-29226072,healthforkids
3531053730,碧潭診所,兒童發展篩檢院所,新北市,新店區,新北市新店區北新路一段21號,02-29116698,healthforkids
3537011683,祐幼小兒科診所,兒童發展篩檢院所,新北市,新莊區,新北市新莊區民安西路21號,02-22030993,healthforkids
3531067467,禾欣診所,兒童發展篩檢院所,新北市,新莊區,新北市新莊區復興路一段91號,02-89911091,healthforkids
x:新北市:羅文亮小兒科診所,羅文亮小兒科診所,兒童發展篩檢院所,新北市,土城區,新北市土城區裕民路144號,02-82623060,healthforkids
x:新北市:羅林小兒科診所,羅林小兒科診所,兒童發展篩檢院所,新北市,土城區,新北市土城區裕民路83號,02-82733026,healthforkids
3531021363,翁華宗小兒科診所,兒童發展篩檢院所,新北市,三重區,新北市三重區正義北路324號,02-29879872,healthforkids
3531027114,翔安診所,兒童發展篩檢院所,新北市,三重區,新北市三重區重陽路三段5巷28號,02-29849603,healthforkids
x:新北市:翰霖耳鼻喉科診所,翰霖耳鼻喉科診所,兒童發展篩檢院所,新北市,中和區,新北市中和區景安路202號,2-2462238,healthforkids
3531053641,聖康診所,兒童發展篩檢院所,新北市,新店區,新北市新店區北新路三段104號,02-86655858,healthforkids
3531053150,聖新診所,兒童發展篩檢院所,新北市,新店區,新北市新店區寶橋路4號,02-29131415,healthforkids
x:新北市:育慶小兒科診所,育慶小兒科診所,兒童發展篩檢院所,新北市,新莊區,新北市新莊區民安西路195之1號,02-82016758,healthforkids
3531026564,艾樂堡診所,兒童發展篩檢院所,新北市,三重區,新北市三重區集賢路63之1號,02-82875777,healthforkids
3531133975,莊園親子診所,兒童發展篩檢院所,新北市,土城區,新北市土城區莊園街248號,02-22626088,healthforkids
3531072422,莊豐如診所,兒童發展篩檢院所,新北市,樹林區,新北市樹林區復興路18號,02-26830108,healthforkids
x:新北市:菡生婦幼診所,菡生婦幼診所,兒童發展篩檢院所,新北市,板橋區,新北市板橋區中山路一段104號,02-29518999,healthforkids
x:新北市:蔡永福小兒科診所,蔡永福小兒科診所,兒童發展篩檢院所,新北市,土城區,新北市土城區金城路三段176之1號,02-22669887,healthforkids
1531041363,蕙生醫院,兒童發展篩檢院所,新北市,中和區,新北市中和區中山路二段551號,02-22236339,healthforkids
3531018991,蕭正輝兒科診所,兒童發展篩檢院所,新北市,板橋區,新北市板橋區文化路二段137號,02-22501101,healthforkids
3531142894,許修平診所,兒童發展篩檢院所,新北市,蘆洲區,新北市蘆洲區長安街290號,02-22881202,healthforkids
3531092031,詹小兒科診所,兒童發展篩檢院所,新北市,三峽區,新北市三峽區中華路13之6號,02-26742308,healthforkids
x:新北市:謝明宏小兒科診所,謝明宏小兒科診所,兒童發展篩檢院所,新北市,三重區,新北市三重區中華路43號,02-29816425,healthforkids
x:新北市:謝璧光小兒科診所,謝璧光小兒科診所,兒童發展篩檢院所,新北市,永和區,新北市永和區竹林路81號,02-89262388,healthforkids
353101A164,豐禾婦產科診所,兒童發展篩檢院所,新北市,板橋區,新北市板橋區中山路一段279號,02-89516666,healthforkids
353101A799,遠興婦產科診所,兒童發展篩檢院所,新北市,板橋區,新北市板橋區中山路一段91號,02-89510099,healthforkids;sfaa
3531026939,采新婦幼診所,兒童發展篩檢院所,新北市,三重區,新北市三重區正義北路86號,02-89853888,healthforkids;sfaa
x:新北市:金港齡小兒科診所,金港齡小兒科診所,兒童發展篩檢院所,新北市,三重區,新北市三重區仁愛街302號,02-29802412,healthforkids
x:新北市:陳世芳診所,陳世芳診所,兒童發展篩檢院所,新北市,淡水區,新北市淡水區重建街198號,02-26227467,healthforkids
3531067396,陳宏達親子診所,兒童發展篩檢院所,新北市,新莊區,新北市新莊區昌隆街5號,02-29947778,healthforkids
x:新北市:陳恩哲小兒科診所,陳恩哲小兒科診所,兒童發展篩檢院所,新北市,板橋區,新北市板橋區文化路一段216號,02-22567200,healthforkids
x:新北市:陳榮泰小兒科診所,陳榮泰小兒科診所,兒童發展篩檢院所,新北市,板橋區,新北市板橋區金門街311號,02-26820560,healthforkids
x:新北市:陳正忠小兒科診所,陳正忠小兒科診所,兒童發展篩檢院所,新北市,板橋區,新北市板橋區府中路143號,02-29685489,healthforkids
5931111835,雙雙小兒科診所,兒童發展篩檢院所,新北市,汐止區,新北市汐止區明峰街143號,02-26955777,healthforkids
x:新北市:雷世陽婦產科診所,雷世陽婦產科診所,兒童發展篩檢院所,新北市,板橋區,新北市板橋區三民路二段110號,02-89535508,healthforkids
3531113017,馨生婦產科小兒科診所,兒童發展篩檢院所,新北市,汐止區,新北市汐止區福德二路215號,02-26927666,healthforkids
x:新北市:馮泰龍小兒科診所,馮泰龍小兒科診所,兒童發展篩檢院所,新北市,中和區,新北市中和區南華路21號,02-82421606,healthforkids
x:新北市:鴻恩診所,鴻恩診所,兒童發展篩檢院所,新北市,淡水區,新北市淡水區民族路50巷1號,02-28082277,healthforkids
3531012024,黃世鑫診所,兒童發展篩檢院所,新北市,板橋區,新北市板橋區四川路一段143號,02-29536051,healthforkids
x:新北市:黃基家小兒科診所,黃基家小兒科診所,兒童發展篩檢院所,新北市,中和區,新北市中和區景平路485號,02-22485433,healthforkids
3531171439,黃紹基診所,兒童發展篩檢院所,新北市,林口區,新北市林口區民有街156號,02-26005385,healthforkids
x:新竹市:劉復國診所,劉復國診所,兒童發展篩檢院所,新竹市,北區,新竹市北區中山路48號,03-5210085,healthforkids
3512011034,吳廷臣診所,兒童發展篩檢院所,新竹市,東區,新竹市東區中央路176號,03-5346677,healthforkids
x:新竹市:城佑耳鼻喉科診所,城佑耳鼻喉科診所,兒童發展篩檢院所,新竹市,東區,新竹市東區建中路59號,03-5748329,healthforkids
x:新竹市:宏偉婦幼診所,宏偉婦幼診所,兒童發展篩檢院所,新竹市,東區,新竹市東區中央路258號,03-5330733,healthforkids
3512014124,小森林兒科診所,兒童發展篩檢院所,新竹市,東區,新竹市東區慈濟路3號,03-5670033,healthforkids
x:新竹市:小行星親子診所,小行星親子診所,兒童發展篩檢院所,新竹市,東區,新竹市東區三民里民族路60號,03-5320520,healthforkids
3512014222,康田親子診所,兒童發展篩檢院所,新竹市,東區,新竹市東區龍山里龍山東路208號,08-7932474,healthforkids
x:新竹市:廖明厚小兒科診所,廖明厚小兒科診所,兒童發展篩檢院所,新竹市,東區,新竹市東區民族路130號,03-5316665,healthforkids
3531054620,張錚小兒科診所,兒童發展篩檢院所,新竹市,北區,新竹市北區中正路317號,03-5337928,healthforkids
3512014259,徐健倫親子診所,兒童發展篩檢院所,新竹市,東區,新竹市東區立鵬路85號,03-6663155,healthforkids
3507280072,昇安診所,兒童發展篩檢院所,新竹市,東區,新竹市東區龍山里龍山東路1號,03-6662783,healthforkids
3512014133,晨心兒科診所,兒童發展篩檢院所,新竹市,東區,新竹市東區錦華里中央路163號,03-5322066,healthforkids
3512014482,有家親子診所,兒童發展篩檢院所,新竹市,東區,新竹市東區建美路17號,03-5710021,healthforkids
3512042600,林敬堯親子診所,兒童發展篩檢院所,新竹市,北區,新竹市北區湳雅街120號,03-5350123,healthforkids
3512011070,石銘煌診所,兒童發展篩檢院所,新竹市,東區,新竹市東區東門街138號,03-5277332,healthforkids
x:新竹市:簡小兒科內科診所,簡小兒科內科診所,兒童發展篩檢院所,新竹市,東區,新竹市東區西大路364號,03-5223963,healthforkids
x:新竹市:簡志澔小兒科診所,簡志澔小兒科診所,兒童發展篩檢院所,新竹市,北區,新竹市北區延平路一段165號,03-5223855,healthforkids
x:新竹市:葉佳全小兒科診所,葉佳全小兒科診所,兒童發展篩檢院所,新竹市,東區,新竹市東區民權路199號,03-5321977,healthforkids
x:新竹市:蘇育賢小兒科診所,蘇育賢小兒科診所,兒童發展篩檢院所,新竹市,東區,新竹市東區文昌街109號,03-5212911,healthforkids
3512014535,謝德貴兒童診所,兒童發展篩檢院所,新竹市,東區,新竹市東區光復路一段360之2號,03-6686666,healthforkids
3512011187,謝碧祥診所,兒童發展篩檢院所,新竹市,東區,新竹市東區光復路二段254號,03-5725099,healthforkids
3512013225,賴閔宦小兒科診所,兒童發展篩檢院所,新竹市,東區,新竹市東區南大路387之1號,03-5611238,healthforkids
x:新竹市:趙永康小兒科診所,趙永康小兒科診所,兒童發展篩檢院所,新竹市,東區,新竹市東區北大路72號,03-5313931,healthforkids
x:新竹市:陳君毅小兒科診所,陳君毅小兒科診所,兒童發展篩檢院所,新竹市,北區,新竹市北區西大路738號,03-5345705,healthforkids
3512042520,陳志成耳鼻喉科診所,兒童發展篩檢院所,新竹市,北區,新竹市北區西大硌619號,03-5258626,healthforkids
3533051930,健祥小兒科診所,兒童發展篩檢院所,新竹縣,竹北市,新竹縣竹北市莊敬五街6號,03-5508198,healthforkids
3533051547,傅仁良小兒科診所,兒童發展篩檢院所,新竹縣,竹北市,新竹縣竹北市博愛街172號,03-5530106,healthforkids
3533051627,劉信志診所,兒童發展篩檢院所,新竹縣,竹北市,新竹縣竹北市光明一路242號,03-5586518,healthforkids
x:新竹縣:吳家仁小兒科診所,吳家仁小兒科診所,兒童發展篩檢院所,新竹縣,新豐鄉,新竹縣新豐鄉新興路245號,03-5575302,healthforkids
3533052811,哈哈親子小兒科診所,兒童發展篩檢院所,新竹縣,竹北市,新竹縣竹北市科大一路30號,03-6570590,healthforkids
3533053256,嘉豐小森林兒科診所,兒童發展篩檢院所,新竹縣,竹北市,新竹縣竹北市嘉豐南路一段149號,03-5506670,healthforkids
1133060019,天主教仁慈醫療財團法人仁慈醫院,兒童發展篩檢院所,新竹縣,湖口鄉,新竹縣湖口鄉忠孝路29號,03-5993500,healthforkids;sfaa
3533061669,天主教聖母診所,兒童發展篩檢院所,新竹縣,湖口鄉,新竹縣湖口鄉忠孝路25號,03-6992180,healthforkids
x:新竹縣:崇光小兒專科診所,崇光小兒專科診所,兒童發展篩檢院所,新竹縣,竹東鎮,新竹縣竹東鎮長春路三段188號,03-5959878,healthforkids
x:新竹縣:張嘉榮診所,張嘉榮診所,兒童發展篩檢院所,新竹縣,竹北市,新竹縣竹北市光明一路392之1號,03-5586859,healthforkids
x:新竹縣:張國珍小兒科診所,張國珍小兒科診所,兒童發展篩檢院所,新竹縣,竹東鎮,新竹縣竹東鎮北興路二段99號,03-5111352,healthforkids
3532041832,德安聯合診所,兒童發展篩檢院所,新竹縣,竹東鎮,新竹縣竹東鎮長春路二段123號,03-5947345,healthforkids
2333140017,新竹縣五峰鄉衛生所,兒童發展篩檢院所,新竹縣,五峰鄉,新竹縣五峰鄉大隘村6鄰99號,03-5851005,healthforkids
2333110019,新竹縣北埔鄉衛生所,兒童發展篩檢院所,新竹縣,北埔鄉,新竹縣北埔鄉北埔街90號,03-5801677,healthforkids
2333100013,新竹縣寶山鄉衛生所,兒童發展篩檢院所,新竹縣,寶山鄉,新竹縣寶山鄉雙溪村7鄰雙園路二段273號,03-5207694,healthforkids
2333120015,新竹縣峨眉鄉衛生所,兒童發展篩檢院所,新竹縣,峨眉鄉,新竹縣峨眉鄉峨眉街2鄰5號,03-5800314,healthforkids
2333020010,新竹縣新埔鎮衛生所,兒童發展篩檢院所,新竹縣,新埔鎮,新竹縣新埔鎮福德街535號,03-5882017,healthforkids
2333080016,新竹縣新豐鄉衛生所,兒童發展篩檢院所,新竹縣,新豐鄉,新竹縣新豐鄉萃豐路21號,03-5591150,healthforkids
2333070010,新竹縣橫山鄉衛生所,兒童發展篩檢院所,新竹縣,橫山鄉,新竹縣橫山鄉新興街141巷10號,03-5932004,healthforkids
2333060014,新竹縣湖口鄉衛生所,兒童發展篩檢院所,新竹縣,湖口鄉,新竹縣湖口鄉中正村19鄰達生路506號,03-5992654,healthforkids
2333050018,新竹縣竹北市衛生所,兒童發展篩檢院所,新竹縣,竹北市,新竹縣竹北市光明二街89號,03-5533381,healthforkids
2333030016,新竹縣竹東鎮衛生所,兒童發展篩檢院所,新竹縣,竹東鎮,新竹縣竹東鎮中正路221號,03-5943566,healthforkids
x:新竹縣:李克隆小兒科診所,李克隆小兒科診所,兒童發展篩檢院所,新竹縣,竹北市,新竹縣竹北市光明六路831號,03-5535505,healthforkids
5933052731,洪瑞聰小兒專科診所,兒童發展篩檢院所,新竹縣,竹北市,新竹縣竹北市成功八路100號,03-6676287,healthforkids
x:新竹縣:游丞顯小兒科診所,游丞顯小兒科診所,兒童發展篩檢院所,新竹縣,竹北市,新竹縣竹北市文興路一段78號,03-6583300,healthforkids
3533030637,王仁俊小兒科診所,兒童發展篩檢院所,新竹縣,竹東鎮,新竹縣竹東鎮竹榮街31號,03-5100861,healthforkids
3533052875,竹佑親子診所,兒童發展篩檢院所,新竹縣,竹北市,新竹縣竹北市仁和街7號,03-5512882,healthforkids;sfaa
3533051832,翁佩魁小兒專科診所,兒童發展篩檢院所,新竹縣,竹北市,新竹縣竹北市勝利三街38號,03-6589331,healthforkids
3533052660,育禾婦幼診所,兒童發展篩檢院所,新竹縣,竹北市,新竹縣竹北市莊敬南路182號,03-6688610,healthforkids;sfaa
3533052491,艾兒診所,兒童發展篩檢院所,新竹縣,竹北市,新竹縣竹北市福興東路二段140號,03-6586699,healthforkids
x:新竹縣:謝連中診所,謝連中診所,兒童發展篩檢院所,新竹縣,竹北市,新竹縣竹北市光明一路392之1號,03-5586859,healthforkids
x:新竹縣:陳壽祥小兒科診所,陳壽祥小兒科診所,兒童發展篩檢院所,新竹縣,竹北市,新竹縣竹北市光明六路303之2號,03-5535135,healthforkids
x:新竹縣:陽明小兒科耳鼻喉科聯合診所,陽明小兒科耳鼻喉科聯合診所,兒童發展篩檢院所,新竹縣,竹東鎮,新竹縣竹東鎮長春路三段170號,03-5942010,healthforkids
3533051903,麥建方小兒專科診所,兒童發展篩檢院所,新竹縣,竹北市,新竹縣竹北市勝利五路27號,03-6577261,healthforkids
x:桃園市:中新小兒科聯合診所,中新小兒科聯合診所,兒童發展篩檢院所,桃園市,中壢區,桃園市中壢區中北路二段54號,03-4682832,healthforkids
3532019170,中路翊菁診所,兒童發展篩檢院所,桃園市,桃園區,桃園市桃園區永安路505及507號,03-2150071,healthforkids
x:桃園市:亞聯親子診所,亞聯親子診所,兒童發展篩檢院所,桃園市,桃園區,桃園市桃園區大興西路二段82之1號,03-3013088,healthforkids
3532031961,仁群診所,兒童發展篩檢院所,桃園市,大溪區,桃園市大溪區仁善街222號,03-3806021,healthforkids
5932053350,佑心親子診所,兒童發展篩檢院所,桃園市,蘆竹區,桃園市蘆竹區忠孝西路186號,03-3126997,healthforkids
x:桃園市:佑生小兒科診所,佑生小兒科診所,兒童發展篩檢院所,桃園市,新屋區,桃園市新屋區中正路48號,03-4773161,healthforkids
3532014773,何翊菁診所,兒童發展篩檢院所,桃園市,桃園區,桃園市桃園區中埔六街123號,03-3551192,healthforkids
3532027501,佳康診所,兒童發展篩檢院所,桃園市,中壢區,桃園市中壢區健行路153號,03-4587188,healthforkids
3532011852,佳祐診所,兒童發展篩檢院所,桃園市,桃園區,桃園市桃園區復興路402號,03-3382280,healthforkids
3532051767,佳音小兒科診所,兒童發展篩檢院所,桃園市,蘆竹區,桃園市蘆竹區中正路359號,03-3127553,healthforkids
3532041761,健宏診所,兒童發展篩檢院所,桃園市,楊梅區,桃園市楊梅區中興路74號,03-4317549,healthforkids
3532016357,全家親子診所,兒童發展篩檢院所,桃園市,桃園區,桃園市桃園區中正路605號,03-3358585,healthforkids
3532121826,全心診所,兒童發展篩檢院所,桃園市,觀音區,桃園市觀音區大觀路二段182號,03-4834783,healthforkids
3532082888,八德金鶯診所,兒童發展篩檢院所,桃園市,八德區,桃園市八德區興豐路493號,03-3655225,healthforkids
x:桃園市:吉兒診所,吉兒診所,兒童發展篩檢院所,桃園市,桃園區,桃園市桃園區民光東路107號,03-3339995,healthforkids
3532018431,向陽診所,兒童發展篩檢院所,桃園市,桃園區,桃園市桃園區力行路707號,03-3600177,healthforkids
x:桃園市:吳瑞瓊小兒科診所,吳瑞瓊小兒科診所,兒童發展篩檢院所,桃園市,中壢區,桃園市中壢區元化路75號,03-4268833,healthforkids
x:桃園市:吳英錦小兒科診所,吳英錦小兒科診所,兒童發展篩檢院所,桃園市,平鎮區,桃園市平鎮區龍南路64號,03-4501043,healthforkids
3532060266,呂清標診所,兒童發展篩檢院所,桃園市,大園區,桃園市大園區大園里中正東路34號,03-3865941,healthforkids
1532040039,天成醫院,兒童發展篩檢院所,桃園市,楊梅區,桃園市楊梅區中山北路一段356號,03-4782350,healthforkids;sfaa
x:桃園市:孫德金小兒科診所,孫德金小兒科診所,兒童發展篩檢院所,桃園市,桃園區,桃園市桃園區桃鶯路209號,03-3778759,healthforkids
x:桃園市:安安小兒科診所,安安小兒科診所,兒童發展篩檢院所,桃園市,中壢區,桃園市中壢區龍岡路二段109號,03-4590592,healthforkids
x:桃園市:安泰耳鼻喉科診所,安泰耳鼻喉科診所,兒童發展篩檢院所,桃園市,蘆竹區,桃園市蘆竹區中山路93號,03-3118478,healthforkids
1532101108,宋俊宏婦幼醫院,兒童發展篩檢院所,桃園市,平鎮區,桃園市平鎮區民族路199號,03-4020999,healthforkids;sfaa
0932020016,宏其醫療社團法人宏其婦幼醫院,兒童發展篩檢院所,桃園市,中壢區,桃園市中壢區元化路223號,03-4618888,healthforkids;sfaa
x:桃園市:家恩診所,家恩診所,兒童發展篩檢院所,桃園市,桃園區,桃園市桃園區桃智路12號,03-3632300,healthforkids
3532082717,小柚子兒科診所,兒童發展篩檢院所,桃園市,八德區,桃園市八德區豐田三路81號,03-3652070,healthforkids
3532014157,尚群診所,兒童發展篩檢院所,桃園市,桃園區,桃園市桃園區三民路三段512號,03-3672348,healthforkids
3532102214,幫寶貝診所,兒童發展篩檢院所,桃園市,平鎮區,桃園市平鎮區振興路17號,03-4685900,healthforkids
3532052031,德信診所,兒童發展篩檢院所,桃園市,蘆竹區,桃園市蘆竹區奉化路138號,03-2220718,healthforkids
1532040066,怡仁綜合醫院,兒童發展篩檢院所,桃園市,楊梅區,桃園市楊梅區楊新北路321巷30號,03-4855566,healthforkids;sfaa
3532017925,愛兒親子診所,兒童發展篩檢院所,桃園市,桃園區,桃園市桃園區慈文路192號,03-3554766,healthforkids
3532052273,愛鄰親子診所,兒童發展篩檢院所,桃園市,蘆竹區,桃園市蘆竹區南昌路45號,03-3216784,healthforkids
3532041896,揚昇小兒科診所,兒童發展篩檢院所,桃園市,楊梅區,桃園市楊梅區環東路461號,03-4755595,healthforkids
1532011154,敏盛綜合醫院,兒童發展篩檢院所,桃園市,桃園區,桃園市桃園區經國路168號,03-3179599,healthforkids;sfaa
x:桃園市:新安診所,新安診所,兒童發展篩檢院所,桃園市,平鎮區,桃園市平鎮區中豐路208號,03-4683553,healthforkids
3532026059,昇陽小兒科診所,兒童發展篩檢院所,桃園市,中壢區,桃園市中壢區六和路12號,03-4228181,healthforkids
3532015976,明欣診所,兒童發展篩檢院所,桃園市,桃園區,桃園市桃園區中正路1098號之一,03-3169189,healthforkids
3532015270,智元診所,兒童發展篩檢院所,桃園市,桃園區,桃園市桃園區大業路一段333號,03-3150708,healthforkids
3532052666,智群診所,兒童發展篩檢院所,桃園市,蘆竹區,桃園市蘆竹區大興二街28號,03-3238906,healthforkids
x:桃園市:曹景雄小兒科診所,曹景雄小兒科診所,兒童發展篩檢院所,桃園市,桃園區,桃園市桃園區延平路115號,03-2183141,healthforkids
3532072266,朱永恆診所,兒童發展篩檢院所,桃園市,龜山區,桃園市龜山區中興路353號,03-3508182,healthforkids
3532014782,李柏鋒診所,兒童發展篩檢院所,桃園市,桃園區,桃園市桃園區中山路807號,03-2207480,healthforkids
x:桃園市:李淵順小兒科診所,李淵順小兒科診所,兒童發展篩檢院所,桃園市,八德區,桃園市八德區和義街15號,03-3761123,healthforkids
3532091707,杏德芙診所,兒童發展篩檢院所,桃園市,龍潭區,桃園市龍潭區北龍路331號,03-4792430,healthforkids
3532025570,林國揆小兒科診所,兒童發展篩檢院所,桃園市,中壢區,桃園市中壢區中北路二段402號,03-4387023,healthforkids
5932019152,林振實小兒診所,兒童發展篩檢院所,桃園市,桃園區,桃園市桃園區育樂街23號,03-3319618,healthforkids
3532010337,林振銘小兒科診所,兒童發展篩檢院所,桃園市,桃園區,桃園市桃園區中山路214號,03-3320881,healthforkids
2332020016,桃園市中壢區衛生所,兒童發展篩檢院所,桃園市,中壢區,桃園市中壢區溪洲街296號,03-4352666,healthforkids
2332060010,桃園市大園區衛生所,兒童發展篩檢院所,桃園市,大園區,桃園市大園區田心里中正西路19號,03-3862024,healthforkids
2332030012,桃園市大溪區衛生所,兒童發展篩檢院所,桃園市,大溪區,桃園市大溪區仁愛路1號,03-3882401,healthforkids
2332130017,桃園市復興區衛生所,兒童發展篩檢院所,桃園市,復興區,桃園市復興區澤仁里中正路25號,03-3822325,healthforkids
2332010010,桃園市桃園區衛生所,兒童發展篩檢院所,桃園市,桃園區,桃園市桃園區國豐三街123號,03-3791888,healthforkids
2332040018,桃園市楊梅區衛生所,兒童發展篩檢院所,桃園市,楊梅區,桃園市楊梅區校前路409號,03-4750151,healthforkids
2332050014,桃園市蘆竹區衛生所,兒童發展篩檢院所,桃園市,蘆竹區,桃園市蘆竹區長安路二段238號,03-3524732,healthforkids
2332120011,桃園市觀音區衛生所,兒童發展篩檢院所,桃園市,觀音區,桃園市觀音區觀新路58號,03-4732031,healthforkids
2332090018,桃園市龍潭區衛生所,兒童發展篩檢院所,桃園市,龍潭區,桃園市龍潭區中正路210號,03-4792033,healthforkids
2332070016,桃園市龜山區衛生所,兒童發展篩檢院所,桃園市,龜山區,桃園市龜山區自強南路103號,03-3299645,healthforkids
1532011172,桃園秉坤婦幼醫院,兒童發展篩檢院所,桃園市,桃園區,桃園市桃園區慈文路959號,03-3709191,healthforkids;sfaa
3532015903,欣欣診所,兒童發展篩檢院所,桃園市,桃園區,桃園市桃園區中正路1009號,03-3257780,healthforkids
x:桃園市:正興診所,正興診所,兒童發展篩檢院所,桃園市,桃園區,桃園市桃園區桃鶯路452號,03-3635453,healthforkids
3532014808,永欣診所,兒童發展篩檢院所,桃園市,桃園區,桃園市桃園區大興路193號,03-3587669,healthforkids
1132010024,沙爾德聖保祿修女會醫療財團法人聖保祿醫院,兒童發展篩檢院所,桃園市,桃園區,桃園市桃園區建新街123號,03-3613141,healthforkids;sfaa
x:桃園市:河助璽恒診所,河助璽恒診所,兒童發展篩檢院所,桃園市,平鎮區,桃園市平鎮區延平路二段180號及復旦路4號,03-4927588,healthforkids
3532131144,泰千診所,兒童發展篩檢院所,桃園市,復興區,桃園市復興區羅浮村127號,03-3822748,healthforkids
3532072499,無尾熊診所,兒童發展篩檢院所,桃園市,龜山區,桃園市龜山區文學路259號、261號,03-3278068,healthforkids
3532052728,熊大心親子診所,兒童發展篩檢院所,桃園市,蘆竹區,桃園市蘆竹區新福街268號、270號,03-3133600,healthforkids
3532018128,禾馨桃園婦幼診所,兒童發展篩檢院所,桃園市,桃園區,桃園市桃園區經國二路36號,03-3465333,healthforkids;sfaa
1532101117,秉坤婦幼醫院,兒童發展篩檢院所,桃園市,平鎮區,桃園市平鎮區延平路二段129號,03-4025866,healthforkids;sfaa
3532102385,立群診所,兒童發展篩檢院所,桃園市,平鎮區,桃園市平鎮區中豐路山頂段27號,03-4191137,healthforkids
3532026568,維坤診所,兒童發展篩檢院所,桃園市,中壢區,桃園市中壢區健行路226號,03-4685858,healthforkids
3532082520,羅久勝小兒專科診所,兒童發展篩檢院所,桃園市,八德區,桃園市八德區忠勇六街5號,03-3750237,healthforkids
3532102438,義群診所,兒童發展篩檢院所,桃園市,平鎮區,桃園市平鎮區義興街21號,03-4923885,healthforkids
5932025070,翊恩診所,兒童發展篩檢院所,桃園市,中壢區,桃園市中壢區文化路363號,03-4629078,healthforkids
x:桃園市:聖德診所,聖德診所,兒童發展篩檢院所,桃園市,桃園區,桃園市桃園區大興西路二段69巷3號,03-3562319,healthforkids
3532027305,聯心診所,兒童發展篩檢院所,桃園市,中壢區,桃園市中壢區民族路五段310號,03-4205017,healthforkids
3501202869,聯恩診所,兒童發展篩檢院所,桃園市,平鎮區,桃園市平鎮區中豐路南勢二段102號,03-4395633,healthforkids
3532019241,芙醫親子診所,兒童發展篩檢院所,桃園市,桃園區,桃園市桃園區吉安一街70號,03-2150755,healthforkids
3532070422,蕭大章診所,兒童發展篩檢院所,桃園市,龜山區,桃園市龜山區萬壽路二段990號,03-3201860,healthforkids
x:桃園市:親子診所,親子診所,兒童發展篩檢院所,桃園市,桃園區,桃園市桃園區南平路195號,03-3172319,healthforkids
5932076148,許忠信小兒科診所,兒童發展篩檢院所,桃園市,龜山區,桃園市龜山區萬壽路二段1095號,03-3505367,healthforkids
5932013418,謝秋梅診所,兒童發展篩檢院所,桃園市,桃園區,桃園市桃園區大有路428號,03-3151100,healthforkids
5932076157,連淑芳小兒科診所,兒童發展篩檢院所,桃園市,龜山區,桃園市龜山區萬壽路二段957號,03-3599696,healthforkids
3532025678,鄭朝強小兒科診所,兒童發展篩檢院所,桃園市,中壢區,桃園市中壢區元化路226號,03-4258789,healthforkids
x:桃園市:陳坤荃小兒科診所,陳坤荃小兒科診所,兒童發展篩檢院所,桃園市,八德區,桃園市八德區介壽路一段812號,03-3677476,healthforkids
3532025267,陳瑞祥診所,兒童發展篩檢院所,桃園市,中壢區,桃園市中壢區福州二街475號,03-4616600,healthforkids
x:桃園市:陳秋芬親子診所,陳秋芬親子診所,兒童發展篩檢院所,桃園市,中壢區,桃園市中壢區文化路359號,03-4552661,healthforkids
3532012975,顧小兒科診所,兒童發展篩檢院所,桃園市,桃園區,桃園市桃園區國際路一段1146號,03-2202364,healthforkids
3532090219,黃啟昌小兒科診所,兒童發展篩檢院所,桃園市,龍潭區,桃園市龍潭區中正路286號,03-4798466,healthforkids
3532025052,黃文昌診所,兒童發展篩檢院所,桃園市,中壢區,桃園市中壢區龍岡路二段123號,03-2841928,healthforkids
x:桃園市:黃曉生小兒科診所,黃曉生小兒科診所,兒童發展篩檢院所,桃園市,中壢區,桃園市中壢區環中東路41號,03-4552725,healthforkids
x:桃園市:龍和診所,龍和診所,兒童發展篩檢院所,桃園市,桃園區,桃園市桃園區龍安街153號,03-3786145,healthforkids
x:澎湖縣:周明河小兒科診所,周明河小兒科診所,兒童發展篩檢院所,澎湖縣,馬公市,澎湖縣馬公市陽明路33號,06-9264080,healthforkids
2344060011,澎湖縣七美鄉衛生所,兒童發展篩檢院所,澎湖縣,七美鄉,澎湖縣七美鄉中和村10鄰54號,06-9971005,healthforkids
x:澎湖縣:澎湖縣望安鄉將軍衛生所,澎湖縣望安鄉將軍衛生所,兒童發展篩檢院所,澎湖縣,望安鄉,澎湖縣望安鄉將軍村12鄰將軍澳1之3號,06-9902066,healthforkids
2344050015,澎湖縣望安鄉衛生所,兒童發展篩檢院所,澎湖縣,望安鄉,澎湖縣望安鄉西安村36之7號,06-9991036,healthforkids
2344020017,澎湖縣湖西鄉衛生所,兒童發展篩檢院所,澎湖縣,湖西鄉,澎湖縣湖西鄉湖西村151之1號,06-9921271,healthforkids
x:澎湖縣:澎湖縣白沙鄉吉貝衛生所,澎湖縣白沙鄉吉貝衛生所,兒童發展篩檢院所,澎湖縣,白沙鄉,澎湖縣白沙鄉吉貝村8之13號,06-9911430,healthforkids
2344030013,澎湖縣白沙鄉衛生所,兒童發展篩檢院所,澎湖縣,白沙鄉,澎湖縣白沙鄉赤崁村359號,06-9931044,healthforkids
x:澎湖縣:澎湖縣白沙鄉鳥嶼衛生所,澎湖縣白沙鄉鳥嶼衛生所,兒童發展篩檢院所,澎湖縣,白沙鄉,澎湖縣白沙鄉鳥嶼村漁港新村3號,06-9916092,healthforkids
2344040019,澎湖縣西嶼鄉衛生所,兒童發展篩檢院所,澎湖縣,西嶼鄉,澎湖縣西嶼鄉池東村222號,06-9981115,healthforkids
2344010011,澎湖縣馬公市第一衛生所,兒童發展篩檢院所,澎湖縣,馬公市,澎湖縣馬公市樹德路36號,06-9273958,healthforkids
x:澎湖縣:澎湖縣馬公市第三衛生所,澎湖縣馬公市第三衛生所,兒童發展篩檢院所,澎湖縣,馬公市,澎湖縣馬公市西文里118之2號,06-9211723,healthforkids
2344011027,澎湖縣馬公市第二衛生所,兒童發展篩檢院所,澎湖縣,馬公市,澎湖縣馬公市鎖港里240號,06-9951354,healthforkids
x:澎湖縣:陳麒勛診所,陳麒勛診所,兒童發展篩檢院所,澎湖縣,馬公市,澎湖縣馬公市三多路175號,06-9265870,healthforkids
x:臺中市:仁欣診所,仁欣診所,兒童發展篩檢院所,臺中市,南屯區,臺中市南屯區黎明東街229號,04-23803265,healthforkids
x:臺中市:佑兒診所,佑兒診所,兒童發展篩檢院所,臺中市,西屯區,臺中市西屯區大墩路887號,04-23205177,healthforkids
x:臺中市:佑家親子診所,佑家親子診所,兒童發展篩檢院所,臺中市,西屯區,臺中市西屯區青海路二段242之31號,04-27086866,healthforkids
3536091598,何孟哲診所,兒童發展篩檢院所,臺中市,潭子區,臺中市潭子區甘蔗里勝利路273號,04-25359173,healthforkids
3503291533,佳亭診所,兒童發展篩檢院所,臺中市,北屯區,臺中市北屯區南興路866號,04-24379345,healthforkids
3531091883,佳佑診所,兒童發展篩檢院所,臺中市,潭子區,臺中市潭子區勝利路319號,04-25336888,healthforkids
3503272681,佳安醫學診所,兒童發展篩檢院所,臺中市,西屯區,臺中市西屯區河南路二段8號,04-22955121,healthforkids
3536011401,佳幼診所,兒童發展篩檢院所,臺中市,豐原區,臺中市豐原區中正路264號,04-25296336,healthforkids
3503272592,佳慶診所,兒童發展篩檢院所,臺中市,西屯區,臺中市西屯區大墩十九街87號,04-23208989,healthforkids
x:臺中市:佳藝診所,佳藝診所,兒童發展篩檢院所,臺中市,豐原區,臺中市豐原區豐勢路二段388號,04-25132240,healthforkids
3503040116,優醫五權健康診所,兒童發展篩檢院所,臺中市,清水區,臺中市清水區五權路59之5號,04-26261285,healthforkids
3536031770,元吉診所,兒童發展篩檢院所,臺中市,大甲區,臺中市大甲區文武路65號,04-26872012,healthforkids
x:臺中市:全信賴診所,全信賴診所,兒童發展篩檢院所,臺中市,大甲區,臺中市大甲區甲后路五段267號,04-26762248,healthforkids
x:臺中市:劉昌興小兒科診所,劉昌興小兒科診所,兒童發展篩檢院所,臺中市,北屯區,臺中市北屯區四民里四平路352號,04-24221656,healthforkids
x:臺中市:劉暄峰小兒科診所,劉暄峰小兒科診所,兒童發展篩檢院所,臺中市,霧峰區,臺中市霧峰區甲寅里中正路1141號,04-23332418,healthforkids
x:臺中市:劉錦理小兒科診所,劉錦理小兒科診所,兒童發展篩檢院所,臺中市,北屯區,臺中市北屯區四民里后庄路1102號,04-24227074,healthforkids
x:臺中市:力倫診所,力倫診所,兒童發展篩檢院所,臺中市,大甲區,臺中市大甲區蔣公路246號,04-26805889,healthforkids
3503200569,博佑診所,兒童發展篩檢院所,臺中市,大里區,臺中市大里區塗城路546號,04-24920606,healthforkids
3503241882,台全耳鼻喉科診所,兒童發展篩檢院所,臺中市,西區,臺中市西區三民路一段177號,04-22200555,healthforkids
x:臺中市:合康診所,合康診所,兒童發展篩檢院所,臺中市,霧峰區,臺中市霧峰區中正路802之1號,04-23330268,healthforkids
3517061132,吉安診所,兒童發展篩檢院所,臺中市,西屯區,臺中市西屯區青海路一段65之2號,04-22910337,healthforkids
3536071363,后安診所,兒童發展篩檢院所,臺中市,后里區,臺中市后里區甲后路一段315號,04-25587800,healthforkids
x:臺中市:吳志修耳鼻喉科診所,吳志修耳鼻喉科診所,兒童發展篩檢院所,臺中市,豐原區,臺中市豐原區中山路347號,04-25120295,healthforkids
x:臺中市:吳東洀小兒科診所,吳東洀小兒科診所,兒童發展篩檢院所,臺中市,西區,臺中市西區美村路一段362號,04-23029672,healthforkids
x:臺中市:吳榮峰小兒科診所,吳榮峰小兒科診所,兒童發展篩檢院所,臺中市,西區,臺中市西區公益路252號,04-23108006,healthforkids
3532017676,吳耳鼻喉科診所,兒童發展篩檢院所,臺中市,大雅區,臺中市大雅區大雅里學府路333號,04-25683001,healthforkids
x:臺中市:呂維國婦產科診所,呂維國婦產科診所,兒童發展篩檢院所,臺中市,豐原區,臺中市豐原區中正路348號,04-25262889,healthforkids
x:臺中市:呂錦泉小兒科診所,呂錦泉小兒科診所,兒童發展篩檢院所,臺中市,北區,臺中市北區建興里崇德路一段119號,04-22334393,healthforkids
x:臺中市:大中小兒科診所,大中小兒科診所,兒童發展篩檢院所,臺中市,大雅區,臺中市大雅區雅潭路四段711號,04-25607116,healthforkids
3507030018,大元診所,兒童發展篩檢院所,臺中市,大甲區,臺中市大甲區順天路136號,04-26802250,healthforkids
x:臺中市:天仁小兒科診所,天仁小兒科診所,兒童發展篩檢院所,臺中市,霧峰區,臺中市霧峰區中正路967號、969號,04-23336678,healthforkids
3503282696,天健診所,兒童發展篩檢院所,臺中市,南屯區,臺中市南屯區大墩路761號,04-23235200,healthforkids
5903270721,奇譽耳鼻喉科診所,兒童發展篩檢院所,臺中市,西屯區,臺中市西屯區西屯路二段255號,04-24523939,healthforkids
3503291613,好事多鎧緯耳鼻喉科診所,兒童發展篩檢院所,臺中市,北屯區,臺中市北屯區南興路1082號,04-24351487,healthforkids
x:臺中市:姚耳鼻喉科診所,姚耳鼻喉科診所,兒童發展篩檢院所,臺中市,南屯區,臺中市南屯區忠勇路25之6號,04-23850089,healthforkids
x:臺中市:媽媽咪亞診所,媽媽咪亞診所,兒童發展篩檢院所,臺中市,南屯區,臺中市南屯區公益路二段60號,04-23190707,healthforkids
x:臺中市:孫皓雲診所,孫皓雲診所,兒童發展篩檢院所,臺中市,沙鹿區,臺中市沙鹿區北勢東路329號,04-26652230,healthforkids
x:臺中市:安安診所,安安診所,兒童發展篩檢院所,臺中市,北屯區,臺中市北屯區北屯路299之4號,04-22304309,healthforkids
x:臺中市:安家小兒科診所,安家小兒科診所,兒童發展篩檢院所,臺中市,西屯區,臺中市西屯區大福里大鵬路9號,04-22952020,healthforkids
x:臺中市:宏凱診所,宏凱診所,兒童發展篩檢院所,臺中市,南屯區,臺中市南屯區忠勇路79之3號,04-23802778,healthforkids
3503190513,宥苗診所,兒童發展篩檢院所,臺中市,太平區,臺中市太平區育賢路335號,04-23934406,healthforkids
3503260896,家家診所,兒童發展篩檢院所,臺中市,北區,臺中市北區三民路三段291巷24號,04-22333333,healthforkids
3503050256,家寶兒科診所,兒童發展篩檢院所,臺中市,沙鹿區,臺中市沙鹿區中山路388之2號,04-26623799,healthforkids
x:臺中市:家昌耳鼻喉科診所,家昌耳鼻喉科診所,兒童發展篩檢院所,臺中市,北區,臺中市北區陜西路62號,04-22993888,healthforkids
x:臺中市:家興多恩診所,家興多恩診所,兒童發展篩檢院所,臺中市,北屯區,臺中市北屯區敦富一街156號,04-24362537,healthforkids
3503291122,家興禾樂診所,兒童發展篩檢院所,臺中市,北屯區,臺中市北屯區東山路一段332之13號,04-24364897,healthforkids
x:臺中市:家興診所,家興診所,兒童發展篩檢院所,臺中市,潭子區,臺中市潭子區中山路一段37號,04-25319968,healthforkids
x:臺中市:寶貝熊小兒科診所,寶貝熊小兒科診所,兒童發展篩檢院所,臺中市,南屯區,臺中市南屯區公益路二段366號,04-22517622,healthforkids
x:臺中市:小太陽小兒科診所,小太陽小兒科診所,兒童發展篩檢院所,臺中市,沙鹿區,臺中市沙鹿區興仁里鎮南路二段631號,04-26365757,healthforkids
x:臺中市:小熊小兒科診所,小熊小兒科診所,兒童發展篩檢院所,臺中市,南屯區,臺中市南屯區向上南路一段179號,04-24759999,healthforkids
3536031752,小熊的森林診所,兒童發展篩檢院所,臺中市,大甲區,臺中市大甲區三民路132號,04-26805060,healthforkids
x:臺中市:小蘋果小兒科診所,小蘋果小兒科診所,兒童發展篩檢院所,臺中市,北屯區,臺中市北屯區山西路二段264號,04-22951800,healthforkids
x:臺中市:展弘耳鼻喉科診所,展弘耳鼻喉科診所,兒童發展篩檢院所,臺中市,北區,臺中市北區漢口路四段322號,04-22307388,healthforkids
x:臺中市:崇德大允診所,崇德大允診所,兒童發展篩檢院所,臺中市,北區,臺中市北區崇德路一段536號,04-22310501,healthforkids
x:臺中市:崇芳小兒科家庭醫學科聯合診所,崇芳小兒科家庭醫學科聯合診所,兒童發展篩檢院所,臺中市,西屯區,臺中市西屯區福科路419號,04-24652525,healthforkids
3503282721,嶺東診所,兒童發展篩檢院所,臺中市,南屯區,臺中市南屯區嶺東南路157號,04-23809925,healthforkids
x:臺中市:巧比小兒科診所,巧比小兒科診所,兒童發展篩檢院所,臺中市,北區,臺中市北區賴興里北平路二段43號,04-22957373,healthforkids
3503271406,幼光診所,兒童發展篩檢院所,臺中市,西屯區,臺中市西屯區國安一路117號,04-24615033,healthforkids
3517073436,幼安診所,兒童發展篩檢院所,臺中市,南屯區,臺中市南屯區大墩路263號,04-24751579,healthforkids
x:臺中市:幼康小兒科診所,幼康小兒科診所,兒童發展篩檢院所,臺中市,太平區,臺中市太平區中山路三段139號,04-22738885,healthforkids
x:臺中市:幼恩小兒科診所,幼恩小兒科診所,兒童發展篩檢院所,臺中市,北屯區,臺中市北屯區東山路一段298之2號,04-24376238,healthforkids
3503291202,康康診所,兒童發展篩檢院所,臺中市,北屯區,臺中市北屯區舊社里北屯路428之3號,04-22461925,healthforkids
x:臺中市:康祐診所,康祐診所,兒童發展篩檢院所,臺中市,太平區,臺中市太平區中山路一段220號,04-23931234,healthforkids
3503272805,康福耳鼻喉科診所,兒童發展篩檢院所,臺中市,西屯區,臺中市西屯區市政南一路110號,04-22557070,healthforkids
x:臺中市:康貝兒小兒科診所,康貝兒小兒科診所,兒童發展篩檢院所,臺中市,西區,臺中市西區向上路一段553號,04-24720515,healthforkids
x:臺中市:廖正雄小兒科診所,廖正雄小兒科診所,兒童發展篩檢院所,臺中市,大里區,臺中市大里區中興路一段167號,04-24938497,healthforkids
x:臺中市:建志耳鼻喉科診所,建志耳鼻喉科診所,兒童發展篩檢院所,臺中市,太平區,臺中市太平區中興路110號,04-22766899,healthforkids
x:臺中市:張家強診所,張家強診所,兒童發展篩檢院所,臺中市,南屯區,臺中市南屯區三厝里黎明路二段490號,04-22591683,healthforkids
x:臺中市:張文吉小兒科診所,張文吉小兒科診所,兒童發展篩檢院所,臺中市,南屯區,臺中市南屯區向上南路一段273號,04-24724988,healthforkids
x:臺中市:徐小兒科診所,徐小兒科診所,兒童發展篩檢院所,臺中市,西區,臺中市西區華美西街一段206之1號,04-23134151,healthforkids
x:臺中市:德昌小兒科診所,德昌小兒科診所,兒童發展篩檢院所,臺中市,烏日區,臺中市烏日區中山路一段335號,04-23372686,healthforkids
5903281171,忠勇診所,兒童發展篩檢院所,臺中市,南屯區,臺中市南屯區忠勇路67之3號,04-23826625,healthforkids
3503190522,怡馨親子診所,兒童發展篩檢院所,臺中市,太平區,臺中市太平區育賢路253號,04-23938026,healthforkids
x:臺中市:恆欣小兒科診所,恆欣小兒科診所,兒童發展篩檢院所,臺中市,太平區,臺中市太平區新平路一段108號,04-22737419,healthforkids
5903250765,慶燿診所,兒童發展篩檢院所,臺中市,南區,臺中市南區國光路241號,04-22872877,healthforkids
x:臺中市:懷生小兒科診所,懷生小兒科診所,兒童發展篩檢院所,臺中市,西屯區,臺中市西屯區忠義街102號,04-23176257,healthforkids
x:臺中市:承安耳鼻喉科診所,承安耳鼻喉科診所,兒童發展篩檢院所,臺中市,北屯區,臺中市北屯區北屯路441號,04-22425252,healthforkids
x:臺中市:敬康耳鼻喉科診所,敬康耳鼻喉科診所,兒童發展篩檢院所,臺中市,南屯區,臺中市南屯區大業路229號,04-23282070,healthforkids
1517050084,新亞東婦產科醫院,兒童發展篩檢院所,臺中市,北區,臺中市北區中清路一段403號,04-22075779,healthforkids
x:臺中市:方德涵診所,方德涵診所,兒童發展篩檢院所,臺中市,北屯區,臺中市北屯區太順路82號,04-24369555,healthforkids
x:臺中市:施勝桓小兒科診所,施勝桓小兒科診所,兒童發展篩檢院所,臺中市,南屯區,臺中市南屯區黎明路二段286號,04-22581985,healthforkids
x:臺中市:施永泰小兒科診所,施永泰小兒科診所,兒童發展篩檢院所,臺中市,北區,臺中市北區建興里梅亭街200號,04-22363426,healthforkids
x:臺中市:明道小兒科診所,明道小兒科診所,兒童發展篩檢院所,臺中市,南屯區,臺中市南屯區田心里向心南路933號,04-23845795,healthforkids
x:臺中市:曙光小兒科診所,曙光小兒科診所,兒童發展篩檢院所,臺中市,西區,臺中市西區五權西三街81號,04-23758822,healthforkids
x:臺中市:曾曉鐘小兒科診所,曾曉鐘小兒科診所,兒童發展篩檢院所,臺中市,西屯區,臺中市西屯區河南路二段496號,04-27036888,healthforkids
3531045890,朝安診所,兒童發展篩檢院所,臺中市,沙鹿區,臺中市沙鹿區鎮南路二段50號,04-26337172,healthforkids
5903050345,朱博欣小兒科診所,兒童發展篩檢院所,臺中市,沙鹿區,臺中市沙鹿區中山路487之2號,04-26630086,healthforkids
x:臺中市:李彥德耳鼻喉科診所,李彥德耳鼻喉科診所,兒童發展篩檢院所,臺中市,北屯區,臺中市北屯區軍功路一段732號,04-24373125,healthforkids
x:臺中市:李文軒耳鼻喉科診所,李文軒耳鼻喉科診所,兒童發展篩檢院所,臺中市,大里區,臺中市大里區益民路二段271號,04-24872898,healthforkids
x:臺中市:李昭儀兒科診所,李昭儀兒科診所,兒童發展篩檢院所,臺中市,沙鹿區,臺中市沙鹿區光華路113之1號,04-26366855,healthforkids
0936030018,李綜合醫療社團法人大甲李綜合醫院,兒童發展篩檢院所,臺中市,大甲區,臺中市大甲區八德街2號,04-26862288,healthforkids;sfaa
x:臺中市:李良小兒科診所,李良小兒科診所,兒童發展篩檢院所,臺中市,大里區,臺中市大里區益民路二段119號,04-24810998,healthforkids
x:臺中市:林俊彥小兒科診所,林俊彥小兒科診所,兒童發展篩檢院所,臺中市,南屯區,臺中市南屯區黎明路一段229號,04-24702058,healthforkids
x:臺中市:林士璁小兒科診所,林士璁小兒科診所,兒童發展篩檢院所,臺中市,北屯區,臺中市北屯區大連路二段231號,04-22410390,healthforkids
x:臺中市:林大丕小兒科診所,林大丕小兒科診所,兒童發展篩檢院所,臺中市,豐原區,臺中市豐原區三民路130號,04-25282345,healthforkids
x:臺中市:林子凱耳鼻喉科診所,林子凱耳鼻喉科診所,兒童發展篩檢院所,臺中市,南屯區,臺中市南屯區公益路二段19號,04-23105758,healthforkids
x:臺中市:林子巡診所,林子巡診所,兒童發展篩檢院所,臺中市,北屯區,臺中市北屯區松竹路二段669號,04-22413636,healthforkids
3517041934,林忠立診所,兒童發展篩檢院所,臺中市,南區,臺中市南區和平里美村南路58號,04-22619948,healthforkids
x:臺中市:林政益小兒科診所,林政益小兒科診所,兒童發展篩檢院所,臺中市,神岡區,臺中市神岡區岸裡里中山路33號,04-25152765,healthforkids
x:臺中市:林永祥小兒科診所,林永祥小兒科診所,兒童發展篩檢院所,臺中市,豐原區,臺中市豐原區中正路89號,04-25250995,healthforkids
x:臺中市:林澤民小兒科診所,林澤民小兒科診所,兒童發展篩檢院所,臺中市,清水區,臺中市清水區中山路242之1號,04-26233935,healthforkids
x:臺中市:林燄小兒科診所,林燄小兒科診所,兒童發展篩檢院所,臺中市,北區,臺中市北區健行路659號,04-22050512,healthforkids
3536040224,林玉彪診所,兒童發展篩檢院所,臺中市,清水區,臺中市清水區南寧里光華路135號,04-26233880,healthforkids
x:臺中市:林釗尚小兒科診所,林釗尚小兒科診所,兒童發展篩檢院所,臺中市,大雅區,臺中市大雅區大雅路151號,04-25600313,healthforkids
x:臺中市:梧棲中央診所,梧棲中央診所,兒童發展篩檢院所,臺中市,梧棲區,臺中市梧棲區中央路一段927號,04-26580183,healthforkids
x:臺中市:楊文澤小兒科診所,楊文澤小兒科診所,兒童發展篩檢院所,臺中市,大里區,臺中市大里區塗城路864號,04-24930319,healthforkids
3536041589,楊超博診所,兒童發展篩檢院所,臺中市,清水區,臺中市清水區中山路151之8號,04-26229595,healthforkids
x:臺中市:楊醫師小兒科診所,楊醫師小兒科診所,兒童發展篩檢院所,臺中市,北屯區,臺中市北屯區昌平路一段356之1號,04-22430092,healthforkids
3503272350,榛果耳鼻喉科診所,兒童發展篩檢院所,臺中市,西屯區,臺中市西屯區東興路三段379號,04-23104668,healthforkids
3503080058,樂天兒科診所,兒童發展篩檢院所,臺中市,神岡區,臺中市神岡區神岡路38號,04-25630200,healthforkids
x:臺中市:江宗龍小兒科診所,江宗龍小兒科診所,兒童發展篩檢院所,臺中市,大里區,臺中市大里區益民路二段323號,04-24821555,healthforkids
x:臺中市:汪小兒科診所,汪小兒科診所,兒童發展篩檢院所,臺中市,南屯區,臺中市南屯區黎明路二段15號,04-23811388,healthforkids
x:臺中市:沙鹿李小兒科診所,沙鹿李小兒科診所,兒童發展篩檢院所,臺中市,沙鹿區,臺中市沙鹿區沙田路172號,04-26657022,healthforkids
x:臺中市:淵元兒科診所,淵元兒科診所,兒童發展篩檢院所,臺中市,南區,臺中市南區南屯路一段271號,04-23755460,healthforkids
x:臺中市:游振國小兒科診所,游振國小兒科診所,兒童發展篩檢院所,臺中市,潭子區,臺中市潭子區甘蔗里雅潭路一段165號,04-25321233,healthforkids
x:臺中市:湯瑪仕小兒科診所,湯瑪仕小兒科診所,兒童發展篩檢院所,臺中市,東勢區,臺中市東勢區豐勢路445號,04-25772366,healthforkids
1536151042,烏日澄清醫院,兒童發展篩檢院所,臺中市,烏日區,臺中市烏日區光明路419號,04-23376232,healthforkids;sfaa
3503160051,燦軒耳鼻喉康健診所,兒童發展篩檢院所,臺中市,大肚區,臺中市大肚區沙田路三段61號,04-26990460,healthforkids
x:臺中市:王佑賢小兒科診所,王佑賢小兒科診所,兒童發展篩檢院所,臺中市,北屯區,臺中市北屯區興安路二段419號,04-22474792,healthforkids
x:臺中市:王榮森小兒科診所,王榮森小兒科診所,兒童發展篩檢院所,臺中市,北屯區,臺中市北屯區松竹里昌平路二段11之9號,04-22451674,healthforkids
x:臺中市:王秉菴小兒科診所,王秉菴小兒科診所,兒童發展篩檢院所,臺中市,北屯區,臺中市北屯區舊社里崇德路二段297號,04-22427966,healthforkids
x:臺中市:王道文聯合門診王道文小兒科診所,王道文聯合門診王道文小兒科診所,兒童發展篩檢院所,臺中市,西區,臺中市西區忠誠里太原路一段38號,04-23147939,healthforkids
x:臺中市:理想家小兒科診所,理想家小兒科診所,兒童發展篩檢院所,臺中市,西屯區,臺中市西屯區福雅路73號,04-24618096,healthforkids
5936030479,琉璃光診所,兒童發展篩檢院所,臺中市,大甲區,臺中市大甲區順天路342號,04-26873051,healthforkids
x:臺中市:瑞銘小兒科診所,瑞銘小兒科診所,兒童發展篩檢院所,臺中市,南區,臺中市南區工學路140號,04-22652116,healthforkids
x:臺中市:白耳鼻喉科診所,白耳鼻喉科診所,兒童發展篩檢院所,臺中市,南區,臺中市南區學府路152號,04-22220600,healthforkids
x:臺中市:祐幼診所,祐幼診所,兒童發展篩檢院所,臺中市,東區,臺中市東區臺中路121號,04-22235114,healthforkids
x:臺中市:祐華親子診所,祐華親子診所,兒童發展篩檢院所,臺中市,北區,臺中市北區北平路二段194號,04-22925668,healthforkids
3503190415,祥威新光耳鼻喉科兒科診所,兒童發展篩檢院所,臺中市,太平區,臺中市太平區育賢路350號,04-23938119,healthforkids
x:臺中市:祥威耳鼻喉科兒科診所,祥威耳鼻喉科兒科診所,兒童發展篩檢院所,臺中市,西屯區,臺中市西屯區青海路二段240之7號,04-27000132,healthforkids
3536080031,祥祐診所,兒童發展篩檢院所,臺中市,北區,臺中市北區三民路三段348號,04-22315688,healthforkids
x:臺中市:禎宏診所,禎宏診所,兒童發展篩檢院所,臺中市,太平區,臺中市太平區新興路22號,04-23959209,healthforkids
3517061178,福茂聯合門診福茂小兒科診所,兒童發展篩檢院所,臺中市,西屯區,臺中市西屯區西屯路二段273之1號,04-24518758,healthforkids
3503272636,禾馨嘉禾婦幼診所,兒童發展篩檢院所,臺中市,西屯區,臺中市西屯區安和路118之18號,03-3465333,healthforkids
3503272627,禾馨安和婦幼診所,兒童發展篩檢院所,臺中市,西屯區,臺中市西屯區安和路118之18號,04-23585333,healthforkids
x:臺中市:秀慧診所,秀慧診所,兒童發展篩檢院所,臺中市,北區,臺中市北區忠太東路58之12號,04-22031830,healthforkids
3503291702,立誠診所,兒童發展篩檢院所,臺中市,北屯區,臺中市北屯區環太東路555號,04-23936681,healthforkids
3536040171,紀小兒科內科診所,兒童發展篩檢院所,臺中市,清水區,臺中市清水區西寧里中興街66號,04-26228596,healthforkids
3503200587,緻為東榮診所,兒童發展篩檢院所,臺中市,大里區,臺中市大里區東榮路211號,04-24817666,healthforkids
x:臺中市:聖心診所,聖心診所,兒童發展篩檢院所,臺中市,大里區,臺中市大里區東榮路350號,04-24872100,healthforkids
x:臺中市:臺中家幼診所,臺中家幼診所,兒童發展篩檢院所,臺中市,北區,臺中市北區進化北路96號,04-22315588,healthforkids
2317070010,臺中市南屯區衛生所,兒童發展篩檢院所,臺中市,南屯區,臺中市南屯區向心南路811號,04-23827640,healthforkids
2336070012,臺中市后里區衛生所,兒童發展篩檢院所,臺中市,后里區,臺中市后里區公安路86號,04-25562048,healthforkids
2336210034,臺中市和平區梨山衛生所,兒童發展篩檢院所,臺中市,和平區,臺中市和平區梨山里中正路68號,04-25989540,healthforkids
x:臺中市:臺中市和平區衛生所,臺中市和平區衛生所,兒童發展篩檢院所,臺中市,和平區,臺中市和平區東關路三段132號,04-25942781,healthforkids
x:臺中市:臺中市外埔區衛生所,臺中市外埔區衛生所,兒童發展篩檢院所,臺中市,外埔區,臺中市外埔區甲后路三段1062號,04-26833208,healthforkids
2336140019,臺中市大安區衛生所,兒童發展篩檢院所,臺中市,大安區,臺中市大安區中山南路333號,04-26713681,healthforkids
2336030018,臺中市大甲區衛生所,兒童發展篩檢院所,臺中市,大甲區,臺中市大甲區德興路81號,04-26872153,healthforkids
2336160011,臺中市大肚區衛生所,兒童發展篩檢院所,臺中市,大肚區,臺中市大肚區榮華街1號,04-26996311,healthforkids
2336200010,臺中市大里區衛生所,兒童發展篩檢院所,臺中市,大里區,臺中市大里區大衛路82號,04-24061500,healthforkids
2336100015,臺中市大雅區衛生所,兒童發展篩檢院所,臺中市,大雅區,臺中市大雅區中清東路232號,04-25661091,healthforkids
2336110011,臺中市新社區衛生所,兒童發展篩檢院所,臺中市,新社區,臺中市新社區新社里興社街四段1號,04-25811704,healthforkids
2336020012,臺中市東勢區衛生所,兒童發展篩檢院所,臺中市,東勢區,臺中市東勢區中寧里豐勢路490號,04-25881424,healthforkids
2317020010,臺中市東區衛生所,兒童發展篩檢院所,臺中市,東區,臺中市東區信義街142號,04-22834121,healthforkids
x:臺中市:臺中市梧棲區衛生所,臺中市梧棲區衛生所,兒童發展篩檢院所,臺中市,梧棲區,臺中市梧棲區雲集街70巷3號,04-26562809,healthforkids
2336050010,臺中市沙鹿區衛生所,兒童發展篩檢院所,臺中市,沙鹿區,臺中市沙鹿區文昌街20號,04-26625040,healthforkids
x:臺中市:臺中市潭子區衛生所,臺中市潭子區衛生所,兒童發展篩檢院所,臺中市,潭子區,臺中市潭子區中山路二段241巷5號,04-25324643,healthforkids
2336150015,臺中市烏日區衛生所,兒童發展篩檢院所,臺中市,烏日區,臺中市烏日區長樂街136號,04-23381027,healthforkids
2336120017,臺中市石岡區衛生所,兒童發展篩檢院所,臺中市,石岡區,臺中市石岡區石岡街6號,04-25721887,healthforkids
2336080018,臺中市神岡區衛生所,兒童發展篩檢院所,臺中市,神岡區,臺中市神岡區神岡路2號,04-25622792,healthforkids
1303290012,臺中市立老人復健綜合醫院(委託財團法人中國醫藥大學興建經營),兒童發展篩檢院所,臺中市,北屯區,臺中市北屯區太原路三段1141號,04-24375252,healthforkids
2336010016,臺中市豐原區衛生所,兒童發展篩檢院所,臺中市,豐原區,臺中市豐原區中興路136號,04-25261170,healthforkids
2336180013,臺中市霧峰區衛生所,兒童發展篩檢院所,臺中市,霧峰區,臺中市霧峰區民生路1之9號,04-23393022,healthforkids
2336170017,臺中市龍井區衛生所,兒童發展篩檢院所,臺中市,龍井區,臺中市龍井區竹坑里沙田路四段243號,04-26352228,healthforkids
1517021074,臺安醫院,兒童發展篩檢院所,臺中市,東區,臺中市東區進化路203號,04-23602000,healthforkids;sfaa
3517081394,芳鄰診所,兒童發展篩檢院所,臺中市,北屯區,臺中市北屯區東山路一段240號,04-24371433,healthforkids
1503290025,茂盛醫院,兒童發展篩檢院所,臺中市,北屯區,臺中市北屯區昌平路一段30之6號,04-22347057,healthforkids;sfaa
x:臺中市:莊雅旭小兒科診所,莊雅旭小兒科診所,兒童發展篩檢院所,臺中市,北屯區,臺中市北屯區松竹路二段155號,04-22411723,healthforkids
3503230110,華幼診所,兒童發展篩檢院所,臺中市,東區,臺中市東區進化路211號,04-23600099,healthforkids
3503040107,萬安診所,兒童發展篩檢院所,臺中市,清水區,臺中市清水區中山路126之2號,04-26227823,healthforkids
x:臺中市:董建宗小兒科診所,董建宗小兒科診所,兒童發展篩檢院所,臺中市,南屯區,臺中市南屯區溝墘里大墩路508號,04-23203873,healthforkids
x:臺中市:蔡振昌耳鼻喉科診所,蔡振昌耳鼻喉科診所,兒童發展篩檢院所,臺中市,大肚區,臺中市大肚區文昌路一段38號,04-26995566,healthforkids
x:臺中市:蔡政益小兒科診所,蔡政益小兒科診所,兒童發展篩檢院所,臺中市,大里區,臺中市大里區新里里益民路二段169號,04-24870721,healthforkids
x:臺中市:蔡明哲小兒科診所,蔡明哲小兒科診所,兒童發展篩檢院所,臺中市,霧峰區,臺中市霧峰區中正里中正路1102號,04-23338728,healthforkids
x:臺中市:薛凱中診所,薛凱中診所,兒童發展篩檢院所,臺中市,南屯區,臺中市南屯區大墩路383號,04-24716898,healthforkids
3517070757,蘇德慶診所,兒童發展篩檢院所,臺中市,南屯區,臺中市南屯區東興路二段57號,04-24717572,healthforkids
x:臺中市:蘇游耳鼻喉科診所,蘇游耳鼻喉科診所,兒童發展篩檢院所,臺中市,北屯區,臺中市北屯區昌平路一段99之3號,04-22462420,healthforkids
x:臺中市:親子診所,親子診所,兒童發展篩檢院所,臺中市,南屯區,臺中市南屯區黎明路一段1091號,04-23862626,healthforkids
3503050247,許志煌兒科診所,兒童發展篩檢院所,臺中市,沙鹿區,臺中市沙鹿區民族路72號,04-26623790,healthforkids
x:臺中市:許慶芳耳鼻喉科診所,許慶芳耳鼻喉科診所,兒童發展篩檢院所,臺中市,豐原區,臺中市豐原區胡蘆里中山路506號,04-25292857,healthforkids
x:臺中市:許文俊小兒科診所,許文俊小兒科診所,兒童發展篩檢院所,臺中市,北區,臺中市北區進化北路265號,04-22350366,healthforkids
x:臺中市:許躍騰診所,許躍騰診所,兒童發展篩檢院所,臺中市,豐原區,臺中市豐原區下街里中正路222號,04-25222010,healthforkids
3503230272,詠馨診所,兒童發展篩檢院所,臺中市,東區,臺中市東區大智路39號,04-22236216,healthforkids
x:臺中市:誠心兒科診所,誠心兒科診所,兒童發展篩檢院所,臺中市,南屯區,臺中市南屯區東興路二段33號,04-24719001,healthforkids
5903261197,謝佳璋小兒科診所,兒童發展篩檢院所,臺中市,北區,臺中市北區漢口路四段300號,04-22355918,healthforkids
x:臺中市:謝煌德小兒科診所,謝煌德小兒科診所,兒童發展篩檢院所,臺中市,霧峰區,臺中市霧峰區中正路988號,04-23314766,healthforkids
x:臺中市:謝錦松內小兒科診所,謝錦松內小兒科診所,兒童發展篩檢院所,臺中市,豐原區,臺中市豐原區豐西里中正路394號,04-25241310,healthforkids
x:臺中市:豊府診所,豊府診所,兒童發展篩檢院所,臺中市,東區,臺中市東區旱溪東路一段293號,04-22126228,healthforkids
x:臺中市:賴東昇小兒科診所,賴東昇小兒科診所,兒童發展篩檢院所,臺中市,南屯區,臺中市南屯區大業路93號,04-23280188,healthforkids
x:臺中市:賴永章小兒科診所,賴永章小兒科診所,兒童發展篩檢院所,臺中市,西區,臺中市西區大全街41號,04-23714599,healthforkids
3503200550,軒宇診所,兒童發展篩檢院所,臺中市,大里區,臺中市大里區永隆路11號,04-24067095,healthforkids
3503290929,輝佑診所,兒童發展篩檢院所,臺中市,北屯區,臺中市北屯區環太東路470號,04-23935252,healthforkids
3503291677,辰丞文心耳鼻喉科兒科診所,兒童發展篩檢院所,臺中市,北屯區,臺中市北屯區文心路四段278號,04-22365828,healthforkids
x:臺中市:邢志宇耳鼻喉科診所,邢志宇耳鼻喉科診所,兒童發展篩檢院所,臺中市,南屯區,臺中市南屯區南屯路二段252號,04-24735806,healthforkids
x:臺中市:郭品君診所,郭品君診所,兒童發展篩檢院所,臺中市,南屯區,臺中市南屯區黎明路一段1059號,04-23817333,healthforkids
x:臺中市:金寶貝診所,金寶貝診所,兒童發展篩檢院所,臺中市,霧峰區,臺中市霧峰區中正路882號,04-23303008,healthforkids
x:臺中市:鎧緯耳鼻喉科診所,鎧緯耳鼻喉科診所,兒童發展篩檢院所,臺中市,北屯區,臺中市北屯區景賢路276號,04-24369187,healthforkids
x:臺中市:長頸鹿小兒科診所,長頸鹿小兒科診所,兒童發展篩檢院所,臺中市,東勢區,臺中市東勢區豐勢路418號,04-25771809,healthforkids
x:臺中市:阮春閔小兒科診所,阮春閔小兒科診所,兒童發展篩檢院所,臺中市,西區,臺中市西區南屯路一段148號,04-23757456,healthforkids
x:臺中市:陳亮宇耳鼻喉科診所,陳亮宇耳鼻喉科診所,兒童發展篩檢院所,臺中市,西屯區,臺中市西屯區大墩路995號,04-23203888,healthforkids
x:臺中市:陳俊宏小兒科診所,陳俊宏小兒科診所,兒童發展篩檢院所,臺中市,西屯區,臺中市西屯區青海路一段3之3號,04-23146466,healthforkids
3517020775,陳國華小兒科診所,兒童發展篩檢院所,臺中市,東區,臺中市東區進化路218之1號,04-23601245,healthforkids
x:臺中市:陳德義小兒科診所,陳德義小兒科診所,兒童發展篩檢院所,臺中市,南區,臺中市南區美村南路147號,04-22650913,healthforkids
x:臺中市:陳憲立小兒科診所,陳憲立小兒科診所,兒童發展篩檢院所,臺中市,北屯區,臺中市北屯區昌平路一段42號,04-22335878,healthforkids
3536040279,陳振昆診所,兒童發展篩檢院所,臺中市,清水區,臺中市清水區清水里中山路127號,04-26225205,healthforkids
x:臺中市:陳祥雪小兒科診所,陳祥雪小兒科診所,兒童發展篩檢院所,臺中市,大里區,臺中市大里區西榮里新生西路42號,04-24850052,healthforkids
x:臺中市:陳鉉煒小兒科診所,陳鉉煒小兒科診所,兒童發展篩檢院所,臺中市,南區,臺中市南區臺中路156號,04-22861566,healthforkids
3503150135,順馨診所,兒童發展篩檢院所,臺中市,烏日區,臺中市烏日區中山路二段297號,04-23360115,healthforkids
x:臺中市:顧耳鼻喉科診所,顧耳鼻喉科診所,兒童發展篩檢院所,臺中市,大里區,臺中市大里區塗城路532號,04-24966988,healthforkids
x:臺中市:香光小兒科診所,香光小兒科診所,兒童發展篩檢院所,臺中市,大里區,臺中市大里區中興路二段392之1號,04-24825105,healthforkids
3503100171,黃慶來診所,兒童發展篩檢院所,臺中市,大雅區,臺中市大雅區中清東路88號,04-25601199,healthforkids
3503282141,黎明晨至診所,兒童發展篩檢院所,臺中市,南屯區,臺中市南屯區黎明路一段1039號,04-23891195,healthforkids
5936171439,龍井東海小兒科診所,兒童發展篩檢院所,臺中市,龍井區,臺中市龍井區新興路96之23號,04-26521838,healthforkids
0501010019,三軍總醫院松山分院附設民眾診療服務處,兒童發展篩檢院所,臺北市,松山區,臺北市松山區健康路131號,02-27642151,healthforkids
0901020013,中山醫療社團法人中山醫院,兒童發展篩檢院所,臺北市,大安區,臺北市大安區仁愛路四段112巷11號,02-27081166,healthforkids;sfaa
350102J299,仁愛柚子診所,兒童發展篩檢院所,臺北市,大安區,臺北市大安區仁愛路四段33號,02-27711380,healthforkids
x:臺北市:何叔芳小兒科診所,何叔芳小兒科診所,兒童發展篩檢院所,臺北市,北投區,臺北市北投區石牌路二段90巷12號,02-28206886,healthforkids
3501154564,佩佩婦幼診所,兒童發展篩檢院所,臺北市,士林區,臺北市士林區中山北路六段182號,02-28386262,healthforkids
3501114613,佳霖診所,兒童發展篩檢院所,臺北市,內湖區,臺北市內湖區東湖路147號,02-26334535,healthforkids
3501203455,佳鴻診所,兒童發展篩檢院所,臺北市,文山區,臺北市文山區羅斯福路六段256號,02-29333096,healthforkids
3501187054,侑澄診所,兒童發展篩檢院所,臺北市,中正區,臺北市中正區信義路二段189號,02-23960123,healthforkids
3501027491,劉建宏診所,兒童發展篩檢院所,臺北市,大安區,臺北市大安區大安路二段139號,02-27002368,healthforkids
1501010010,博仁綜合醫院,兒童發展篩檢院所,臺北市,松山區,臺北市松山區光復北路66號,02-25786677,healthforkids
3501108008,四季和安婦幼診所,兒童發展篩檢院所,臺北市,中山區,臺北市中山區林森北路458號,02-25677310,healthforkids
4001110018,國泰醫療財團法人內湖國泰診所,兒童發展篩檢院所,臺北市,內湖區,臺北市內湖區瑞光路337號,02-87972121,healthforkids;sfaa
0401180023,國立臺灣大學醫學院附設醫院兒童醫院,兒童發展篩檢院所,臺北市,中正區,臺北市中正區中山南路8號,02-23123456,healthforkids;sfaa
0401190010,國立臺灣大學醫學院附設醫院北護分院,兒童發展篩檢院所,臺北市,萬華區,臺北市萬華區內江街87號,02-23717101,healthforkids
5931052724,士林小兒科診所,兒童發展篩檢院所,臺北市,士林區,臺北市士林區中正路249號,02-28812485,healthforkids
3501155007,士林欣然耳鼻喉科診所,兒童發展篩檢院所,臺北市,士林區,臺北市士林區文林路450號,02-28386090,healthforkids
x:臺北市:存德小兒科診所,存德小兒科診所,兒童發展篩檢院所,臺北市,士林區,臺北市士林區文林路460號,02-28342567,healthforkids
3501015035,安兒康小兒專科診所,兒童發展篩檢院所,臺北市,松山區,臺北市松山區敦化北路118號,02-77287688,healthforkids;sfaa
350102H071,家齡診所,兒童發展篩檢院所,臺北市,大安區,臺北市大安區敦化南路一段205號,02-27212821,healthforkids
3501103665,寧康聯合診所,兒童發展篩檢院所,臺北市,中山區,臺北市中山區龍江路209巷6之1號,02-25013862,healthforkids
3501154528,小禾馨士林小兒專科診所,兒童發展篩檢院所,臺北市,士林區,臺北市士林區中正路289號,02-28827333,healthforkids
350102I845,小禾馨小兒專科診所,兒童發展篩檢院所,臺北市,大安區,臺北市大安區新生南路三段4號,02-23698833,healthforkids
3501114186,小禾馨民權小兒專科診所,兒童發展篩檢院所,臺北市,內湖區,臺北市內湖區行忠路191號,02-27910233,healthforkids
350102I096,尹書田醫療財團法人書田泌尿科眼科診所,兒童發展篩檢院所,臺北市,大安區,臺北市大安區建國南路二段276號,02-23690211,healthforkids
x:臺北市:屈銘軒小兒科診所,屈銘軒小兒科診所,兒童發展篩檢院所,臺北市,文山區,臺北市文山區興隆路二段301巷4之2號,02-29308518,healthforkids
1101110026,康寧醫療財團法人康寧醫院,兒童發展篩檢院所,臺北市,內湖區,臺北市內湖區成功路五段420巷26號,02-26345500,healthforkids;sfaa
3501015606,弘宇診所,兒童發展篩檢院所,臺北市,松山區,臺北市松山區民權東路三段160巷2之6號,02-27128875,healthforkids
x:臺北市:張育驍診所,張育驍診所,兒童發展篩檢院所,臺北市,信義區,臺北市信義區吳興街467巷2弄6號,02-27291011,healthforkids
x:臺北市:張虔熙小兒科診所,張虔熙小兒科診所,兒童發展篩檢院所,臺北市,士林區,臺北市士林區中山北路六段282號,02-28361368,healthforkids
3501202510,徐慧玲診所,兒童發展篩檢院所,臺北市,文山區,臺北市文山區興隆路四段99號,02-22340000,healthforkids
3501015660,心田民生診所,兒童發展篩檢院所,臺北市,松山區,臺北市松山區民生東路五段105號,02-27653039,healthforkids
x:臺北市:快樂兒童診所,快樂兒童診所,兒童發展篩檢院所,臺北市,萬華區,臺北市萬華區寶興街121號,02-23328610,healthforkids
350102J879,怡兒大安親子診所,兒童發展篩檢院所,臺北市,大安區,臺北市大安區金華街162之3號,02-23564401,healthforkids
3501094269,悅昇診所,兒童發展篩檢院所,臺北市,大同區,臺北市大同區錦西街50之1號,02-25502664,healthforkids
3501153745,愛林診所,兒童發展篩檢院所,臺北市,士林區,臺北市士林區承德路四段222號,02-28836881,healthforkids
x:臺北市:木生婦幼診所,木生婦幼診所,兒童發展篩檢院所,臺北市,中山區,臺北市中山區長安東路二段90號,02-25012312,healthforkids
3501161185,李伯匯小兒科診所,兒童發展篩檢院所,臺北市,北投區,臺北市北投區石牌路一段93號,02-28221212,healthforkids
x:臺北市:李文珍小兒科診所,李文珍小兒科診所,兒童發展篩檢院所,臺北市,南港區,臺北市南港區研究院路二段74號,02-26511871,healthforkids
3501122142,松展診所,兒童發展篩檢院所,臺北市,南港區,臺北市南港區忠孝東路六段110巷18號,02-27631373,healthforkids
3501155025,柳橙親子診所,兒童發展篩檢院所,臺北市,士林區,臺北市士林區天母北路35號,02-28742818,healthforkids
3501109845,永育樂群診所,兒童發展篩檢院所,臺北市,中山區,臺北市中山區樂群二路210之2號,02-85012268,healthforkids
3501114597,永育醫療大湖診所,兒童發展篩檢院所,臺北市,內湖區,臺北市內湖區成功路四段366號,02-27906002,healthforkids
3501114882,永育醫療康樂診所,兒童發展篩檢院所,臺北市,內湖區,臺北市內湖區康樂街82號,02-26308800,healthforkids
x:臺北市:江崇萍小兒科診所,江崇萍小兒科診所,兒童發展篩檢院所,臺北市,松山區,臺北市松山區南京東路五段251巷24弄27號,02-27632260,healthforkids
350110B143,沐晴診所,兒童發展篩檢院所,臺北市,中山區,臺北市中山區龍江路401號,02-25189009,healthforkids
x:臺北市:洪佑承小兒專科診所,洪佑承小兒專科診所,兒童發展篩檢院所,臺北市,文山區,臺北市文山區興隆路四段64之2號,02-29364708,healthforkids
x:臺北市:漢宗小兒科診所,漢宗小兒科診所,兒童發展篩檢院所,臺北市,萬華區,臺北市萬華區中華路二段434號,02-23039022,healthforkids
350102I498,澤星親子診所,兒童發展篩檢院所,臺北市,大安區,臺北市大安區敦化南路一段376號2樓之2,02-27018848,healthforkids
3501113750,禾馨內湖婦幼診所,兒童發展篩檢院所,臺北市,內湖區,臺北市內湖區民權東路六段42號,02-55713333,healthforkids
350102H526,禾馨大安婦幼診所,兒童發展篩檢院所,臺北市,大安區,臺北市大安區新生南路三段4號,02-23682333,healthforkids
JY01180077,禾馨婦產科診所,兒童發展篩檢院所,臺北市,中正區,臺北市中正區懷寧街78號,02-23612323,healthforkids
350102I372,禾馨新生婦幼診所,兒童發展篩檢院所,臺北市,大安區,臺北市大安區新生南路三段2號,02-23682333,healthforkids;sfaa
3501113929,禾馨民權婦幼診所,兒童發展篩檢院所,臺北市,內湖區,臺北市內湖區民權東路六段42號,02-55713333,healthforkids;sfaa
350110A324,綠葉親子診所,兒童發展篩檢院所,臺北市,中山區,臺北市中山區農安街12之1號,02-25935559,healthforkids
3501093299,羅源彰診所,兒童發展篩檢院所,臺北市,大同區,臺北市大同區長安西路137號,02-25552500,healthforkids
3501121725,義仁兒科診所,兒童發展篩檢院所,臺北市,南港區,臺北市南港區玉成街138號,02-26515929,healthforkids
3401171107,聯合報系員工診療所,兒童發展篩檢院所,臺北市,信義區,臺北市信義區忠孝東路四段559巷1號,02-27601618,healthforkids
2101100227,臺北市立聯合醫院附設中山門診部,兒童發展篩檢院所,臺北市,中山區,臺北市中山區松江路367號,02-25013363,healthforkids
2101180038,臺北市立聯合醫院附設中正門診部,兒童發展篩檢院所,臺北市,中正區,臺北市中正區牯嶺街24號,02-23210168,healthforkids
2101170050,臺北市立聯合醫院附設信義門診部,兒童發展篩檢院所,臺北市,信義區,臺北市信義區大道路116號,02-87804152,healthforkids
2101110027,臺北市立聯合醫院附設內湖門診部,兒童發展篩檢院所,臺北市,內湖區,臺北市內湖區民權東路六段99號,02-27908387,healthforkids
2101161033,臺北市立聯合醫院附設北投門診部,兒童發展篩檢院所,臺北市,北投區,臺北市北投區公舘路198號,02-28912670,healthforkids
2101120014,臺北市立聯合醫院附設南港門診部,兒童發展篩檢院所,臺北市,南港區,臺北市南港區南港路一段360號,02-27868756,healthforkids
2101150012,臺北市立聯合醫院附設士林門診部,兒童發展篩檢院所,臺北市,士林區,臺北市士林區中正路439號,02-28836268,healthforkids
2101090011,臺北市立聯合醫院附設大同門診部,兒童發展篩檢院所,臺北市,大同區,臺北市大同區昌吉街52號,02-25948971,healthforkids
2101020019,臺北市立聯合醫院附設大安門診部,兒童發展篩檢院所,臺北市,大安區,臺北市大安區辛亥路三段15號,02-27390997,healthforkids
2101200017,臺北市立聯合醫院附設政大門診部,兒童發展篩檢院所,臺北市,文山區,臺北市文山區指南路二段117號,02-82377441,healthforkids
2101010013,臺北市立聯合醫院附設松山門診部,兒童發展篩檢院所,臺北市,松山區,臺北市松山區八德路四段694號,02-27653147,healthforkids
2101191068,臺北市立聯合醫院附設萬華門診部,兒童發展篩檢院所,臺北市,萬華區,臺北市萬華區東園街152號,02-23395384,healthforkids
3501163312,臺北欣安耳鼻喉科診所,兒童發展篩檢院所,臺北市,北投區,臺北市北投區石牌路一段152號,02-28210501,healthforkids
1101100020,臺灣基督長老教會馬偕醫療財團法人馬偕兒童醫院,兒童發展篩檢院所,臺北市,中山區,臺北市中山區中山北路二段92號,02-25433535,healthforkids
x:臺北市:興隆內科小兒科診所,興隆內科小兒科診所,兒童發展篩檢院所,臺北市,文山區,臺北市文山區興隆路二段17號,02-29311736,healthforkids
x:臺北市:蔡秉勳小兒科診所,蔡秉勳小兒科診所,兒童發展篩檢院所,臺北市,北投區,臺北市北投區中和街281號,02-28966525,healthforkids
x:臺北市:許靜瑛小兒科診所,許靜瑛小兒科診所,兒童發展篩檢院所,臺北市,大安區,臺北市大安區和平東路一段230號,02-23629088,healthforkids
x:臺北市:車參薇小兒科診所,車參薇小兒科診所,兒童發展篩檢院所,臺北市,松山區,臺北市松山區八德路三段195號,02-25770101,healthforkids
3501113812,連安診所,兒童發展篩檢院所,臺北市,內湖區,臺北市內湖區內湖路一段619號,02-26276705,healthforkids
3501028845,那明珠診所,兒童發展篩檢院所,臺北市,大安區,臺北市大安區和平東路三段8號,02-27360589,healthforkids
x:臺北市:鄭志誠小兒科診所,鄭志誠小兒科診所,兒童發展篩檢院所,臺北市,中山區,臺北市中山區民生東路一段8號,02-25512246,healthforkids
3501163241,陳信方小兒科診所,兒童發展篩檢院所,臺北市,北投區,臺北市北投區明德路106號,02-28201068,healthforkids
3501163232,陳柏宏親子診所,兒童發展篩檢院所,臺北市,北投區,臺北市北投區明德路124號,02-28225257,healthforkids
3501107565,雙連婦產科小兒科診所,兒童發展篩檢院所,臺北市,中山區,臺北市中山區民生西路30號,02-25222350,healthforkids
3501194451,青年診所,兒童發展篩檢院所,臺北市,萬華區,臺北市萬華區中華路二段424號,02-23032450,healthforkids
x:臺北市:魏之明小兒科診所,魏之明小兒科診所,兒童發展篩檢院所,臺北市,內湖區,臺北市內湖區康寧路三段54之6號,02-26306968,healthforkids
3501170835,黃啟彰診所,兒童發展篩檢院所,臺北市,信義區,臺北市信義區松山路261之1號,02-27696218,healthforkids
3501163036,黃正宏診所,兒童發展篩檢院所,臺北市,北投區,臺北市北投區西安街一段359號,02-28217076,healthforkids
x:臺北市:黃浩魁小兒科診所,黃浩魁小兒科診所,兒童發展篩檢院所,臺北市,北投區,臺北市北投區中央北路一段168號,02-28983256,healthforkids
x:臺南市:佳安小兒科診所,佳安小兒科診所,兒童發展篩檢院所,臺南市,新市區,臺南市新市區中正路331之1號,06-5995234,healthforkids
x:臺南市:侯世婷小兒科診所,侯世婷小兒科診所,兒童發展篩檢院所,臺南市,東區,臺南市東區崇善路511號,06-3369131,healthforkids
3531092282,健康超人兒科診所,兒童發展篩檢院所,臺南市,永康區,臺南市永康區中華路13號,06-3122598,healthforkids
x:臺南市:劉伊薰小兒科診所,劉伊薰小兒科診所,兒童發展篩檢院所,臺南市,北區,臺南市北區北安路一段259號,06-2832111,healthforkids
x:臺南市:劉琳榕小兒科診所,劉琳榕小兒科診所,兒童發展篩檢院所,臺南市,新化區,臺南市新化區忠孝路120號,06-5970088,healthforkids
3505330300,加恩耳鼻喉專科診所,兒童發展篩檢院所,臺南市,南區,臺南市南區金華路一段450號,06-2616598,healthforkids
x:臺南市:史地分小兒科診所,史地分小兒科診所,兒童發展篩檢院所,臺南市,永康區,臺南市永康區大橋一街57號,06-3039099,healthforkids
x:臺南市:同心小兒科診所,同心小兒科診所,兒童發展篩檢院所,臺南市,安平區,臺南市安平區國平路306號,06-2993699,healthforkids
x:臺南市:吳國堯小兒科診所,吳國堯小兒科診所,兒童發展篩檢院所,臺南市,安平區,臺南市安平區文平路438號,06-2933358,healthforkids
x:臺南市:吳明松小兒科診所,吳明松小兒科診所,兒童發展篩檢院所,臺南市,中西區,臺南市中西區衛民街39號,06-2263203,healthforkids
x:臺南市:吳美華小兒科診所,吳美華小兒科診所,兒童發展篩檢院所,臺南市,東區,臺南市東區凱旋路42號,06-2740172,healthforkids
x:臺南市:吳長芳小兒科診所,吳長芳小兒科診所,兒童發展篩檢院所,臺南市,仁德區,臺南市仁德區中正路二段795號,06-2797929,healthforkids
x:臺南市:呂怡璋小兒科診所,呂怡璋小兒科診所,兒童發展篩檢院所,臺南市,東區,臺南市東區前鋒路41號,06-2748014,healthforkids
x:臺南市:喜樂小兒科診所,喜樂小兒科診所,兒童發展篩檢院所,臺南市,東區,臺南市東區東光路一段106號,06-2757869,healthforkids
1505340019,大安婦幼醫院,兒童發展篩檢院所,臺南市,中西區,臺南市中西區金華路三段167號,06-2278899,healthforkids;sfaa
x:臺南市:婦兒安診所,婦兒安診所,兒童發展篩檢院所,臺南市,東區,臺南市東區中華東路三段46號,06-2894488,healthforkids
x:臺南市:安安婦幼診所,安安婦幼診所,兒童發展篩檢院所,臺南市,北區,臺南市北區開元路286號,06-2091666,healthforkids;sfaa
1541070045,宏科醫院,兒童發展篩檢院所,臺南市,善化區,臺南市善化區三民路1之35號,06-5818868,healthforkids
3505310433,富ㄦ康診所,兒童發展篩檢院所,臺南市,永康區,臺南市永康區中山路42之1號,06-2318600,healthforkids
x:臺南市:小天使婦兒診所,小天使婦兒診所,兒童發展篩檢院所,臺南市,中西區,臺南市中西區府前一街9巷14號,06-2930888,healthforkids
x:臺南市:幸福安診所,幸福安診所,兒童發展篩檢院所,臺南市,東區,臺南市東區長榮路一段227號,06-2081031,healthforkids
x:臺南市:幼之園小兒科診所,幼之園小兒科診所,兒童發展篩檢院所,臺南市,北區,臺南市北區北華里忠義路三段24號,06-2213434,healthforkids
x:臺南市:康庭小兒科診所樂恩聯合診所,康庭小兒科診所（樂恩聯合診所）,兒童發展篩檢院所,臺南市,新營區,臺南市新營區三民路106之12號,06-6331666,healthforkids
x:臺南市:張耀仁小兒科診所,張耀仁小兒科診所,兒童發展篩檢院所,臺南市,永康區,臺南市永康區復國一路447號,06-2010199,healthforkids
3521040945,張金石小兒科診所,兒童發展篩檢院所,臺南市,北區,臺南市北區公園路191號,06-2216855,healthforkids
x:臺南市:彭亞萱小兒科診所,彭亞萱小兒科診所,兒童發展篩檢院所,臺南市,東區,臺南市東區崇明路477號,06-2899047,healthforkids
5939121299,徐小兒科診所,兒童發展篩檢院所,臺南市,新化區,臺南市新化區中山路193號,06-5901995,healthforkids
3521011435,徐慶鐘小兒科診所,兒童發展篩檢院所,臺南市,東區,臺南市東區長榮路二段306號,06-2369954,healthforkids
x:臺南市:德安小兒科診所,德安小兒科診所,兒童發展篩檢院所,臺南市,永康區,臺南市永康區永康里永大路二段1538號,06-2032000,healthforkids
x:臺南市:快樂診所,快樂診所,兒童發展篩檢院所,臺南市,麻豆區,臺南市麻豆區民權路22之5號,06-5714606,healthforkids
x:臺南市:怡安小兒科診所,怡安小兒科診所,兒童發展篩檢院所,臺南市,安南區,臺南市安南區鳳凰里怡安路二段511號,06-2456657,healthforkids
x:臺南市:悅恩小兒科診所樂恩聯合診所,悅恩小兒科診所（樂恩聯合診所）,兒童發展篩檢院所,臺南市,新營區,臺南市新營區三民路106之12號,06-6331666,healthforkids
3541200214,新祐小兒科診所,兒童發展篩檢院所,臺南市,新市區,臺南市新市區大營里大營130之10號,06-5999129,healthforkids
x:臺南市:曾小兒科診所,曾小兒科診所,兒童發展篩檢院所,臺南市,鹽水區,臺南市鹽水區武廟路30號,06-6528620,healthforkids
x:臺南市:李朝泰小兒科診所,李朝泰小兒科診所,兒童發展篩檢院所,臺南市,中西區,臺南市中西區普濟里成功路319號,06-2256618,healthforkids
x:臺南市:林君郁耳鼻喉科診所,林君郁耳鼻喉科診所,兒童發展篩檢院所,臺南市,永康區,臺南市永康區大灣路176號,06-2051351,healthforkids
3505370368,欣怡康診所,兒童發展篩檢院所,臺南市,安南區,臺南市安南區國安里宜居路376號,06-3589090,healthforkids
x:臺南市:海安小兒科診所,海安小兒科診所,兒童發展篩檢院所,臺南市,北區,臺南市北區海安路三段761號,06-3589696,healthforkids
x:臺南市:王克生小兒科診所,王克生小兒科診所,兒童發展篩檢院所,臺南市,北區,臺南市北區開元路479號,06-2362201,healthforkids
x:臺南市:王界三小兒科診所,王界三小兒科診所,兒童發展篩檢院所,臺南市,北區,臺南市北區文賢路1068號,06-3583770,healthforkids
1505310011,璟馨婦幼醫院,兒童發展篩檢院所,臺南市,永康區,臺南市永康區東橋里東橋七路198號,06-3023366,healthforkids;sfaa
3505380266,白袍旅人兒科診所,兒童發展篩檢院所,臺南市,安平區,臺南市安平區府平路7號,06-2970500,healthforkids
x:臺南市:石荃小兒科診所,石荃小兒科診所,兒童發展篩檢院所,臺南市,東區,臺南市東區文聖里裕農一街158號,06-3363558,healthforkids
3505350759,立欣診所,兒童發展篩檢院所,臺南市,北區,臺南市北區育德路467號,06-2516086,healthforkids
x:臺南市:維仁小兒科診所,維仁小兒科診所,兒童發展篩檢院所,臺南市,麻豆區,臺南市麻豆區三民路1號,06-5717358,healthforkids
x:臺南市:維摩詰診所,維摩詰診所,兒童發展篩檢院所,臺南市,北區,臺南市北區和緯路五段210號,06-3501999,healthforkids
2341170010,臺南市七股區衛生所,兒童發展篩檢院所,臺南市,七股區,臺南市七股區大埕里379號,06-7872277,healthforkids
2341120010,臺南市下營區衛生所,兒童發展篩檢院所,臺南市,下營區,臺南市下營區營前里中山路二段137號,06-6892149,healthforkids
2321030015,臺南市中西區衛生所,兒童發展篩檢院所,臺南市,中西區,臺南市中西區淺草里環河街94號,06-2252403,healthforkids
2341130016,臺南市六甲區衛生所,兒童發展篩檢院所,臺南市,六甲區,臺南市六甲區中華路110號,06-6982013,healthforkids
2341190012,臺南市北門區衛生所,兒童發展篩檢院所,臺南市,北門區,臺南市北門區北門里港北50號,06-7862043,healthforkids
2341250013,臺南市南化區衛生所,兒童發展篩檢院所,臺南市,南化區,臺南市南化區南化里226之1號,06-5771139,healthforkids
2321020019,臺南市南區衛生所,兒童發展篩檢院所,臺南市,南區,臺南市南區南和路6號,06-2618578,healthforkids
2341070015,臺南市善化區衛生所,兒童發展篩檢院所,臺南市,善化區,臺南市善化區中山路200號,06-5837035,healthforkids
2341150018,臺南市大內區衛生所,兒童發展篩檢院所,臺南市,大內區,臺南市大內區大內里2號,06-5761044,healthforkids
2341080011,臺南市學甲區衛生所,兒童發展篩檢院所,臺南市,學甲區,臺南市學甲區仁得里建國路38號,06-7833359,healthforkids
2321060013,臺南市安南區衛生所,兒童發展篩檢院所,臺南市,安南區,臺南市安南區仁安路70號,06-2567406,healthforkids
2341210019,臺南市安定區衛生所,兒童發展篩檢院所,臺南市,安定區,臺南市安定區安定里59號之1,06-5922022,healthforkids
2341140012,臺南市官田區衛生所,兒童發展篩檢院所,臺南市,官田區,臺南市官田區隆田里中山路一段128號,06-7030363,healthforkids
2341180016,臺南市將軍區衛生所,兒童發展篩檢院所,臺南市,將軍區,臺南市將軍區忠興里185之6號,06-7942007,healthforkids
2341220015,臺南市山上區衛生所,兒童發展篩檢院所,臺南市,山上區,臺南市山上區山上里35之2號,06-5781013,healthforkids
2341260019,臺南市左鎮區衛生所,兒童發展篩檢院所,臺南市,左鎮區,臺南市左鎮區中正里175之15號,06-5731114,healthforkids
2341100018,臺南市後壁區衛生所,兒童發展篩檢院所,臺南市,後壁區,臺南市後壁區後壁里3號,06-6872624,healthforkids
2341060019,臺南市新化區衛生所,兒童發展篩檢院所,臺南市,新化區,臺南市新化區健康路13鄰143號,06-5906025,healthforkids
2341200013,臺南市新市區衛生所,兒童發展篩檢院所,臺南市,新市區,臺南市新市區中興街12號,06-5992504,healthforkids
2321010013,臺南市東區衛生所,兒童發展篩檢院所,臺南市,東區,臺南市東區龍山里林森路一段418號,06-2673613,healthforkids
2341110014,臺南市東山區衛生所,兒童發展篩檢院所,臺南市,東山區,臺南市東山區東山里236號,06-6802618,healthforkids
2341240017,臺南市楠西區衛生所,兒童發展篩檢院所,臺南市,楠西區,臺南市楠西區中正路226號,06-5751006,healthforkids
2341310014,臺南市永康區衛生所,兒童發展篩檢院所,臺南市,永康區,臺南市永康區永康里文化路51號,06-2326507,healthforkids
2341230011,臺南市玉井區衛生所,兒童發展篩檢院所,臺南市,玉井區,臺南市玉井區中正路5號,06-5742275,healthforkids
2341030011,臺南市白河區衛生所,兒童發展篩檢院所,臺南市,白河區,臺南市白河區國光路5號,06-6852014,healthforkids
2341160014,臺南市西港區衛生所,兒童發展篩檢院所,臺南市,西港區,臺南市西港區中山路368號,06-7952338,healthforkids
2341290017,臺南市關廟區衛生所,兒童發展篩檢院所,臺南市,關廟區,臺南市關廟區山西里中正路1000號,06-5952395,healthforkids
2341020015,臺南市鹽水區衛生所,兒童發展篩檢院所,臺南市,鹽水區,臺南市鹽水區武廟路1號,06-6521041,healthforkids
x:臺南市:臺南市麻豆區衛生所,臺南市麻豆區衛生所,兒童發展篩檢院所,臺南市,麻豆區,臺南市麻豆區巷口里興國路11之1號,06-5722215,healthforkids
2341300018,臺南市龍崎區衛生所,兒童發展篩檢院所,臺南市,龍崎區,臺南市龍崎區崎頂里新市子158號,06-5941397,healthforkids
1105040016,臺灣基督長老教會新樓醫療財團法人麻豆新樓醫院,兒童發展篩檢院所,臺南市,麻豆區,臺南市麻豆區埤頭里麻佳路一段207號,06-5702228,healthforkids;sfaa
x:臺南市:良田蔡明峻小兒科診所,良田蔡明峻小兒科診所,兒童發展篩檢院所,臺南市,東區,臺南市東區崇明路201號,06-2607698,healthforkids
x:臺南市:蔡友謙小兒科診所,蔡友謙小兒科診所,兒童發展篩檢院所,臺南市,安南區,臺南市安南區郡安路五段227號,06-2809292,healthforkids
x:臺南市:蔡尚均小兒科診所,蔡尚均小兒科診所,兒童發展篩檢院所,臺南市,永康區,臺南市永康區中華路675之1號,06-3020188,healthforkids
x:臺南市:蔡清祥小兒科診所,蔡清祥小兒科診所,兒童發展篩檢院所,臺南市,安南區,臺南市安南區同安路46號,06-2477127,healthforkids
x:臺南市:蔡迪光小兒科診所,蔡迪光小兒科診所,兒童發展篩檢院所,臺南市,歸仁區,臺南市歸仁區民權北路107號,06-2397839,healthforkids
x:臺南市:許小兒科診所,許小兒科診所,兒童發展篩檢院所,臺南市,新營區,臺南市新營區復興路139號,06-6322277,healthforkids
x:臺南市:詠馨婦產科診所,詠馨婦產科診所,兒童發展篩檢院所,臺南市,北區,臺南市北區成德里海安路三段340號,06-2835888,healthforkids;sfaa
3521011275,路加小兒科診所,兒童發展篩檢院所,臺南市,東區,臺南市東區中華東路二段185巷26號,06-2883000,healthforkids
x:臺南市:邱俊陽診所,邱俊陽診所,兒童發展篩檢院所,臺南市,新營區,臺南市新營區大同路45號,06-6322691,healthforkids
1521031104,郭綜合醫院,兒童發展篩檢院所,臺南市,中西區,臺南市中西區民生路二段22號,06-2221111,healthforkids;sfaa
3532018155,鄭立華小兒科診所,兒童發展篩檢院所,臺南市,新營區,臺南市新營區中正路205號,06-6353391,healthforkids
3541020118,金小兒科診所（光榮聯合診所）,兒童發展篩檢院所,臺南市,鹽水區,臺南市鹽水區三福路72號,06-6521010,healthforkids
x:臺南市:金石小兒科診所,金石小兒科診所,兒童發展篩檢院所,臺南市,佳里區,臺南市佳里區中山路113號,06-7225476,healthforkids
x:臺南市:長逸小兒科診所,長逸小兒科診所,兒童發展篩檢院所,臺南市,安南區,臺南市安南區安和路四段525號,06-3552277,healthforkids
x:臺南市:陳俊達小兒科診所,陳俊達小兒科診所,兒童發展篩檢院所,臺南市,中西區,臺南市中西區中山路21號,06-2221867,healthforkids
x:臺南市:陳信宏小兒科診所,陳信宏小兒科診所,兒童發展篩檢院所,臺南市,麻豆區,臺南市麻豆區民生路35之8號,06-5719889,healthforkids
x:臺南市:陳文峯耳鼻喉科診所,陳文峯耳鼻喉科診所,兒童發展篩檢院所,臺南市,北區,臺南市北區公園路703號,06-2833398,healthforkids
x:臺南市:陳淑玲林原弘小兒科診所,陳淑玲林原弘小兒科診所,兒童發展篩檢院所,臺南市,東區,臺南市東區崇學路229號,06-2900255,healthforkids
1505350015,陳澤彥婦產科醫院,兒童發展篩檢院所,臺南市,北區,臺南市北區中華北路二段101號,06-3505000,healthforkids;sfaa
x:臺南市:陳育瑄小兒科診所,陳育瑄小兒科診所,兒童發展篩檢院所,臺南市,關廟區,臺南市關廟區中山路一段251號,06-5960077,healthforkids
x:臺南市:隆安小兒科診所,隆安小兒科診所,兒童發展篩檢院所,臺南市,永康區,臺南市永康區大橋里大橋二街269號,06-3021686,healthforkids
3505350428,雨欣診所,兒童發展篩檢院所,臺南市,北區,臺南市北區北安路一段259號,06-2832111,healthforkids
5941011646,顏內小兒科診所,兒童發展篩檢院所,臺南市,新營區,臺南市新營區民權路82號,06-6320209,healthforkids
x:臺南市:馮聖堯小兒科診所,馮聖堯小兒科診所,兒童發展篩檢院所,臺南市,歸仁區,臺南市歸仁區中山路一段540號,06-3304696,healthforkids
0641310018,高雄榮民總醫院臺南分院,兒童發展篩檢院所,臺南市,永康區,臺南市永康區復興路427號,06-3125101,healthforkids
x:臺南市:黃清相診所,黃清相診所,兒童發展篩檢院所,臺南市,佳里區,臺南市佳里區延平路72號,06-7215777,healthforkids
x:臺南市:黃義盛小兒科診所,黃義盛小兒科診所,兒童發展篩檢院所,臺南市,安平區,臺南市安平區平安里民權路四段141號,06-2599589,healthforkids
3546012376,小太陽小兒科診所,兒童發展篩檢院所,臺東縣,臺東市,臺東縣臺東市光明路124號,089-349106,healthforkids
x:臺東縣:尤憲明內科小兒科診所,尤憲明內科小兒科診所,兒童發展篩檢院所,臺東縣,臺東市,臺東縣臺東市中華路一段396號,089-323306,healthforkids
2346040017,臺東縣卑南鄉衛生所,兒童發展篩檢院所,臺東縣,卑南鄉,臺東縣卑南鄉太平村和平路132號,089-082042,healthforkids
2346050013,臺東縣大武鄉衛生所,兒童發展篩檢院所,臺東縣,大武鄉,臺東縣大武鄉大武村復興路2之2號,089-791143,healthforkids
2346060019,臺東縣太麻里鄉衛生所,兒童發展篩檢院所,臺東縣,太麻里鄉,臺東縣太麻里鄉民權路66號,089-781220,healthforkids
2346120010,臺東縣延平鄉衛生所,兒童發展篩檢院所,臺東縣,延平鄉,臺東縣延平鄉昇平路11號,089-561358,healthforkids
x:臺東縣:臺東縣東河鄉衛生所,臺東縣東河鄉衛生所,兒童發展篩檢院所,臺東縣,東河鄉,臺東縣東河鄉東河村10鄰300號,089-896289,healthforkids
5931101642,臺東縣池上鄉衛生所,兒童發展篩檢院所,臺東縣,池上鄉,臺東縣池上鄉中山路104號,089-862609,healthforkids
2346130016,臺東縣海端鄉衛生所,兒童發展篩檢院所,臺東縣,海端鄉,臺東縣海端鄉海端村山界29號,089-931391,healthforkids
2346110014,臺東縣綠島鄉衛生所,兒童發展篩檢院所,臺東縣,綠島鄉,臺東縣綠島鄉中寮1之1號,089-672511,healthforkids
2346160014,臺東縣蘭嶼鄉衛生所,兒童發展篩檢院所,臺東縣,蘭嶼鄉,臺東縣蘭嶼鄉紅頭村36之1號,089-732575,healthforkids
2346150018,臺東縣金峰鄉衛生所,兒童發展篩檢院所,臺東縣,金峰鄉,臺東縣金峰鄉賓茂村1鄰14號,089-772201,healthforkids
x:臺東縣:臺東縣長濱鄉衛生所,臺東縣長濱鄉衛生所,兒童發展篩檢院所,臺東縣,長濱鄉,臺東縣長濱鄉長濱村5鄰15號,089-831022,healthforkids
x:臺東縣:臺東縣關山鎮衛生所,臺東縣關山鎮衛生所,兒童發展篩檢院所,臺東縣,關山鎮,臺東縣關山鎮中華路78號,089-811042,healthforkids
x:臺東縣:臺東縣鹿野鄉衛生所,臺東縣鹿野鄉衛生所,兒童發展篩檢院所,臺東縣,鹿野鄉,臺東縣鹿野鄉中華路一段418號,089-551074,healthforkids
0146010013,衛生福利部臺東醫院,兒童發展篩檢院所,臺東縣,臺東市,臺東縣臺東市五權街1號,089-324112,healthforkids
3545051655,卓奇勳小兒科診所,兒童發展篩檢院所,花蓮縣,吉安鄉,花蓮縣吉安鄉中山路三段482之3號,03-8533550,healthforkids
x:花蓮縣:和田小兒科診所,和田小兒科診所,兒童發展篩檢院所,花蓮縣,吉安鄉,花蓮縣吉安鄉建國路二段229號,03-8576822,healthforkids
0545040515,國軍花蓮總醫院附設民眾診療服務處,兒童發展篩檢院所,花蓮縣,新城鄉,花蓮縣新城鄉嘉里路163號,03-8263151,healthforkids
3545012827,張海山診所,兒童發展篩檢院所,花蓮縣,花蓮市,花蓮縣花蓮市中正路191號,03-8353777,healthforkids
x:花蓮縣:張淑華小兒科診所,張淑華小兒科診所,兒童發展篩檢院所,花蓮縣,花蓮市,花蓮縣花蓮市國聯四路75號,03-8311031,healthforkids
0645030011,臺北榮民總醫院玉里分院,兒童發展篩檢院所,花蓮縣,玉里鎮,花蓮縣玉里鎮新興街91號,03-8883141,healthforkids;sfaa
x:花蓮縣:花蓮縣光復鄉衛生所,花蓮縣光復鄉衛生所,兒童發展篩檢院所,花蓮縣,光復鄉,花蓮縣光復鄉大馬村中學街158號,03-8701114,healthforkids
2345130012,花蓮縣卓溪鄉衛生所,兒童發展篩檢院所,花蓮縣,卓溪鄉,花蓮縣卓溪鄉卓溪村中正路65號,03-8882592,healthforkids
2345050019,花蓮縣吉安鄉衛生所,兒童發展篩檢院所,花蓮縣,吉安鄉,花蓮縣吉安鄉吉安路二段132號,03-8521113,healthforkids
x:花蓮縣:花蓮縣壽豐鄉衛生所,花蓮縣壽豐鄉衛生所,兒童發展篩檢院所,花蓮縣,壽豐鄉,花蓮縣壽豐鄉公園路28巷10號,03-8652101,healthforkids
2345100014,花蓮縣富里鄉衛生所,兒童發展篩檢院所,花蓮縣,富里鄉,花蓮縣富里鄉中山路203號,03-8831029,healthforkids
x:花蓮縣:花蓮縣新城鄉衛生所,花蓮縣新城鄉衛生所,兒童發展篩檢院所,花蓮縣,新城鄉,花蓮縣新城鄉北埔路160號,03-8266781,healthforkids
2345030017,花蓮縣玉里鎮衛生所,兒童發展篩檢院所,花蓮縣,玉里鎮,花蓮縣玉里鎮中正路152號,03-8882046,healthforkids
2345090013,花蓮縣瑞穗鄉衛生所,兒童發展篩檢院所,花蓮縣,瑞穗鄉,花蓮縣瑞穗鄉民生街75號,03-8872045,healthforkids
2345110010,花蓮縣秀林鄉衛生所,兒童發展篩檢院所,花蓮縣,秀林鄉,花蓮縣秀林鄉秀林村88號,03-8612122,healthforkids
2345010015,花蓮縣花蓮市衛生所,兒童發展篩檢院所,花蓮縣,花蓮市,花蓮縣花蓮市新興路200號,03-8230232,healthforkids
2345120016,花蓮縣萬榮鄉衛生所,兒童發展篩檢院所,花蓮縣,萬榮鄉,花蓮縣萬榮鄉萬榮村1鄰16號,03-8751651,healthforkids
2345020011,花蓮縣鳳林鎮衛生所,兒童發展篩檢院所,花蓮縣,鳳林鎮,花蓮縣鳳林鎮公正街8之1號,03-8761116,healthforkids
0145010019,衛生福利部花蓮醫院,兒童發展篩檢院所,花蓮縣,花蓮市,花蓮縣花蓮市中正路600號,03-8358141,healthforkids
0145080011,衛生福利部花蓮醫院豐濱原住民分院,兒童發展篩檢院所,花蓮縣,豐濱鄉,花蓮縣豐濱鄉光豐路41號,03-8791385,healthforkids
x:苗栗縣:劉文淦小兒科診所,劉文淦小兒科診所,兒童發展篩檢院所,苗栗縣,苗栗市,苗栗縣苗栗市福麗里至公路207號,037-356131,healthforkids
3535091209,劉樵霖診所,兒童發展篩檢院所,苗栗縣,公館鄉,苗栗縣公館鄉館中村大同路91號,037-220266,healthforkids
3535071323,卓蘭農民診所,兒童發展篩檢院所,苗栗縣,卓蘭鎮,苗栗縣卓蘭鎮中街里中正路145號,04-25894711,healthforkids
3535012413,吳昆展小兒科診所,兒童發展篩檢院所,苗栗縣,苗栗市,苗栗縣苗栗市中正路71號,037-265532,healthforkids
x:苗栗縣:吳金垣小兒科診所,吳金垣小兒科診所,兒童發展篩檢院所,苗栗縣,頭份市,苗栗縣頭份市自強路35號,037-688181,healthforkids
3535021341,善美診所,兒童發展篩檢院所,苗栗縣,苑裡鎮,苗栗縣苑裡鎮房裡里北房10之3號,037-869966,healthforkids
1535081078,大順醫院,兒童發展篩檢院所,苗栗縣,大湖鄉,苗栗縣大湖鄉中山路71號,037-997666,healthforkids;sfaa
x:苗栗縣:宏仁診所,宏仁診所,兒童發展篩檢院所,苗栗縣,竹南鎮,苗栗縣竹南鎮守法街2之13號,037-593771,healthforkids
3535041772,宏安診所,兒童發展篩檢院所,苗栗縣,竹南鎮,苗栗縣竹南鎮照南里27鄰光復路265號,037-466689,healthforkids
x:苗栗縣:小太陽小兒科診所,小太陽小兒科診所,兒童發展篩檢院所,苗栗縣,苑裡鎮,苗栗縣苑裡鎮和平路97號,037-856156,healthforkids
x:苗栗縣:李仁超小兒科診所,李仁超小兒科診所,兒童發展篩檢院所,苗栗縣,苗栗市,苗栗縣苗栗市中正路125號,037-272531,healthforkids
3535051812,李欣祈診所,兒童發展篩檢院所,苗栗縣,頭份市,苗栗縣頭份市中華路928、930號,037-667985,healthforkids
3532026540,活力診所,兒童發展篩檢院所,苗栗縣,竹南鎮,苗栗縣竹南鎮功明街212號,037-476017,healthforkids
x:苗栗縣:祥安診所,祥安診所,兒童發展篩檢院所,苗栗縣,頭份市,苗栗縣頭份市中華路928號,037-667985,healthforkids
x:苗栗縣:祥恩診所,祥恩診所,兒童發展篩檢院所,苗栗縣,公館鄉,苗栗縣公館鄉大同路80號,037-220118,healthforkids
x:苗栗縣:竹南診所,竹南診所,兒童發展篩檢院所,苗栗縣,竹南鎮,苗栗縣竹南鎮光復路272號,037-470709,healthforkids
x:苗栗縣:聖福診所,聖福診所,兒童發展篩檢院所,苗栗縣,竹南鎮,苗栗縣竹南鎮聖福里26鄰龍天路17號,037-480055,healthforkids
2335160017,苗栗縣三灣鄉衛生所,兒童發展篩檢院所,苗栗縣,三灣鄉,苗栗縣三灣鄉三灣村親民路17號,037-831140,healthforkids
2335090010,苗栗縣公館鄉衛生所,兒童發展篩檢院所,苗栗縣,公館鄉,苗栗縣公館鄉館中村大同路75號,037-224732,healthforkids
2335110017,苗栗縣南庄鄉衛生所,兒童發展篩檢院所,苗栗縣,南庄鄉,苗栗縣南庄鄉東村大同路17號,037-822024,healthforkids
2335060012,苗栗縣後龍鎮衛生所,兒童發展篩檢院所,苗栗縣,後龍鎮,苗栗縣後龍鎮大庄里21鄰光華路375號,037-722008,healthforkids
2335180019,苗栗縣泰安鄉衛生所,兒童發展篩檢院所,苗栗縣,泰安鄉,苗栗縣泰安鄉清安村2鄰72號,037-941054,healthforkids
2335040010,苗栗縣竹南鎮衛生所,兒童發展篩檢院所,苗栗縣,竹南鎮,苗栗縣竹南鎮大營路209號,037-470152,healthforkids
2335010012,苗栗縣苗栗市衛生所,兒童發展篩檢院所,苗栗縣,苗栗市,苗栗縣苗栗市建民街28號,037-277129,healthforkids
2335150011,苗栗縣造橋鄉衛生所,兒童發展篩檢院所,苗栗縣,造橋鄉,苗栗縣造橋鄉造橋村14鄰8之2號,037-542755,healthforkids
2335100011,苗栗縣銅鑼鄉衛生所,兒童發展篩檢院所,苗栗縣,銅鑼鄉,苗栗縣銅鑼鄉銅鑼村新興路81號,037-981006,healthforkids
2335050016,苗栗縣頭份市衛生所,兒童發展篩檢院所,苗栗縣,頭份市,苗栗縣頭份市顯會路72號,037-663049,healthforkids
2335120013,苗栗縣頭屋鄉衛生所,兒童發展篩檢院所,苗栗縣,頭屋鄉,苗栗縣頭屋鄉頭屋村中山街56巷54號,037-253534,healthforkids
3535012342,蔡志弦診所,兒童發展篩檢院所,苗栗縣,苗栗市,苗栗縣苗栗市中正路346號,037-380111,healthforkids
3535051803,蘇志勇診所,兒童發展篩檢院所,苗栗縣,頭份市,苗栗縣頭份市中華路930號,037-667985,healthforkids
0135010016,衛生福利部苗栗醫院,兒童發展篩檢院所,苗栗縣,苗栗市,苗栗縣苗栗市為公路747號,037-261920,healthforkids;sfaa
1535031041,通霄光田醫院,兒童發展篩檢院所,苗栗縣,通霄鎮,苗栗縣通霄鎮中山路88號,037-759999,healthforkids;sfaa
3535021565,里仁診所,兒童發展篩檢院所,苗栗縣,苑裡鎮,苗栗縣苑裡鎮苑南里10鄰和平路180號,037-865168,healthforkids
3535041594,高秀春小兒科診所,兒童發展篩檢院所,苗栗縣,竹南鎮,苗栗縣竹南鎮中正路21號,037-551457,healthforkids
3535040293,黃正昇診所,兒童發展篩檢院所,苗栗縣,竹南鎮,苗栗縣竹南鎮竹南里光復路68號,037-466735,healthforkids
2391040012,連江縣東引鄉衛生所,兒童發展篩檢院所,連江縣,東引鄉,連江縣東引鄉中柳村123號,083-677206,healthforkids
2391030016,連江縣莒光鄉西莒衛生所,兒童發展篩檢院所,連江縣,莒光鄉,連江縣莒光鄉青帆村14之1號,083-689122,healthforkids
2390010010,金門縣金城鎮衛生所,兒童發展篩檢院所,金門縣,金城鎮,金門縣金城鎮西門里民權路147號,082-325059,healthforkids
2390040518,金門縣金寧鄉衛生所,兒童發展篩檢院所,金門縣,金寧鄉,金門縣金寧鄉盤山村仁愛新村2之1號,082-325735,healthforkids
2390020016,金門縣金沙鎮衛生所,兒童發展篩檢院所,金門縣,金沙鎮,金門縣金沙鎮后浦頭120號,082-352854,healthforkids
x:金門縣:金門縣金湖鎮衛生所,金門縣金湖鎮衛生所,兒童發展篩檢院所,金門縣,金湖鎮,金門縣金湖鎮市港六路15號,082-336662,healthforkids
3539013014,佑體健診所,兒童發展篩檢院所,雲林縣,斗六市,雲林縣斗六市中華路583號,05-5338599,healthforkids
1139010013,佛教慈濟醫療財團法人斗六慈濟醫院,兒童發展篩檢院所,雲林縣,斗六市,雲林縣斗六市雲林路二段248號,05-5372000,healthforkids
3539131893,佳寶診所,兒童發展篩檢院所,雲林縣,麥寮鄉,雲林縣麥寮鄉橋頭村仁德路116號,05-6910628,healthforkids
x:雲林縣:啊波羅小兒科診所,啊波羅小兒科診所,兒童發展篩檢院所,雲林縣,斗六市,雲林縣斗六市鎮北路7號,05-5350099,healthforkids
0439010527,國立成功大學醫學院附設醫院斗六分院,兒童發展篩檢院所,雲林縣,斗六市,雲林縣斗六市莊敬路345號,05-5332121,healthforkids
3539051390,土庫臺全診所,兒童發展篩檢院所,雲林縣,土庫鎮,雲林縣土庫鎮順天里中正路110號,05-6629666,healthforkids
x:雲林縣:塗勝雄小兒科診所,塗勝雄小兒科診所,兒童發展篩檢院所,雲林縣,斗六市,雲林縣斗六市榮譽路73號,05-5352328,healthforkids
1139020019,天主教中華道明修女會醫療財團法人天主教福安醫院,兒童發展篩檢院所,雲林縣,斗南鎮,雲林縣斗南鎮文昌路110號,05-5952688,healthforkids
x:雲林縣:安安婦兒聯合診所,安安婦兒聯合診所,兒童發展篩檢院所,雲林縣,虎尾鎮,雲林縣虎尾鎮林森路二段428號,05-6331648,healthforkids;sfaa
x:雲林縣:小太陽小兒科診所,小太陽小兒科診所,兒童發展篩檢院所,雲林縣,斗六市,雲林縣斗六市永安路71、73號,05-5346041,healthforkids
5943161130,小幼苗小兒科診所,兒童發展篩檢院所,雲林縣,斗六市,雲林縣斗六市中山路311號,05-5362982,healthforkids
3541081200,崙背臺全診所,兒童發展篩檢院所,雲林縣,崙背鄉,雲林縣崙背鄉建國路52號,05-6969888,healthforkids
1139040011,彰化基督教醫療財團法人雲林基督教醫院,兒童發展篩檢院所,雲林縣,西螺鎮,雲林縣西螺鎮市場南路375號,05-5871111,healthforkids;sfaa
x:雲林縣:林嘉祈婦產科診所,林嘉祈婦產科診所,兒童發展篩檢院所,雲林縣,虎尾鎮,雲林縣虎尾鎮民生路11號,05-6320078,healthforkids;sfaa
3539010326,簡光甫診所,兒童發展篩檢院所,雲林縣,斗六市,雲林縣斗六市大同路103號,05-5330990,healthforkids
x:雲林縣:臺全診所,臺全診所,兒童發展篩檢院所,雲林縣,麥寮鄉,雲林縣麥寮鄉新興路16號,05-6930099,healthforkids
3539091321,莿桐臺全診所,兒童發展篩檢院所,雲林縣,莿桐鄉,雲林縣莿桐鄉中正路168號,05-5842222,healthforkids
x:雲林縣:蔡鼎族小兒科診所,蔡鼎族小兒科診所,兒童發展篩檢院所,雲林縣,虎尾鎮,雲林縣虎尾鎮光復路300號,05-6362211,healthforkids
x:雲林縣:豐偉兒科診所,豐偉兒科診所,兒童發展篩檢院所,雲林縣,虎尾鎮,雲林縣虎尾鎮民生路40號,05-6360982,healthforkids
5939021481,超群小兒科診所,兒童發展篩檢院所,雲林縣,斗南鎮,雲林縣斗南鎮南昌路151號,05-5962088,healthforkids
x:雲林縣:邢學平小兒科診所,邢學平小兒科診所,兒童發展篩檢院所,雲林縣,虎尾鎮,雲林縣虎尾鎮弘道路53號,05-6311246,healthforkids
2339110013,雲林縣二崙鄉衛生所,兒童發展篩檢院所,雲林縣,二崙鄉,雲林縣二崙鄉崙西村中興路9號及11號,05-5982004,healthforkids
2339170019,雲林縣元長鄉衛生所,兒童發展篩檢院所,雲林縣,元長鄉,雲林縣元長鄉長南村元中路8號,05-7882004,healthforkids
2339060018,雲林縣北港鎮衛生所,兒童發展篩檢院所,雲林縣,北港鎮,雲林縣北港鎮新街里北辰路3號,05-7832103,healthforkids
2339070014,雲林縣古坑鄉衛生所,兒童發展篩檢院所,雲林縣,古坑鄉,雲林縣古坑鄉中山路391號,05-5825234,healthforkids
2339180015,雲林縣四湖鄉衛生所,兒童發展篩檢院所,雲林縣,四湖鄉,雲林縣四湖鄉施湖村中山西路118號,05-7872890,healthforkids
2339050012,雲林縣土庫鎮衛生所,兒童發展篩檢院所,雲林縣,土庫鎮,雲林縣土庫鎮中山路254號,05-6622638,healthforkids
2339120019,雲林縣崙背鄉衛生所,兒童發展篩檢院所,雲林縣,崙背鄉,雲林縣崙背鄉南光路34號,05-6962009,healthforkids
2339100017,雲林縣林內鄉衛生所,兒童發展篩檢院所,雲林縣,林內鄉,雲林縣林內鄉林中村新興路54號,05-5896747,healthforkids
2339200012,雲林縣水林鄉衛生所,兒童發展篩檢院所,雲林縣,水林鄉,雲林縣水林鄉水北村水林路8號,05-7852612,healthforkids
2339040016,雲林縣西螺鎮衛生所,兒童發展篩檢院所,雲林縣,西螺鎮,雲林縣西螺鎮修文路110號,05-5862130,healthforkids
3507230063,上平診所,兒童發展篩檢院所,高雄市,杉林區,高雄市杉林區山仙路137號,07-6773677,healthforkids
3502097997,上晴診所,兒童發展篩檢院所,高雄市,前鎮區,高雄市前鎮區瑞北路88號,07-7249449,healthforkids
3507080205,仁同小兒科診所,兒童發展篩檢院所,高雄市,仁武區,高雄市仁武區永仁街694號,07-3734890,healthforkids
x:高雄市:佳和耳鼻喉科診所,佳和耳鼻喉科診所,兒童發展篩檢院所,高雄市,大寮區,高雄市大寮區鳳林三路516號,07-7821500,healthforkids
3507360548,保泰長慶小兒科診所,兒童發展篩檢院所,高雄市,前鎮區,高雄市前鎮區保泰路425號,07-7210089,healthforkids
3542031704,信安小兒科診所,兒童發展篩檢院所,高雄市,旗山區,高雄市旗山區延平一路228之8號,07-6627007,healthforkids
1502040021,健仁醫院,兒童發展篩檢院所,高雄市,楠梓區,高雄市楠梓區中陽里楠陽路136號,07-3517166,healthforkids;sfaa
3531046280,健和診所,兒童發展篩檢院所,高雄市,新興區,高雄市新興區五福一路140之1號,07-2299968,healthforkids
x:高雄市:健安診所,健安診所,兒童發展篩檢院所,高雄市,楠梓區,高雄市楠梓區岳陽街53號,07-3529801,healthforkids
1502070118,健新醫院,兒童發展篩檢院所,高雄市,前金區,高雄市前金區七賢二路295號,07-2613866,healthforkids;sfaa
3507321872,全冠診所,兒童發展篩檢院所,高雄市,三民區,高雄市三民區十全一路365號,07-3222600,healthforkids
x:高雄市:冠宏家醫診所,冠宏家醫診所,兒童發展篩檢院所,高雄市,仁武區,高雄市仁武區八德南路570號,07-3716933,healthforkids
3507360413,南隆小兒科診所,兒童發展篩檢院所,高雄市,前鎮區,高雄市前鎮區復興三路391號,07-3385678,healthforkids
1507300086,博愛蕙馨醫院,兒童發展篩檢院所,高雄市,左營區,高雄市左營區博愛二路20號,07-8628880,healthforkids;sfaa
x:高雄市:又安心診所,又安心診所,兒童發展篩檢院所,高雄市,前鎮區,高雄市前鎮區英德街103號,07-7215681,healthforkids
x:高雄市:吉星小兒科診所,吉星小兒科診所,兒童發展篩檢院所,高雄市,三民區,高雄市三民區天祥一路135之1號,07-3487936,healthforkids
1502090209,吳昆哲婦產小兒科醫院,兒童發展篩檢院所,高雄市,前鎮區,高雄市前鎮區民權二路430號,07-3319611,healthforkids
x:高雄市:吳玉衡小兒科診所,吳玉衡小兒科診所,兒童發展篩檢院所,高雄市,苓雅區,高雄市苓雅區青年一路1之17號,07-7234526,healthforkids
x:高雄市:國民小兒科診所,國民小兒科診所,兒童發展篩檢院所,高雄市,鳳山區,高雄市鳳山區縣口里中正路37號,07-7427925,healthforkids
0502030015,國軍左營總醫院附設民眾診療服務處,兒童發展篩檢院所,高雄市,左營區,高雄市左營區合群里軍校路553號,07-5817121,healthforkids
0502080015,國軍高雄總醫院附設民眾診療服務處,兒童發展篩檢院所,高雄市,苓雅區,高雄市苓雅區建軍路5號,07-7496751,healthforkids;sfaa
3507340457,大心診所,兒童發展篩檢院所,高雄市,前金區,高雄市前金區七賢二路193之5號,07-2855222,healthforkids
3542062307,大承耳鼻喉科診所,兒童發展篩檢院所,高雄市,大寮區,高雄市大寮區鳳屏一路464號,07-7013668,healthforkids
x:高雄市:大林診所,大林診所,兒童發展篩檢院所,高雄市,仁武區,高雄市仁武區仁雄路9號,07-3718528,healthforkids
3507060043,大鋐診所,兒童發展篩檢院所,高雄市,大寮區,高雄市大寮區中庄里鳳屏一路492號,07-7038188,healthforkids
x:高雄市:孫欲珍小兒科家庭醫學科診所,孫欲珍小兒科家庭醫學科診所,兒童發展篩檢院所,高雄市,楠梓區,高雄市楠梓區海專路237號,07-3613709,healthforkids
x:高雄市:宇安診所,宇安診所,兒童發展篩檢院所,高雄市,苓雅區,高雄市苓雅區四維二路94之18號,07-7511779,healthforkids
x:高雄市:安安十全婦幼診所,安安十全婦幼診所,兒童發展篩檢院所,高雄市,三民區,高雄市三民區十全三路280號,07-3231550,healthforkids
3507030125,宋俊輝診所,兒童發展篩檢院所,高雄市,旗山區,高雄市旗山區中正路232號,07-6626336,healthforkids
x:高雄市:容婦產科診所,容婦產科診所,兒童發展篩檢院所,高雄市,鼓山區,高雄市鼓山區明誠三路487號,07-5541000,healthforkids
3542161449,富田森林診所,兒童發展篩檢院所,高雄市,湖內區,高雄市湖內區保生路148號,07-6992189,healthforkids
x:高雄市:小學堂兒科診所,小學堂兒科診所,兒童發展篩檢院所,高雄市,楠梓區,高雄市楠梓區大學南路232號,07-3655601,healthforkids
x:高雄市:小貝貝小兒科診所,小貝貝小兒科診所,兒童發展篩檢院所,高雄市,苓雅區,高雄市苓雅區普天里光華一路25號,07-3383099,healthforkids
x:高雄市:崇安診所,崇安診所,兒童發展篩檢院所,高雄市,梓官區,高雄市梓官區進學路9號,07-6179387,healthforkids
3507060132,平安家醫診所,兒童發展篩檢院所,高雄市,大寮區,高雄市大寮區內厝路268號,07-7830306,healthforkids
3507310539,康兒診所,兒童發展篩檢院所,高雄市,楠梓區,高雄市楠梓區德明路1003之3號,07-3639263,healthforkids
x:高雄市:康澤小兒科診所,康澤小兒科診所,兒童發展篩檢院所,高雄市,左營區,高雄市左營區自由三路382號,07-3453356,healthforkids
3507302233,康澤診所,兒童發展篩檢院所,高雄市,左營區,高雄市左營區自由三路388號,07-3453356,healthforkids
x:高雄市:康馨親子診所,康馨親子診所,兒童發展篩檢院所,高雄市,左營區,高雄市左營區勵志中街10號,07-5886128,healthforkids
x:高雄市:廣佑安診所,廣佑安診所,兒童發展篩檢院所,高雄市,楠梓區,高雄市楠梓區德民路782號,07-3605998,healthforkids
1542050056,建佑醫院,兒童發展篩檢院所,高雄市,林園區,高雄市林園區東林西路360號,07-6437901,healthforkids
x:高雄市:彌馨診所,彌馨診所,兒童發展篩檢院所,高雄市,左營區,高雄市左營區至聖路288號,07-8629880,healthforkids
x:高雄市:徐嘉賢診所,徐嘉賢診所,兒童發展篩檢院所,高雄市,楠梓區,高雄市楠梓區藍昌路413號,07-3613338,healthforkids
x:高雄市:徐樹本小兒科診所,徐樹本小兒科診所,兒童發展篩檢院所,高雄市,三民區,高雄市三民區建興路373號,07-3867833,healthforkids
1502050045,德謙醫院,兒童發展篩檢院所,高雄市,三民區,高雄市三民區九如二路18號,07-3210981,healthforkids;sfaa
x:高雄市:心程診所,心程診所,兒童發展篩檢院所,高雄市,鼓山區,高雄市鼓山區美術南三路55號,07-5226802,healthforkids
x:高雄市:恆芯診所,恆芯診所,兒童發展篩檢院所,高雄市,鼓山區,高雄市鼓山區中華一路856號,07-5529900,healthforkids
3502098172,慧安診所,兒童發展篩檢院所,高雄市,前鎮區,高雄市前鎮區瑞和街100號,07-7223889,healthforkids
1502111089,戴銘浚婦兒醫院,兒童發展篩檢院所,高雄市,小港區,高雄市小港區宏平路661號,07-8061289,healthforkids;sfaa
x:高雄市:承安耳鼻喉科診所,承安耳鼻喉科診所,兒童發展篩檢院所,高雄市,三民區,高雄市三民區力行路250號,07-3160789,healthforkids
3507301334,文仁小兒科診所,兒童發展篩檢院所,高雄市,左營區,高雄市左營區自由三路172號,07-3455959,healthforkids
x:高雄市:文山長慶小兒科診所,文山長慶小兒科診所,兒童發展篩檢院所,高雄市,鳳山區,高雄市鳳山區文龍東路738號,07-7774098,healthforkids
1507360028,新正薪醫院,兒童發展篩檢院所,高雄市,前鎮區,高雄市前鎮區一心一路233號,07-9705335,healthforkids;sfaa
x:高雄市:施晉南診所,施晉南診所,兒童發展篩檢院所,高雄市,小港區,高雄市小港區平治街1號,07-8021622,healthforkids
x:高雄市:明成親子診所,明成親子診所,兒童發展篩檢院所,高雄市,阿蓮區,高雄市阿蓮區民權路95號,07-6319789,healthforkids
x:高雄市:明真耳鼻喉科診所,明真耳鼻喉科診所,兒童發展篩檢院所,高雄市,鳳山區,高雄市鳳山區保泰路396號,07-7213456,healthforkids
x:高雄市:昭哲診所,昭哲診所,兒童發展篩檢院所,高雄市,前鎮區,高雄市前鎮區永豐路214號,07-7136366,healthforkids
x:高雄市:晴朗親子診所,晴朗親子診所,兒童發展篩檢院所,高雄市,鼓山區,高雄市鼓山區裕誠路2050號,07-5223396,healthforkids
x:高雄市:晴美旗后診所,晴美旗后診所,兒童發展篩檢院所,高雄市,旗津區,高雄市旗津區旗津三路962巷2號,07-5710522,healthforkids
x:高雄市:曾繁英診所,曾繁英診所,兒童發展篩檢院所,高雄市,三民區,高雄市三民區自立一路267號,07-3111048,healthforkids
x:高雄市:李凱斌小兒科診所,李凱斌小兒科診所,兒童發展篩檢院所,高雄市,左營區,高雄市左營區文莊路53號,07-3454784,healthforkids
3542012352,李威德診所,兒童發展篩檢院所,高雄市,鳳山區,高雄市鳳山區五甲三路48號,07-8227676,healthforkids
x:高雄市:林國坤診所,林國坤診所,兒童發展篩檢院所,高雄市,苓雅區,高雄市苓雅區建國一路115之4號,07-7225391,healthforkids
x:高雄市:林正峯小兒科診所,林正峯小兒科診所,兒童發展篩檢院所,高雄市,三民區,高雄市三民區覺民路600號,07-3806183,healthforkids
x:高雄市:林邑樵耳鼻喉科診所,林邑樵耳鼻喉科診所,兒童發展篩檢院所,高雄市,楠梓區,高雄市楠梓區益群路6號,07-3600819,healthforkids
1502031102,柏仁醫院,兒童發展篩檢院所,高雄市,左營區,高雄市左營區立文路53號,07-5508888,healthforkids;sfaa
x:高雄市:柏雅診所,柏雅診所,兒童發展篩檢院所,高雄市,鳳山區,高雄市鳳山區青年路二段30號,07-7465832,healthforkids
x:高雄市:楊寶麟小兒科診所,楊寶麟小兒科診所,兒童發展篩檢院所,高雄市,鳳山區,高雄市鳳山區新富里南京路312號,07-7639092,healthforkids
1542061077,樂生婦幼醫院,兒童發展篩檢院所,高雄市,大寮區,高雄市大寮區鳳林三路532號,07-7862688,healthforkids
x:高雄市:欣誼診所,欣誼診所,兒童發展篩檢院所,高雄市,小港區,高雄市小港區漢民路693之2號,07-8039222,healthforkids
x:高雄市:歐俊彥小兒科診所,歐俊彥小兒科診所,兒童發展篩檢院所,高雄市,鳳山區,高雄市鳳山區文鳳路20號,07-7777900,healthforkids
3502033304,永霖小兒科診所,兒童發展篩檢院所,高雄市,左營區,高雄市左營區孟子路415號,07-3498118,healthforkids
x:高雄市:王建安小兒科診所,王建安小兒科診所,兒童發展篩檢院所,高雄市,楠梓區,高雄市楠梓區德民路949號,07-3600680,healthforkids
x:高雄市:王漢卿小兒科診所,王漢卿小兒科診所,兒童發展篩檢院所,高雄市,三民區,高雄市三民區陽明路132號,07-3877918,healthforkids
x:高雄市:王致瑋小兒科診所,王致瑋小兒科診所,兒童發展篩檢院所,高雄市,旗山區,高雄市旗山區延平一路677號,07-6629922,healthforkids
x:高雄市:王裕郎小兒科診所,王裕郎小兒科診所,兒童發展篩檢院所,高雄市,大社區,高雄市大社區中山路317號,07-3550619,healthforkids
1507290012,生安婦產小兒科醫院,兒童發展篩檢院所,高雄市,鼓山區,高雄市鼓山區美術東二路177號,07-5223138,healthforkids
3542020596,皇明診所,兒童發展篩檢院所,高雄市,岡山區,高雄市岡山區公園西路三段86之1號,07-6263592,healthforkids
3502010463,盧榮坤小兒科診所,兒童發展篩檢院所,高雄市,鹽埕區,高雄市鹽埕區莒光街137號,07-5315657,healthforkids
x:高雄市:祐民診所,祐民診所,兒童發展篩檢院所,高雄市,路竹區,高雄市路竹區中和街180號,07-6072211,healthforkids
3502021733,祐琳小兒科診所,兒童發展篩檢院所,高雄市,鼓山區,高雄市鼓山區裕誠路1180號,07-5551870,healthforkids
0907150029,秀傳醫療社團法人高雄秀傳紀念醫院,兒童發展篩檢院所,高雄市,路竹區,高雄市路竹區北嶺六路100號,07-6956666,healthforkids
3507321247,緯立診所,兒童發展篩檢院所,高雄市,三民區,高雄市三民區建元路30號,07-3850785,healthforkids
x:高雄市:羅韻珊小兒科診所,羅韻珊小兒科診所,兒童發展篩檢院所,高雄市,三民區,高雄市三民區大豐二路110之1號,07-3870430,healthforkids
1107320017,義大醫療財團法人義大大昌醫院,兒童發展篩檢院所,高雄市,三民區,高雄市三民區大昌一路305號,07-5599123,healthforkids;sfaa
x:高雄市:聖壹診所,聖壹診所,兒童發展篩檢院所,高雄市,鳳山區,高雄市鳳山區瑞興路482號,07-7014755,healthforkids
3502052694,育明診所,兒童發展篩檢院所,高雄市,三民區,高雄市三民區民族一路537號,07-3478461,healthforkids
3507300999,育濰小兒科診所,兒童發展篩檢院所,高雄市,左營區,高雄市左營區重上街168號,07-3454588,healthforkids
3507291066,艾莉親子診所,兒童發展篩檢院所,高雄市,鼓山區,高雄市鼓山區美術南三路198號,07-5520678,healthforkids
x:高雄市:芯四季診所,芯四季診所,兒童發展篩檢院所,高雄市,三民區,高雄市三民區聯興路135號,07-3980000,healthforkids
x:高雄市:芯莊園診所,芯莊園診所,兒童發展篩檢院所,高雄市,鼓山區,高雄市鼓山區翠華路393號,07-5818000,healthforkids
x:高雄市:苑秉純小兒科診所,苑秉純小兒科診所,兒童發展篩檢院所,高雄市,楠梓區,高雄市楠梓區和昌里軍校路792號,07-3645885,healthforkids
x:高雄市:范雅修小兒科診所,范雅修小兒科診所,兒童發展篩檢院所,高雄市,三民區,高雄市三民區平等路163號,07-3876366,healthforkids
3507170044,茄萣好診所,兒童發展篩檢院所,高雄市,茄萣區,高雄市茄萣區仁愛路二段72號,07-6900208,healthforkids
x:高雄市:莊奇錫診所,莊奇錫診所,兒童發展篩檢院所,高雄市,三民區,高雄市三民區民族一路551號,07-3508800,healthforkids
x:高雄市:董金山診所,董金山診所,兒童發展篩檢院所,高雄市,三民區,高雄市三民區大昌二路544號,07-3833405,healthforkids
3502111956,蔡坤霖小兒科診所,兒童發展篩檢院所,高雄市,小港區,高雄市小港區二苓路148號,07-8030816,healthforkids
x:高雄市:蔡小兒科診所,蔡小兒科診所,兒童發展篩檢院所,高雄市,苓雅區,高雄市苓雅區林泉街19號,07-7238382,healthforkids
3502110440,蔡聰慶診所,兒童發展篩檢院所,高雄市,小港區,高雄市小港區孔鳳路239號,07-7914257,healthforkids
x:高雄市:蕭瑞榮小兒科診所,蕭瑞榮小兒科診所,兒童發展篩檢院所,高雄市,三民區,高雄市三民區建工路533號,07-3867121,healthforkids
3507310780,藍昌親子診所,兒童發展篩檢院所,高雄市,楠梓區,高雄市楠梓區藍昌路460號,07-3648259,healthforkids
x:高雄市:蘇俊明小兒科診所,蘇俊明小兒科診所,兒童發展篩檢院所,高雄市,岡山區,高雄市岡山區平和路200號,07-6223189,healthforkids
x:高雄市:蘇進添小兒科診所,蘇進添小兒科診所,兒童發展篩檢院所,高雄市,路竹區,高雄市路竹區中興路236號,07-6971769,healthforkids
x:高雄市:許志榮診所,許志榮診所,兒童發展篩檢院所,高雄市,左營區,高雄市左營區孟子路686號,07-3506056,healthforkids
x:高雄市:謝明容耳鼻喉科診所,謝明容耳鼻喉科診所,兒童發展篩檢院所,高雄市,三民區,高雄市三民區大昌二路142號,07-3973999,healthforkids
3507100015,豐穎診所,兒童發展篩檢院所,高雄市,鳥松區,高雄市鳥松區中正路355之2號,07-7316996,healthforkids
3507301487,賀凱診所,兒童發展篩檢院所,高雄市,左營區,高雄市左營區明誠二路497號,07-5566018,healthforkids
3507010883,賴其盈小兒科診所,兒童發展篩檢院所,高雄市,鳳山區,高雄市鳳山區自由路136號之1,07-7107998,healthforkids
3502090096,邱仲禮診所,兒童發展篩檢院所,高雄市,前鎮區,高雄市前鎮區鎮榮街45號,07-8211363,healthforkids
x:高雄市:邱靖媛小兒專科診所,邱靖媛小兒專科診所,兒童發展篩檢院所,高雄市,苓雅區,高雄市苓雅區大順三路172號,07-7215153,healthforkids
x:高雄市:鄭廣仁小兒科診所,鄭廣仁小兒科診所,兒童發展篩檢院所,高雄市,鼓山區,高雄市鼓山區華榮路207號,07-5555350,healthforkids
3502032192,金仁福診所,兒童發展篩檢院所,高雄市,左營區,高雄市左營區華夏路228號,07-5529843,healthforkids
1507310019,金安心醫院,兒童發展篩檢院所,高雄市,楠梓區,高雄市楠梓區加昌路606號,07-3649890,healthforkids
1507300068,鈞安婦幼聯合醫院,兒童發展篩檢院所,高雄市,左營區,高雄市左營區華夏路609號,07-3480088,healthforkids
x:高雄市:長慶小兒科診所,長慶小兒科診所,兒童發展篩檢院所,高雄市,小港區,高雄市小港區漢民路413號,07-8068170,healthforkids
0902080013,阮綜合醫療社團法人阮綜合醫院,兒童發展篩檢院所,高雄市,苓雅區,高雄市苓雅區成功一路162號,07-3351121,healthforkids;sfaa
x:高雄市:陳俊宏小兒科診所,陳俊宏小兒科診所,兒童發展篩檢院所,高雄市,鳳山區,高雄市鳳山區和興里五甲一路85號,07-7450066,healthforkids
x:高雄市:陳國俊小兒科診所,陳國俊小兒科診所,兒童發展篩檢院所,高雄市,岡山區,高雄市岡山區岡山路73號,07-6297200,healthforkids
x:高雄市:陳柏蒼耳鼻喉科診所,陳柏蒼耳鼻喉科診所,兒童發展篩檢院所,高雄市,鳳山區,高雄市鳳山區文衡路480號,07-7775388,healthforkids
3532042008,陽光診所,兒童發展篩檢院所,高雄市,仁武區,高雄市仁武區中華路255號,07-3755500,healthforkids
x:高雄市:雄高診所,雄高診所,兒童發展篩檢院所,高雄市,新興區,高雄市新興區七賢一路102號,07-2240252,healthforkids
3507010650,高丹榕診所,兒童發展篩檢院所,高雄市,鳳山區,高雄市鳳山區府前路20號,07-7475566,healthforkids
3507310655,高大媄兒科診所,兒童發展篩檢院所,高雄市,楠梓區,高雄市楠梓區援中路588號,07-3658288,healthforkids
1507310037,高大美杏生醫院,兒童發展篩檢院所,高雄市,楠梓區,高雄市楠梓區大學東路1號,07-3658885,healthforkids
x:高雄市:高耿耀診所,高耿耀診所,兒童發展篩檢院所,高雄市,楠梓區,高雄市楠梓區建楠路179號,07-3529803,healthforkids
2342240011,高雄市內門區衛生所,兒童發展篩檢院所,高雄市,內門區,高雄市內門區觀亭里中埔頭20號,07-6671088,healthforkids
2342210013,高雄市六龜區衛生所,兒童發展篩檢院所,高雄市,六龜區,高雄市六龜區六龜里民治路16號,07-6891244,healthforkids;sfaa
2342060013,高雄市大寮區衛生所,兒童發展篩檢院所,高雄市,大寮區,高雄市大寮區永芳里進學路129巷2之1號,07-7816819,healthforkids
2342070019,高雄市大樹區衛生所,兒童發展篩檢院所,高雄市,大樹區,高雄市大樹區龍目里龍目路158號,07-6512935,healthforkids
2342190016,高雄市彌陀區衛生所,兒童發展篩檢院所,高雄市,彌陀區,高雄市彌陀區中華路1巷5弄1號,07-6175307,healthforkids
2342030015,高雄市旗山區衛生所,兒童發展篩檢院所,高雄市,旗山區,高雄市旗山區湄洲里中正路197號,07-6612054,healthforkids
2342230015,高雄市杉林區衛生所,兒童發展篩檢院所,高雄市,杉林區,高雄市杉林區山仙路93巷2號,07-6771319,healthforkids
2342050017,高雄市林園區衛生所,兒童發展篩檢院所,高雄市,林園區,高雄市林園區林園北路186號,07-6412404,healthforkids
2342260013,高雄市桃源區衛生所,兒童發展篩檢院所,高雄市,桃源區,高雄市桃源區桃源里南進巷188之1號,07-6861126,healthforkids
2342200017,高雄市梓官區衛生所,兒童發展篩檢院所,高雄市,梓官區,高雄市梓官區公館路45號,07-6103050,healthforkids
2342110018,高雄市橋頭區衛生所,兒童發展篩檢院所,高雄市,橋頭區,高雄市橋頭區橋頭里隆豐路5號,07-6113516,healthforkids
2342180010,高雄市永安區衛生所,兒童發展篩檢院所,高雄市,永安區,高雄市永安區永安路26號,07-6912015,healthforkids
2342160018,高雄市湖內區衛生所,兒童發展篩檢院所,高雄市,湖內區,高雄市湖內區湖中路203號,07-6993009,healthforkids
2342120014,高雄市燕巢區衛生所,兒童發展篩檢院所,高雄市,燕巢區,高雄市燕巢區中興路2號,07-6161148,healthforkids
2342130010,高雄市田寮區衛生所,兒童發展篩檢院所,高雄市,田寮區,高雄市田寮區崗北路32號,07-6361504,healthforkids
3532011218,高雄市甲仙區衛生所,兒童發展篩檢院所,高雄市,甲仙區,高雄市甲仙區中山路52號,07-6751029,healthforkids
0942020019,高雄市立岡山醫院（委託秀傳醫療社團法人經營）,兒童發展篩檢院所,高雄市,岡山區,高雄市岡山區壽天路12號,07-6222131,healthforkids
0102080017,高雄市立民生醫院,兒童發展篩檢院所,高雄市,苓雅區,高雄市苓雅區凱旋二路134號,07-7511131,healthforkids;sfaa
1142010518,高雄市立鳳山醫院（委託長庚醫療財團法人經營）,兒童發展篩檢院所,高雄市,鳳山區,高雄市鳳山區經武路42號,07-7418151,healthforkids
2342040011,高雄市美濃區衛生所,兒童發展篩檢院所,高雄市,美濃區,高雄市美濃區美中路246號,07-6812064,healthforkids
2342250017,高雄市茂林區衛生所,兒童發展篩檢院所,高雄市,茂林區,高雄市茂林區茂林里8之4號,07-6801046,healthforkids
2342170014,高雄市茄萣區衛生所,兒童發展篩檢院所,高雄市,茄萣區,高雄市茄萣區濱海路二段1號,07-6989275,healthforkids
x:高雄市:高雄市路竹區衛生所,高雄市路竹區衛生所,兒童發展篩檢院所,高雄市,路竹區,高雄市路竹區國昌路86巷22號,07-6962449,healthforkids
2342270019,高雄市那瑪夏區衛生所,兒童發展篩檢院所,高雄市,那瑪夏區,高雄市那瑪夏區瑪雅里平和巷252號,07-6701142,healthforkids
2342140016,高雄市阿蓮區衛生所,兒童發展篩檢院所,高雄市,阿蓮區,高雄市阿蓮區民生路94之1號,07-6317141,healthforkids
x:高雄市:鴻安診所,鴻安診所,兒童發展篩檢院所,高雄市,六龜區,高雄市六龜區光復路17號,07-6891116,healthforkids
x:高雄市:黃大沅小兒科診所,黃大沅小兒科診所,兒童發展篩檢院所,高雄市,鳳山區,高雄市鳳山區青年路二段468號,07-7679299,healthforkids
x:南投縣:臺灣兒童發展早期療育協會親子樂活堡時段,臺灣兒童發展早期療育協會親子樂活堡(時段),其他社福單位,南投縣,草屯鎮,南投縣草屯鎮碧山路887號,049-2318566,sfaa
x:宜蘭縣:宜蘭縣政府,宜蘭縣政府委託財團法人雅文兒童聽語文教基金會辦理聽語訓練中心(時段),其他社福單位,宜蘭縣,宜蘭市,宜蘭縣宜蘭市同慶街95號4樓,03-9310525,sfaa
x:宜蘭縣:親愛社工師事務所時段,親愛社工師事務所(時段),其他社福單位,宜蘭縣,五結鄉,宜蘭縣五結鄉台興路131號1樓,03-9572495,sfaa
x:彰化縣:二林北斗區兒童發展社區資源服務中心暨社區療育服務,二林北斗區兒童發展社區資源服務中心暨社區療育服務,其他社福單位,彰化縣,二林鎮,彰化縣二林鎮中西里二城路7號,04-8960271,sfaa
x:彰化縣:和美鹿港區兒童發展社區資源服務中心暨社區療育服務,和美鹿港區兒童發展社區資源服務中心暨社區療育服務,其他社福單位,彰化縣,和美鎮,彰化縣和美鎮彰美路五段160號,04-7569336,sfaa
x:彰化縣:員林田中區兒童發展社區資源服務中心暨社區療育服務,員林田中區兒童發展社區資源服務中心暨社區療育服務,其他社福單位,彰化縣,員林市,彰化縣員林市光明里民生路50號,04-8374936,sfaa
x:彰化縣:星望家庭親子關懷協會時段,星望家庭親子關懷協會(時段),其他社福單位,彰化縣,彰化市,彰化縣彰化市曉陽路56號2樓,0989-413987,sfaa
x:彰化縣:極光轉進多元專業發展健康協會時段,極光轉進多元專業發展健康協會(時段),其他社福單位,彰化縣,彰化市,彰化縣彰化市平和一街66號,04-23373401、 04-7515966、 0937-431037,sfaa
x:彰化縣:中華響響輔助科技協會鹿港服務中心時段,社團法人中華響響輔助科技協會鹿港服務中心(時段),其他社福單位,彰化縣,鹿港鎮,彰化縣鹿港鎮中正路441號2樓,04-7779909/ 0972-915375,sfaa
x:彰化縣:全腦科學教育協會時段,社團法人全腦科學教育協會(時段),其他社福單位,彰化縣,員林市,彰化縣員林市光明南街56號7樓,0937-753606,sfaa
x:彰化縣:彰化縣心晴社會福利發展協會時段,社團法人彰化縣心晴社會福利發展協會(時段),其他社福單位,彰化縣,彰化市,彰化縣彰化市永安東街23號,0983-253321、0901-378176,sfaa
x:彰化縣:彰化縣樂說多元專業服務發展協會時段,社團法人彰化縣樂說多元專業服務發展協會(時段),其他社福單位,彰化縣,彰化市,彰化縣彰化市中正路二段613號3樓,04-7221120,sfaa
x:彰化縣:彰化縣正向行為支持協會時段,社團法人彰化縣正向行為支持協會(時段),其他社福單位,彰化縣,彰化市,彰化縣彰化市孝德街26號,04-7288162,sfaa
x:彰化縣:會臺中教區附設彰化縣私立聖智啟智中心身心障礙福利機構日間時段,財團法人天主教會臺中教區附設彰化縣私立聖智啟智中心(身心障礙福利機構)(日間、時段),其他社福單位,彰化縣,溪州鄉,彰化縣溪州鄉中山路三段512號,04-8893730、8899677,sfaa
x:彰化縣:臺灣兒童暨家庭扶助基金會附設彰化縣私立家扶發展學園身心障礙福利機構日間時段,財團法人臺灣兒童暨家庭扶助基金會附設彰化縣私立家扶發展學園(身心障礙福利機構)(日間、時段),其他社福單位,彰化縣,和美鎮,彰化縣和美鎮彰美路5段160號,04-7569336,sfaa
x:彰化縣:臺灣兒童暨家庭扶助基金會附設彰化縣私立家扶發展學園社區辦理社區療育服務伸港鄉社家署及地方政府補助時段到宅,財團法人臺灣兒童暨家庭扶助基金會附設彰化縣私立家扶發展學園社區辦理社區療育服務(伸港鄉) (社家署及地方政府補助)(時段、到宅),其他社福單位,彰化縣,伸港鄉,彰化縣伸港鄉忠孝東街50號,04-7569336,sfaa
x:彰化縣:臺灣兒童暨家庭扶助基金會附設彰化縣私立家扶發展學園社區辦理社區療育服務埔鹽鄉社家署及地方政府補助時段到宅,財團法人臺灣兒童暨家庭扶助基金會附設彰化縣私立家扶發展學園社區辦理社區療育服務(埔鹽鄉) (社家署及地方政府補助)(時段、到宅),其他社福單位,彰化縣,埔鹽鄉,彰化縣埔鹽鄉廍子村光明路1段29號,04-7569336,sfaa
x:彰化縣:臺灣兒童暨家庭扶助基金會附設彰化縣私立家扶發展學園社區辦理社區療育服務線西鄉社家署及地方政府補助時段到宅,財團法人臺灣兒童暨家庭扶助基金會附設彰化縣私立家扶發展學園社區辦理社區療育服務(線西鄉) (社家署及地方政府補助)(時段、到宅),其他社福單位,彰化縣,線西鄉,彰化縣線西鄉寓埔村寓埔路177-1號,04-7569336,sfaa
x:新北市:衛生福利部八里療養院蘆洲門診,衛生福利部八里療養院蘆洲門診,其他社福單位,新北市,蘆洲區,新北市蘆洲區長樂路148號,(02)8285-6224,sfaa
x:新北市:中華民國唐氏症基金會八里區時段到宅,財團法人中華民國唐氏症基金會(八里區)(時段、到宅),其他社福單位,新北市,八里區,新北市八里區舊城里舊城路16號,02-22789866 分機12 郭社工,sfaa
x:新北市:伊甸社會福利基金會附設新北市三峽身心障礙福利服務中心坪林區時段到宅,財團法人伊甸社會福利基金會附設新北市三峽身心障礙福利服務中心(坪林區)(時段、到宅),其他社福單位,新北市,坪林區,新北市坪林區坪林街104號,02-23673824,sfaa
x:新竹市:新竹市聲暉協會,社團法人新竹市聲暉協會,其他社福單位,新竹市,東區,新竹市東區東南街142巷28號,03-5610268,sfaa
x:新竹市:伊甸社會福利基金會新竹分事務所,財團法人伊甸社會福利基金會新竹分事務所,其他社福單位,新竹市,北區,新竹市北區東大路二段565號,03-5341078 分機15或16,sfaa
x:新竹市:心路社會福利基金會新竹分事務所,財團法人心路社會福利基金會新竹分事務所,其他社福單位,新竹市,東區,新竹市東區東南街142巷28號1樓,03-5612511,sfaa
x:新竹市:新竹市仁愛社會福利基金會,財團法人新竹市天主教仁愛社會福利基金會,其他社福單位,新竹市,東區,新竹市東區公園里光復路2段902巷12號,03-5623360分機328許組長,sfaa
x:新竹市:達心兒童發展協會新竹市鐵道路辦事處,達心兒童發展協會(新竹市鐵道路辦事處),其他社福單位,新竹市,北區,新竹市北區鐵道路二段302-1號,0921 207 977,sfaa
x:新竹縣:臺灣新願社會福利協會時段到宅,社團法人台灣新願社會福利協會(時段、到宅),其他社福單位,新竹縣,竹北市,新竹縣竹北市十興五街90號2樓,0971-412807郭老師,sfaa
x:桃園市:第五區早期療育發展中心,第五區早期療育發展中心,其他社福單位,桃園市,八德區,桃園市八德區建德路360號3樓,03-3653266,sfaa
x:桃園市:第四區早期療育發展中心,第四區早期療育發展中心,其他社福單位,桃園市,平鎮,桃園市平鎮區環南路二段192巷1號,03-4936040,sfaa
x:桃園市:聲暉協進會,聲暉協進會,其他社福單位,桃園市,平鎮,桃園市平鎮區興埔路18巷6號,03-2841540,sfaa
x:桃園市:興喜樂居家職能治療所,興喜樂居家職能治療所,其他社福單位,桃園市,大園區,桃園市大園區領航北路4段396號2樓,0929204796,sfaa
x:桃園市:方興中馬匹輔學健康社福基金會時段,財團法人方興中馬匹輔學健康社福基金會(時段),其他社福單位,桃園市,桃園區,桃園市桃園區台北市北投區北投路2段13號10樓,(02)77030999,sfaa
x:桃園市:雅文兒童聽語文教基金會時段,財團法人雅文兒童聽語文教基金會(時段),其他社福單位,桃園市,中壢區,桃園市中壢區中北路200號,03-2658070,sfaa
x:澎湖縣:澎湖縣兒童少年發展中心社區療育據點七美鄉時段,澎湖縣兒童少年發展中心社區療育據點(七美鄉)(時段),其他社福單位,澎湖縣,七美鄉,澎湖縣七美鄉中和村4鄰1號,06-9971003,sfaa
x:澎湖縣:澎湖縣兒童少年發展中心社區療育據點望安鄉時段,澎湖縣兒童少年發展中心社區療育據點(望安鄉)(時段),其他社福單位,澎湖縣,望安鄉,澎湖縣望安鄉46號,06-9991006,sfaa
x:澎湖縣:澎湖縣兒童少年發展中心社區療育據點湖西鄉時段,澎湖縣兒童少年發展中心社區療育據點(湖西鄉)(時段),其他社福單位,澎湖縣,湖西鄉,澎湖縣湖西鄉湖西村180號,06-9920382,sfaa
x:澎湖縣:澎湖縣兒童少年發展中心社區療育據點白沙鄉時段,澎湖縣兒童少年發展中心社區療育據點(白沙鄉)(時段),其他社福單位,澎湖縣,白沙鄉,澎湖縣白沙鄉赤崁村359號,06-9931044,sfaa
x:澎湖縣:澎湖縣兒童少年發展中心社區療育據點西嶼鄉時段,澎湖縣兒童少年發展中心社區療育據點(西嶼鄉)(時段),其他社福單位,澎湖縣,西嶼鄉,澎湖縣西嶼鄉池東村104號,06-9981108,sfaa
x:澎湖縣:澎湖縣兒童少年發展中心社區療育據點馬公市時段,澎湖縣兒童少年發展中心社區療育據點(馬公市)(時段),其他社福單位,澎湖縣,馬公市,澎湖縣馬公市鎖港里19 號,06-9952095,sfaa
x:澎湖縣:澎湖縣私立澎湖教區附設惠民啟智中心時段到宅,澎湖縣私立財團法人天主教澎湖教區附設惠民啟智中心(時段、到宅),其他社福單位,澎湖縣,馬公市,澎湖縣馬公市六合路41巷3號,06-9261790,sfaa
x:臺中市:臺灣小蝸牛聽語障礙關懷協會時段,台灣小蝸牛聽語障礙關懷協會(時段),其他社福單位,臺中市,南屯區,臺中市南屯區大墩路812號3樓,04-23200611,sfaa
x:臺中市:臺灣復健教育協會時段,台灣復健教育協會(時段),其他社福單位,臺中市,太平區,臺中市太平區樹孝路267號,04-23938596,sfaa
x:臺中市:小燈泡兒童暨家庭關懷協會時段,小燈泡兒童暨家庭關懷協會(時段),其他社福單位,臺中市,太平區,臺中市太平區太順路571號,0925-739889,sfaa
x:臺中市:心晴社會福利發展協會臺中兒童療育站時段,心晴社會福利發展協會臺中兒童療育站(時段),其他社福單位,臺中市,北區,臺中市北區錦新街26號9樓,04-22253726,sfaa
x:臺中市:晨菁全齡健康關懷協會時段,晨菁全齡健康關懷協會(時段),其他社福單位,臺中市,烏日區,臺中市烏日區建國路417號,04-23370355,sfaa
x:臺中市:極光轉進多元發展健康協會時段,極光轉進多元發展健康協會(時段),其他社福單位,臺中市,烏日區,臺中市烏日區中華路611號3樓之9,04-23373401,sfaa
x:臺中市:健康整合服務協會時段,社團法人健康整合服務協會(時段),其他社福單位,臺中市,北屯區,臺中市北屯區北屯路390號10樓之1,04-22472371,sfaa
x:臺中市:全腦科學教育協會時段,社團法人全腦科學教育協會(時段),其他社福單位,臺中市,西屯區,臺中市西屯區永福路7號,0933-266521,sfaa
x:臺中市:創意科學教育協會時段,社團法人創意科學教育協會(時段),其他社福單位,臺中市,北區,臺中市北區中清路一段836號4F,0966-447851,sfaa
x:臺中市:臺灣健康整合服務協會南區療育中心時段,社團法人台灣健康整合服務協會-南區療育中心(時段),其他社福單位,臺中市,南區,臺中市南區文心南十路213號,0916-283369,sfaa
x:臺中市:臺灣兒童發展與家庭關懷協會時段,社團法人台灣兒童發展與家庭關懷協會(時段),其他社福單位,臺中市,大里區,臺中市大里區中興路二段506號2樓,04-22333727,sfaa
x:臺中市:國際兒童能力促進協會北屯時段,社團法人國際兒童能力促進協會(北屯)(時段),其他社福單位,臺中市,北屯區,臺中市北屯區四平路461號,04-37007101,sfaa
x:臺中市:國際兒童能力促進協會時段,社團法人國際兒童能力促進協會(時段),其他社福單位,臺中市,西區,臺中市西區五權西四街13巷11號,04-37007101,sfaa
x:臺中市:國際兒童能力促進協會西屯區時段,社團法人國際兒童能力促進協會(西屯區)(時段),其他社福單位,臺中市,西屯區,臺中市西屯區黎明路三段387號,04-37007101,sfaa
x:臺中市:彰化縣正向行為支持協會時段,社團法人彰化縣正向行為支持協會(時段),其他社福單位,臺中市,北區,臺中市北區崇德路一段81號,04-7288162,sfaa
x:臺中市:臺中市展望應用行為分析協會時段,社團法人臺中市展望應用行為分析協會(時段),其他社福單位,臺中市,太平區,臺中市太平區立德街10巷17號,04-23953249,sfaa
x:臺中市:臺中市智障者家長協會時段,社團法人臺中市智障者家長協會(時段),其他社福單位,臺中市,北區,臺中市北區德化街101號5樓之1,04-23809595,sfaa
x:臺中市:臺中市聲暉協進會時段,社團法人臺中市聲暉協進會(時段),其他社福單位,臺中市,南屯區,臺中市南屯區東興路一段450號,04-24711137,sfaa
x:臺中市:臺中市響響輔具科技協會時段,社團法人臺中市響響輔具科技協會(時段),其他社福單位,臺中市,南屯區,臺中市南屯區黎明路1段283號,04-24700189,sfaa
x:臺中市:臺中市香柏木健康關懷協會南區時段,社團法人臺中市香柏木健康關懷協會(南區)(時段),其他社福單位,臺中市,南區,臺中市南區仁義街246號,04-22610888,sfaa
x:臺中市:臺中市香柏木健康關懷協會西區時段,社團法人臺中市香柏木健康關懷協會(西區)(時段),其他社福單位,臺中市,西區,臺中市西區忠明南路270號4樓之2(A區),04-22610888,sfaa
x:臺中市:臺灣早稻家庭暨兒童專業發展協會時段,社團法人臺灣早稻家庭暨兒童專業發展協會(時段),其他社福單位,臺中市,西區,臺中市西區中華路一 段19號2樓,04-22211058,sfaa
x:臺中市:臺中市優智全人發展復健教育協會時段,臺中市優智全人發展復健教育協會(時段),其他社福單位,臺中市,南區,臺中市南區建成路1160號4樓,04-22851717 分機22,sfaa
x:臺中市:臺中市兒童多元發展教育協會時段,臺中市兒童多元發展教育協會(時段),其他社福單位,臺中市,北區,臺中市北區漢口路4段202號5樓,04-22313959,sfaa
x:臺中市:臺中市天使奶奶兒童發展協會時段,臺中市天使奶奶兒童發展協會(時段),其他社福單位,臺中市,西區,臺中市西區忠明南路270號3樓之1,0933-328522,sfaa
x:臺中市:臺中市小蝸牛聽語障礙關懷協會時段,臺中市小蝸牛聽語障礙關懷協會(時段),其他社福單位,臺中市,大里區,臺中市大里區國光路二段354號2樓,04-24836720,sfaa
x:臺中市:臺中市山海屯聲暉協進會時段,臺中市山海屯聲暉協進會(時段),其他社福單位,臺中市,潭子區,臺中市潭子區頭張路一段90號,04-25314712,sfaa
x:臺中市:臺中市復健教育協會時段,臺中市復健教育協會(時段),其他社福單位,臺中市,南屯區,臺中市南屯區大墩路259號2樓,04-24731972,sfaa
x:臺中市:臺中市惠永多元發展復健教育協會時段,臺中市惠永多元發展復健教育協會(時段),其他社福單位,臺中市,西區,臺中市西區三民路一段103號2樓之2,04-23711110,sfaa
x:臺中市:臺中市核甜多元復健服務協會時段,臺中市核甜多元復健服務協會(時段),其他社福單位,臺中市,西區,臺中市西區五權五街275號2樓,0928-153389,sfaa
x:臺中市:臺中市耆幼展能協會大甲時段,臺中市耆幼展能協會(大甲)(時段),其他社福單位,臺中市,大甲區,臺中市大甲區忠孝街135號,04-26800102,sfaa
x:臺中市:臺中市耆幼展能協會西屯時段,臺中市耆幼展能協會(西屯)(時段),其他社福單位,臺中市,西屯區,臺中市西屯區臺灣大道四段936號3樓之5號,04-24630023,sfaa
x:臺中市:臺灣日日安協會時段,臺灣日日安協會(時段),其他社福單位,臺中市,南屯區,臺中市南屯區黎明路一段1093號,0983-658633,sfaa
x:臺中市:伊甸社會福利基金會大里區時段,財團法人伊甸社會福利基金會(大里區)(時段),其他社福單位,臺中市,大里區,臺中市大里區永隆路102號,04-24070195,sfaa
x:臺中市:伊甸社會福利基金會潭子區時段,財團法人伊甸社會福利基金會(潭子區)(時段),其他社福單位,臺中市,潭子區,臺中市潭子區大豐路2段1號,04-25335276,sfaa
x:臺中市:臺中市私立弘毓基金會東勢區時段,財團法人台中市私立弘毓基金會(東勢區)(時段),其他社福單位,臺中市,東勢區,臺中市東勢區東崎路5段405號,04-25770711,sfaa
x:臺中市:瑪利亞社會福利基金會西區時段,財團法人瑪利亞社會福利基金會(西區)(時段),其他社福單位,臺中市,西區,臺中市西區柳川東路二段76巷2號,04-23716701,sfaa
x:臺中市:臺中市私立中杏社會福利基金會世貿區時段,財團法人臺中市私立中杏社會福利基金會(世貿區)(時段),其他社福單位,臺中市,西屯區,臺中市西屯區中工二路188號 6樓,04-23588113,sfaa
x:臺中市:臺中市私立中杏社會福利基金會北區時段,財團法人臺中市私立中杏社會福利基金會(北區)(時段),其他社福單位,臺中市,北區,臺中市北區健行路375號4樓,04-22359622,sfaa
x:臺中市:臺中市私立中杏社會福利基金會北屯區時段,財團法人臺中市私立中杏社會福利基金會(北屯區)(時段),其他社福單位,臺中市,北屯區,臺中市北屯區文心路四段698號11樓之1,04-22362263,sfaa
x:臺中市:臺中市私立中杏社會福利基金會太平區時段,財團法人臺中市私立中杏社會福利基金會(太平區)(時段),其他社福單位,臺中市,北屯區,臺中市北屯區樹孝路592號,04-22362236,sfaa
x:臺中市:臺中市私立中杏社會福利基金會豐原時段,財團法人臺中市私立中杏社會福利基金會(豐原)(時段),其他社福單位,臺中市,豐原區,臺中市豐原區豐南街2號5樓,04-25356957,sfaa
x:臺中市:臺中市私立弘毓社會福利基金會豐原時段,財團法人臺中市私立弘毓社會福利基金會(豐原)(時段),其他社福單位,臺中市,豐原區,臺中市豐原區大明路103號,04-25249769,sfaa
x:臺中市:臺中市私立弘毓社會福利基金會龍井區時段,財團法人臺中市私立弘毓社會福利基金會(龍井區)(時段),其他社福單位,臺中市,龍井區,臺中市龍井區沙田路六段207號,04-26362362,sfaa
x:臺南市:伯利恆社會福利基金會社區療育據點社家署及地方政府補助時段到宅,財團法人伯利恆社會福利基金會社區療育據點(社家署及地方政府補助)(時段、到宅),其他社福單位,臺南市,東山區,臺南市東山區新東路一段35號,06-7830456 分機125,sfaa
x:臺南市:臺南市私立蘆葦啟智中心日間時段到宅,財團法人天主教臺南市私立蘆葦啟智中心(日間、時段、到宅),其他社福單位,臺南市,新市,臺南市新市區中正路169號,06-5890260,sfaa
x:臺南市:臺南市私立瑞復益智中心到宅,財團法人臺南市私立天主教瑞復益智中心(到宅),其他社福單位,臺南市,安平區,臺南市安平區漁光路134號,06-3911531,sfaa
x:臺南市:臺南市私立德蘭啟智中心社區療育據點社家署及地方政府補助時段到宅,財團法人臺南市私立德蘭啟智中心社區療育據點(社家署及地方政府補助)(時段、到宅),其他社福單位,臺南市,山上區,臺南市山上區山上里79號,無,sfaa
x:臺南市:臺南市私立瑞復益智中心社區療育據點社家署及地方政府補助時段到宅,財團法人臺南市私立瑞復益智中心社區療育據點(社家署及地方政府補助)(時段、到宅),其他社福單位,臺南市,安南區,臺南市安南區海佃路二段822號,06-2563797,sfaa
x:花蓮縣:臺灣兒童發展早期療育協會崙山工作站社家署及地方政府補助時段到宅,臺灣兒童發展早期療育協會崙山工作站(社家署及地方政府補助)(時段、到宅),其他社福單位,花蓮縣,卓溪鄉,花蓮縣卓溪鄉崙山村8號,03-8870979,sfaa
x:花蓮縣:臺灣兒童發展早期療育協會玉里工作站社家署及地方政府補助時段到宅,臺灣兒童發展早期療育協會玉里工作站(社家署及地方政府補助)(時段、到宅),其他社福單位,花蓮縣,玉里鎮,花蓮縣玉里鎮莊敬路8號2樓,03-8870979,sfaa
x:花蓮縣:臺灣兒童發展早期療育協會社區療育據點社家署及地方政府補助時段到宅,臺灣兒童發展早期療育協會社區療育據點(社家署及地方政府補助)(時段、到宅),其他社福單位,花蓮縣,瑞穗鄉,花蓮縣瑞穗鄉中華路67號,03-8870979,sfaa
x:花蓮縣:臺灣兒童發展早期療育協會萬榮兒童暨家庭部落社區服務據點社家署及地方政府補助時段到宅,臺灣兒童發展早期療育協會萬榮兒童暨家庭部落社區服務據點(社家署及地方政府補助)(時段、到宅),其他社福單位,花蓮縣,萬榮鄉,花蓮縣萬榮鄉西林村西林77號,03-8772529,sfaa
x:苗栗縣:伊甸社會福利基金會苗栗分事務所山線地區地區早期療育個管理中心,財團法人伊甸社會福利基金會苗栗分事務所(山線地區地區早期療育個管理中心),其他社福單位,苗栗縣,公館鄉,苗栗縣公館鄉大同路205號,037-996334,sfaa
x:苗栗縣:臺灣省會新竹教區附設苗栗縣私立聖家啟智中心中港溪地區早期療育個管理中心,財團法人台灣省天主教會新竹教區附設苗栗縣私立聖家啟智中心(中港溪地區早期療育個管理中心),其他社福單位,苗栗縣,頭份市,苗栗縣頭份市信東路二段187號,037-460142,sfaa
x:苗栗縣:苗栗縣私立幼安教養院苗栗及通苑地區早期療育個管理中心,財團法人苗栗縣私立幼安教養院(苗栗及通苑地區早期療育個管理中心),其他社福單位,苗栗縣,苗栗市,苗栗縣苗栗市嘉新里經國路4段851號4樓,037-268995,sfaa
x:連江縣:臺灣兒童暨家庭扶助基金會馬祖分事務所,財團法人臺灣兒童暨家庭扶助基金會馬祖分事務所,其他社福單位,連江縣,南竿鄉,連江縣南竿鄉復興村164號,0836-23545,sfaa
x:高雄市:高雄市私立博正兒童發展中心辦理草衙社區據點王詹樣基金會補助時段到宅,財團法人高雄市私立博正兒童發展中心辦理草衙社區據點(王詹樣基金會補助)(時段、到宅),其他社福單位,高雄市,前鎮,高雄市前鎮區和誠街78巷14號,0902-454569,sfaa
1532091081,龍潭敏盛醫院(復健科),其他經許可辦理評估之醫院,桃園市,龍潭區,桃園市龍潭區中豐路168號,03-4794151,sfaa
0144010015,衛生福利部澎湖醫院,其他經許可辦理評估之醫院,澎湖縣,馬公市,澎湖縣馬公市中正路10號,06-9261151,healthforkids;sfaa
1303180011,亞洲大學附屬醫院,其他經許可辦理評估之醫院,臺中市,霧峰區,臺中市霧峰區福新路222號,04-37061668,healthforkids;sfaa
0917070029,林新醫療社團法人林新醫院,其他經許可辦理評估之醫院,臺中市,南屯區,臺中市南屯區惠中路三段36號,04-22586688,healthforkids;sfaa
0903150014,林新醫療社團法人烏日林新醫院,其他經許可辦理評估之醫院,臺中市,烏日區,臺中市烏日區榮和路168號,04-23388766,healthforkids;sfaa
1517011112,澄清綜合醫院,其他經許可辦理評估之醫院,臺中市,中區,臺中市中區平等街139號,04-24632000,healthforkids;sfaa
1517061032,澄清綜合醫院中港分院,其他經許可辦理評估之醫院,臺中市,西屯區,臺中市西屯區臺灣大道四段966號,04-24632000,healthforkids;sfaa
1503190020,長安醫院,其他經許可辦理評估之醫院,臺中市,太平區,臺中市太平區永平路一段9號,04-36113611,sfaa
x:基隆市:王孟俊診所,王孟俊診所,新生兒聽力確診醫院,基隆市,仁愛區,基隆市仁愛區南榮路143號,02-24293128,sfaa
x:基隆市:王立文婦產科診所,王立文婦產科診所,新生兒聽力確診醫院,基隆市,中正區,基隆市中正區義一路41號,02-24278888,sfaa
1317050017,中國醫藥大學附設醫院,新生兒聽力確診醫院,臺中市,北區,臺中市北區育德路2號,04-22052121#1132,sfaa
x:臺北市:馬偕紀念社會事業基金會馬偕紀念醫院,財團法人臺灣基督長老教會馬偕紀念社會事業基金會馬偕紀念醫院,新生兒聽力確診醫院,臺北市,中山區,臺北市中山區中山北路2段92號,02-25433535#2208,sfaa
x:嘉義市:謝俊雄婦兒科診所,謝俊雄婦兒科診所,新生兒聽力篩檢院所,嘉義市,西區,嘉義市西區興業西路87、89號3樓7樓,無,sfaa
x:基隆市:基隆市立慢性病防治所,基隆市立慢性病防治所,新生兒聽力篩檢院所,基隆市,信義區,基隆市信義區信二路266號(1F),02-24230181,sfaa
x:基隆市:王孫斌婦產科,王孫斌婦產科,新生兒聽力篩檢院所,基隆市,中正區,基隆市中正區義一路69號,02-24248125,sfaa
x:屏東縣:優生婦產科醫院,優生婦產科醫院,新生兒聽力篩檢院所,屏東縣,屏東市,屏東縣屏東市瑞光路三段103號,08-7382222,sfaa
x:屏東縣:恆春恆春醫院,恆春醫療財團法人恆春基督教醫院,新生兒聽力篩檢院所,屏東縣,恆春鎮,屏東縣恆春鎮恆西路21號,08-8892293,sfaa
x:彰化縣:蕭弘智診所,蕭弘智診所,新生兒聽力篩檢院所,彰化縣,員林市,彰化縣員林市仁美里中山路二段11號,04-8359156,sfaa
3531143382,俊亨婦產科診所,新生兒聽力篩檢院所,新北市,蘆洲區,新北市蘆洲區中山二路135號,02-22838077,sfaa
x:新北市:儷生婦產科診所,儷生婦產科診所,新生兒聽力篩檢院所,新北市,土城區,新北市土城區金城路2段396號1樓,02-82627890,sfaa
x:新北市:元程婦產科診所,元程婦產科診所,新生兒聽力篩檢院所,新北市,新莊區,新北市新莊區中華路二段47號,02-29921691,sfaa
3531072806,劉遠祺婦產科診所,新生兒聽力篩檢院所,新北市,樹林區,新北市樹林區中華路112號,02-86865966,sfaa
5921010232,吳婦產科診所,新生兒聽力篩檢院所,新北市,汐止區,新北市汐止區大同路二段175號3樓,02-86926399,sfaa
x:新北市:天給婦產科診所,天給婦產科診所,新生兒聽力篩檢院所,新北市,新莊區,新北市新莊區幸福路670巷2弄23號,02-29927196,sfaa
x:新北市:宥生婦產科診所,宥生婦產科診所,新生兒聽力篩檢院所,新北市,蘆洲區,新北市蘆洲區三民路13號,02-22835758,sfaa
x:新北市:惠生婦產科診所,惠生婦產科診所,新生兒聽力篩檢院所,新北市,樹林區,新北市樹林區中山路1段27之3號,02-86875678,sfaa
x:新北市:欣幼婦產科診所,欣幼婦產科診所,新生兒聽力篩檢院所,新北市,板橋區,新北市板橋區四川路1段188號,02-29591158,sfaa
x:新北市:育馨中山婦產科診所,育馨中山婦產科診所,新生兒聽力篩檢院所,新北市,板橋區,新北市板橋區中山路一段216號,02-89531086,sfaa
x:新北市:良品婦幼聯合診所,良品婦幼聯合診所,新生兒聽力篩檢院所,新北市,板橋區,新北市板橋區南雅南路一段8-8號,02-29650111,sfaa
x:新北市:菡生婦產科診所,菡生婦產科診所,新生兒聽力篩檢院所,新北市,板橋區,新北市板橋區漢生東路15號,02-22538977,sfaa
x:新北市:遠華婦產科診所,遠華婦產科診所,新生兒聽力篩檢院所,新北市,板橋區,新北市板橋區三民路2段110號1-7樓,02-89535508,sfaa
3531144021,長榮宥宥婦產科診所,新生兒聽力篩檢院所,新北市,蘆洲區,新北市蘆洲區永樂街2號,02-82839090,sfaa
3531113026,馨悅婦產科診所,新生兒聽力篩檢院所,新北市,汐止區,新北市汐止區福德二路215號12樓,02-26927666,sfaa
x:新北市:麥婦產科診所,麥婦產科診所,新生兒聽力篩檢院所,新北市,鶯歌區,新北市鶯歌區鶯桃路五七一號,02-26788600,sfaa
x:新竹市:宏偉婦產科診所,宏偉婦產科診所,新生兒聽力篩檢院所,新竹市,東區,新竹市東區中央路258號,03-5330733,sfaa
x:新竹市:廖明厚小兒科,廖明厚小兒科,新生兒聽力篩檢院所,新竹市,東區,新竹市東區三民里民族路130號,03-5316665,sfaa
x:新竹市:惠生婦產科診所,惠生婦產科診所,新生兒聽力篩檢院所,新竹市,北區,新竹市北區東大路二段577號,03-5350358,sfaa
x:新竹市:江婦產科診所,江婦產科診所,新生兒聽力篩檢院所,新竹市,東區,新竹市東區民族路125號,03-5353532,sfaa
0633030010,臺北榮民總醫院新竹分院,新生兒聽力篩檢院所,新竹縣,竹東鎮,新竹縣竹東鎮中豐路一段81號,03-5962134,sfaa
x:桃園市:吳鳳昕婦產科診所,吳鳳昕婦產科診所,新生兒聽力篩檢院所,桃園市,八德區,桃園市八德區介壽路1段816號,03-3635679,sfaa
3532026022,周龍生婦產科診所,新生兒聽力篩檢院所,桃園市,中壢區,桃園市中壢區興農路56號,03-4515258,sfaa
3532015618,婦茂婦幼診所,新生兒聽力篩檢院所,桃園市,桃園區,桃園市桃園區大興西路二段76巷12號,03-3015968,sfaa
x:桃園市:徐文良婦產科診所,徐文良婦產科診所,新生兒聽力篩檢院所,桃園市,中壢區,桃園市中壢區元化路93號1之3樓,03-4252833,sfaa
x:桃園市:晨芳婦產科診所,晨芳婦產科診所,新生兒聽力篩檢院所,桃園市,桃園區,桃園市桃園區中正路847號,03-3167656,sfaa
x:桃園市:梁志豪婦產科診所,梁志豪婦產科診所,新生兒聽力篩檢院所,桃園市,蘆竹區,桃園市蘆竹區南崁路98號,03-3521066,sfaa
3531091650,趙德明婦產科診所,新生兒聽力篩檢院所,桃園市,中壢區,桃園市中壢區復興路33號1、2、3樓,03-4275555,sfaa
0544010031,三軍總醫院澎湖分院附設民眾診療服務處,新生兒聽力篩檢院所,澎湖縣,馬公市,澎湖縣馬公市前寮里90號,06-9211116,sfaa
x:臺中市:博生婦產科診所,博生婦產科診所,新生兒聽力篩檢院所,臺中市,大里區,臺中市大里區德芳南路352號1樓,04-24839277,sfaa
x:臺中市:承諭耳鼻喉科,承諭耳鼻喉科,新生兒聽力篩檢院所,臺中市,南屯區,臺中市南屯區大墩路812號1樓,04-23281208,sfaa
1536011276,新惠生醫院,新生兒聽力篩檢院所,臺中市,豐原區,臺中市豐原區圓環北路一段319號,04-25228792,sfaa
x:臺中市:林聖凱婦產科診所,林聖凱婦產科診所,新生兒聽力篩檢院所,臺中市,西屯區,臺中市西屯區上安里臺灣大道2段124-1號,04-24623700,sfaa
x:臺中市:漢中婦產科診所,漢中婦產科診所,新生兒聽力篩檢院所,臺中市,豐原區,臺中市豐原區中正路214號,04-25245868,sfaa
x:臺中市:美村婦產科診所,美村婦產科診所,新生兒聽力篩檢院所,臺中市,西區,臺中市西區美村路一段588號,04-23787212,sfaa
x:臺中市:順風耳鼻喉科診所,順風耳鼻喉科診所,新生兒聽力篩檢院所,臺中市,清水區,臺中市清水區鎮南街41號,04-26226161,sfaa
x:臺北市:李木生婦產科診所,李木生婦產科診所,新生兒聽力篩檢院所,臺北市,中山區,臺北市中山區長安東路2段90號1-4F,02-25012312,sfaa
x:臺北市:林正宗婦產科診所,林正宗婦產科診所,新生兒聽力篩檢院所,臺北市,大安區,臺北市大安區和平東路3段100號2樓,02-27330166,sfaa
x:臺南市:佑生婦產科診所,佑生婦產科診所,新生兒聽力篩檢院所,臺南市,新營區,臺南市新營區大同路6號,06-6322789,sfaa
x:臺南市:婦兒安婦幼中心,婦兒安婦幼中心,新生兒聽力篩檢院所,臺南市,東區,臺南市東區中華東路3段46號,06-2091666,sfaa
3541041457,快樂診所,新生兒聽力篩檢院所,臺南市,麻豆區,臺南市麻豆區民權路22-5號,06-5714606,sfaa
x:臺南市:陳淑玲林原弘小兒科專門診所,陳淑玲、林原弘小兒科專門診所,新生兒聽力篩檢院所,臺南市,東區,臺南市東區崇學路229號,06-2900255,sfaa
x:臺東縣:張崇晉婦產科診所,張崇晉婦產科診所,新生兒聽力篩檢院所,臺東縣,臺東市,臺東縣臺東市開封街352號,089-325250,sfaa
x:苗栗縣:周博治婦產科診所,周博治婦產科診所,新生兒聽力篩檢院所,苗栗縣,苗栗市,苗栗縣苗栗市中苗里中正路403號,03-7332288,sfaa
x:苗栗縣:楊克寧婦產科診所,楊克寧婦產科診所,新生兒聽力篩檢院所,苗栗縣,苗栗市,苗栗縣苗栗市博愛路79號,03-7322186,sfaa
x:雲林縣:婦安婦產科診所,婦安婦產科診所,新生兒聽力篩檢院所,雲林縣,虎尾鎮,雲林縣虎尾鎮林森路一段266號,05-6338588,sfaa
x:高雄市:佳欣婦幼醫院,佳欣婦幼醫院,新生兒聽力篩檢院所,高雄市,前鎮,高雄市前鎮區三多三路149號,07-3312233,sfaa
3507011451,優生婦產科醫院,新生兒聽力篩檢院所,高雄市,鳳山區,高雄市鳳山區自由路189號,07-7478629,sfaa
1502051426,四季臺安醫院,新生兒聽力篩檢院所,高雄市,三民區,高雄市三民區灣興里聯興路157號,07-3983000,sfaa
x:高雄市:林克臻婦產科診所,林克臻婦產科診所,新生兒聽力篩檢院所,高雄市,左營區,高雄市左營區華夏路628號,07-3480088,sfaa
x:高雄市:民族醫院,民族醫院,新生兒聽力篩檢院所,高雄市,三民區,高雄市三民區鼎力里民族一路880號,07-3462802,sfaa
1502031095,馨蕙馨醫院,新生兒聽力篩檢院所,高雄市,左營區,高雄市左營區明誠二路541號,07-5586080,sfaa
x:南投縣:南投縣早期療育中心時段,南投縣早期療育中心(時段),早療機構,南投縣,南投市,南投縣南投市南崗二路87號2樓,049-2201278,sfaa
x:嘉義市:嘉義市政府,嘉義市政府委託財團法人伊甸社會福利基金會辦理嘉義市身心障礙福利服務中心(兼辦)(日間、時段),早療機構,嘉義市,西區,嘉義市西區錦州二街36號,05-2859043,sfaa
x:嘉義市:雙福社會福利慈善事業基金會附設嘉義市私立晨光智能發展中心兼辦日間時段,財團法人雙福社會福利慈善事業基金會附設嘉義市私立晨光智能發展中心(兼辦)(日間、時段),早療機構,嘉義市,東區,嘉義市東區後湖里忠孝一街98號,05-2765041-8910,sfaa
x:嘉義縣:會嘉義教區附設嘉義縣私立聖心教養院兼辦日間時段到宅,財團法人天主教會嘉義教區附設嘉義縣私立聖心教養院(兼辦)(日間、時段、到宅),早療機構,嘉義縣,朴子市,嘉義縣朴子市博文街151號,05-3793541,sfaa
x:嘉義縣:會嘉義教區附設嘉義縣私立聖心教養院身心障礙福利機構兼辦早療業務日間時段到宅,財團法人天主教會嘉義教區附設嘉義縣私立聖心教養院(身心障礙福利機構兼辦早療業務)(日間、時段、到宅),早療機構,嘉義縣,朴子市,嘉義縣朴子市博文街151號,05-3793541,sfaa
x:基隆市:基隆市政府,基隆市政府委託財團法人伊甸社會福利基金會辦理基隆市身心障礙福利服務中心(兼辦)(日間、時段、到宅),早療機構,基隆市,信義區,基隆市信義區東信路282之45號,02-24662355,sfaa
x:屏東縣:屏東縣東港兒童早期療育發展中心日間時段,屏東縣東港兒童早期療育發展中心(日間、時段),早療機構,屏東縣,東港鎮,屏東縣東港鎮中正路一段10-1號,08-8310085,sfaa
x:屏東縣:屏東勝利之家兼辦時段,財團法人屏東基督教勝利之家(兼辦)(時段),早療機構,屏東縣,屏東市,屏東縣屏東市大連路19號,08-7366294,sfaa
x:彰化縣:彰化縣南區寶貝成長家園專辦,彰化縣南區寶貝成長家園(專辦),早療機構,彰化縣,北斗鎮,彰化縣北斗鎮復興路270號3樓,04-8874891,sfaa
x:彰化縣:彰化縣寶貝成長家園專辦,彰化縣寶貝成長家園(專辦),早療機構,彰化縣,彰化市,彰化縣彰化市東興里南郭路一段47巷13號2樓,04-7288908,sfaa
x:彰化縣:會臺中教區附設彰化縣私立聖家啟智中心兼辦日間,財團法人天主教會臺中教區附設彰化縣私立聖家啟智中心(兼辦)(日間),早療機構,彰化縣,員林市,彰化縣員林市光明里民生路50號,04-8374936,sfaa
x:新北市:新北市政府,新北市政府委託財團法人第一社會福利基金會辦理新北市愛智發展中心(公設民營),早療機構,新北市,板橋區,新北市板橋區中正路10號1樓,02-2968-8525分機17、18,sfaa
x:新北市:新北市政府社會局,新北市政府社會局委託財團法人心路社會福利基金會辦理新北市愛兒兒童發展中心,早療機構,新北市,新店區,新北市新店區中正路263巷16號1~3樓,02-2915-6786,sfaa
x:新北市:新北市立八里愛心教養院附設三峽日間托育中心,新北市立八里愛心教養院附設三峽日間托育中心,早療機構,新北市,三峽區,新北市三峽區光明路71號7樓,02-2673-3523分機126,sfaa
x:新北市:新北市立八里愛心教養院附設三重日間托育中心,新北市立八里愛心教養院附設三重日間托育中心,早療機構,新北市,三重區,新北市三重區光復路1段76號1-2樓,02-8512-4112,sfaa
x:新北市:新北市私立明新兒童發展中心兼辦日間時段,財團法人新北市私立明新兒童發展中心(兼辦)(日間、時段),早療機構,新北市,中和區,新北市中和區圓通路296巷31弄1號,02-22473769,sfaa
x:新北市:臺灣兒童暨家庭扶助基金會附設新北市私立家扶發展學園,財團法人臺灣兒童暨家庭扶助基金會附設新北市私立家扶發展學園,早療機構,新北市,板橋區,新北市板橋區四川路2段245巷119號,02-8966-2926,sfaa
x:新竹市:新竹市兒童發展早期療育中心新竹市政府,新竹市兒童發展早期療育中心 (新竹市政府委託財團法人心路社會福利基金會經營管理) (兼辦)(日間、時段),早療機構,新竹市,東區,新竹市東區龍山西路99號3樓,03-5612511,sfaa
x:桃園市:心路社會福利基金會附設私立心路桃園發展中心兼辦日間時段,財團法人心路社會福利基金會附設私立心路桃園發展中心(兼辦)(日間、時段),早療機構,桃園市,平鎮,桃園市平鎮區環南路2段192巷1號,03-4938652,sfaa
x:臺中市:臺中市政府社會局,臺中市政府社會局委託財團法人瑪利亞社會福利基金會經營管理臺中市愛心家園(兼辦)(日間、時段),早療機構,臺中市,南屯區,臺中市南屯區東興路一段450號,04-24713535,sfaa
x:臺中市:中華民國婦聯聽覺健康社會福利基金會附設臺中市私立至德聽語中心兼辦時段,財團法人中華民國婦聯聽覺健康社會福利基金會附設臺中市私立至德聽語中心(兼辦)(時段),早療機構,臺中市,西屯區,臺中市西屯區西屯路2段256巷6號4樓之1,04-24522992,sfaa
x:臺中市:臺灣兒童暨家庭扶助基金會附設臺中市私立家扶發展學園兼辦日間,財團法人臺灣兒童暨家庭扶助基金會附設臺中市私立家扶發展學園(兼辦)(日間),早療機構,臺中市,西屯區,臺中市西屯區河南路二段103號,04-23151010,sfaa
x:臺北市:臺北市政府社會局,臺北市政府社會局委託社團法人中華民國腦性麻痺協會經營管理臺北市大同發展中心(兼辦)(日間、時段),早療機構,臺北市,大同區,臺北市大同區昌吉街52號6樓-7樓,02-25986886,sfaa
x:臺北市:中華民國婦聯聽覺健康社會福利基金會附設臺北市私立至德聽語中心兼辦時段,財團法人中華民國婦聯聽覺健康社會福利基金會附設臺北市私立至德聽語中心(兼辦)(時段),早療機構,臺北市,中正區,臺北市中正區中華路1段77號3樓,02-28201825,sfaa
x:臺北市:伊甸社會福利基金會附設臺北市私立婦幼家園兼辦日間時段,財團法人伊甸社會福利基金會附設臺北市私立婦幼家園(兼辦)(日間、時段),早療機構,臺北市,內湖區,臺北市內湖區民權東路6段180巷42弄6號,02-87925072,sfaa
x:臺北市:心路社會福利基金會附設臺北市私立心路兒童發展中心兼辦日間時段,財團法人心路社會福利基金會附設臺北市私立心路兒童發展中心(兼辦)(日間、時段),早療機構,臺北市,中山區,臺北市中山區復興北路232號,02-25080635,sfaa
x:臺北市:第一社會福利基金會附設臺北市私立第一兒童發展中心兼辦時段到宅,財團法人第一社會福利基金會附設臺北市私立第一兒童發展中心(兼辦)(時段、到宅),早療機構,臺北市,信義區,臺北市信義區信義路5段150巷316號1樓,02-27294304,sfaa
x:臺南市:臺南市政府社會局,臺南市政府社會局委託臺南市童心園社會福利關懷協會經營臺南市歸仁早期療育發展中心(日間、時段、到宅),早療機構,臺南市,歸仁區,臺南市歸仁區信義南路78號3樓,06-5900097,sfaa
x:臺南市:臺南市私立德蘭啟智中心兼辦日間時段到宅,財團法人天主教臺南市私立德蘭啟智中心(兼辦)(日間、時段、到宅),早療機構,臺南市,玉井區,臺南市玉井區中華路200號,06-5742219,sfaa
x:臺南市:臺南市私立蘆葦啟智中心兼辦日間時段到宅,財團法人天主教臺南市私立蘆葦啟智中心(兼辦)(日間、時段、到宅),早療機構,臺南市,新市,臺南市新市區中正路169號,06-5890260,sfaa
x:臺南市:臺南市私立伯利恆社會福利基金會附設伯利恆兒童發展中心日間時段到宅,財團法人臺南市私立天主教伯利恆社會福利基金會附設伯利恆兒童發展中心(日間、時段、到宅),早療機構,臺南市,學甲區,臺南市學甲區中學路95號,06-7830456,sfaa
x:臺南市:臺南市私立美善社會福利基金會附設光明早期療育中心日間時段到宅,財團法人臺南市私立天主教美善社會福利基金會附設光明早期療育中心(日間、時段、到宅),早療機構,臺南市,東區,臺南市東區光明街191號,06-2365445,sfaa
x:臺南市:臺南市私立瑞復益智中心安平本部安南分部兼辦日間時段,財團法人臺南市私立瑞復益智中心(安平本部、安南分部)(兼辦)(日間、時段),早療機構,臺南市,安平區,臺南市安平區漁光路134號,06-3911531,sfaa
x:臺東縣:臺東縣兒童發展療育中心時段,臺東縣兒童發展療育中心(時段),早療機構,臺東縣,臺東市,臺東縣臺東市正氣北路374號,089-333973,sfaa
x:花蓮縣:花蓮縣兒童發展中心,花蓮縣兒童發展中心,早療機構,花蓮縣,吉安鄉,花蓮縣吉安鄉宜昌村中山路二段2號,03-8522006,sfaa
x:金門縣:金門縣早期療育聯合服務中心時段到宅,金門縣早期療育聯合服務中心(時段、到宅),早療機構,金門縣,金湖鎮,金門縣金湖鎮中正路1-1號1樓,082-337886,sfaa
x:雲林縣:口湖區兒童發展中心,口湖區兒童發展中心,早療機構,雲林縣,口湖鄉,雲林縣口湖鄉過港村119號,05-7894803,sfaa
x:雲林縣:臺西區兒童發展中心,台西區兒童發展中心,早療機構,雲林縣,臺西鄉,雲林縣臺西鄉五榔村17-1號,05-6986593,sfaa
x:雲林縣:斗六區兒童發展中心,斗六區兒童發展中心,早療機構,雲林縣,斗六市,雲林縣斗六市府文路22號3樓,05-5361211,sfaa
x:雲林縣:西螺區兒童發展中心,西螺區兒童發展中心,早療機構,雲林縣,西螺鎮,雲林縣西螺鎮中山路227號,05-5877270,sfaa
x:雲林縣:臺灣兒童暨家庭扶助基金會附設雲林縣私立家扶發展學園,財團法人台灣兒童暨家庭扶助基金會附設雲林縣私立家扶發展學園,早療機構,雲林縣,虎尾鎮,雲林縣虎尾鎮穎川里頂南56號一樓,05-6361712,sfaa
x:高雄市:中華民國婦聯聽覺健康社會福利基金會附設高雄市私立至德聽語中心兼辦日間時段,財團法人中華民國婦聯聽覺健康社會福利基金會附設高雄市私立至德聽語中心(兼辦)(日間、時段),早療機構,高雄市,前鎮,高雄市前鎮區二聖一路288號3樓,07-7279468,sfaa
x:高雄市:高雄市私立博正兒童發展中心兼辦日間時段到宅,財團法人高雄市私立博正兒童發展中心(兼辦)(日間、時段、到宅),早療機構,高雄市,左營區,高雄市左營區修明街69號2、3樓,07-5586331,sfaa
x:高雄市:高雄市私立博正兒童發展中心日間時段到宅,財團法人高雄市私立博正兒童發展中心(日間、時段、到宅),早療機構,高雄市,左營區,高雄市左營區修明街69號2、3樓,07-5586331,sfaa
x:高雄市:高雄市私立聖淵啟仁中心身心障礙福利機構日間時段,財團法人高雄市私立聖淵啟仁中心(身心障礙福利機構)(日間、時段),早療機構,高雄市,苓雅區,高雄市苓雅區義勇路149號,07-7497717、7497921,sfaa
x:高雄市:高雄市政府社會局兒童福利服務中心,高雄市政府社會局兒童福利服務中心委託辦理高雄市三民兒童早期療育發展中心(日間、到宅),早療機構,高雄市,三民區,高雄市三民區九如一路775號,07-3985011,sfaa
x:高雄市:高雄市政府社會局,高雄市政府社會局委託辦理岡山身心障礙福利服務中心(兼辦)(日間、時段、到宅),早療機構,高雄市,岡山區,高雄市岡山區公園東路131號,07-6226730,sfaa
x:高雄市:高雄市政府社會局無障礙之家,高雄市政府社會局無障礙之家委託辦理兒童發展中心(兼辦)(日間、時段),早療機構,高雄市,前鎮,高雄市前鎮區翠亨北路392 號2 樓,07-8151500  分機217,sfaa
x:基隆市:仁愛國小日間,仁愛國小(日間),服務-教育單位,基隆市,仁愛區,基隆市仁愛區和明里仁二路139號,02-24289131,sfaa
x:屏東縣:豐田國小時段,豐田國小(時段),服務-教育單位,屏東縣,內埔鄉,屏東縣內埔鄉新中路49號,08-7792445,sfaa
x:彰化縣:北斗國小附設幼兒園日間,北斗國小附設幼兒園(日間),服務-教育單位,彰化縣,北斗鎮,彰化縣北斗鎮文苑路一段32號,04-8882008,sfaa
x:彰化縣:原斗國中小附設幼兒園日間,原斗國中小附設幼兒園(日間),服務-教育單位,彰化縣,二林鎮,彰化縣二林鎮斗苑路一段865號,04-8902322,sfaa
x:彰化縣:和美國小附設幼兒園日間,和美國小附設幼兒園(日間),服務-教育單位,彰化縣,和美鎮,彰化縣和美鎮和平街19號,04-7552005,sfaa
x:彰化縣:培英國小附設幼兒園日間,培英國小附設幼兒園(日間),服務-教育單位,彰化縣,和美鎮,彰化縣和美鎮彰新路五段310號,04-7552430,sfaa
x:彰化縣:大成國小附設幼兒園日間,大成國小附設幼兒園(日間),服務-教育單位,彰化縣,彰化市,彰化縣彰化市自強路303號,04-7353457,sfaa
x:彰化縣:洛津國小附設幼兒園日間,洛津國小附設幼兒園(日間),服務-教育單位,彰化縣,鹿港鎮,彰化縣鹿港鎮公園三路51號,04-7772041,sfaa
x:彰化縣:湖東國小附設幼兒園日間,湖東國小附設幼兒園 (日間),服務-教育單位,彰化縣,溪湖鎮,彰化縣溪湖鎮大溪路二段423號,04-8852062#15,sfaa
x:彰化縣:靜修國小附設幼兒園日間,靜修國小附設幼兒園(日間),服務-教育單位,彰化縣,員林市,彰化縣員林市靜修路74號,04-8320341,sfaa
x:新北市:信義國小附設幼兒園日間,信義國小附設幼兒園(日間),服務-教育單位,新北市,板橋區,新北市板橋區四川路二段245巷60號,02-89667817,sfaa
x:新竹市:新竹市特教資源中心,新竹市特教資源中心,服務-教育單位,新竹市,北區,新竹市北區水田街33號,03-5427974,sfaa
x:金門縣:卓環國小附設幼兒園時段,卓環國小附設幼兒園(時段),服務-教育單位,金門縣,烈嶼鄉,金門縣烈嶼鄉西路23號,08-2362124,sfaa
x:金門縣:金城幼兒園日間時段,金城幼兒園(日間、時段),服務-教育單位,金門縣,金城鎮,金門縣金城鎮民生路38號,08-2325648,sfaa
x:金門縣:金沙國小時段,金沙國小(時段),服務-教育單位,金門縣,金沙鎮,金門縣金沙鎮汶沙里後埔頭117號,08-2352569,sfaa
x:金門縣:金湖國小附設幼兒園日間,金湖國小附設幼兒園(日間),服務-教育單位,金門縣,金湖鎮,金門縣金湖鎮新市里林森路12號,08-2335977,sfaa
x:金門縣:金鼎國小附設幼兒園,金鼎國小附設幼兒園,服務-教育單位,金門縣,金寧鄉,金門縣金寧鄉下堡123號,082325700,sfaa
x:嘉義市:僑平國小時段,僑平國小(時段),療育-教育單位,嘉義市,西區,嘉義市西區德安路10號,05-2333746,sfaa
x:嘉義市:嘉義大學附小日間,嘉義大學附小(日間),療育-教育單位,嘉義市,東區,嘉義市東區林森東路46號,05-2788002,sfaa
x:嘉義市:嘉義特殊教育學校日間,嘉義特殊教育學校(日間),療育-教育單位,嘉義市,西區,嘉義市西區世賢路二段123號,05-2858549,sfaa
x:嘉義市:崇文國小時段,崇文國小(時段),療育-教育單位,嘉義市,東區,嘉義市東區垂楊路241號,05-2222310,sfaa
x:嘉義市:幸福幼兒園時段,幸福幼兒園(時段),療育-教育單位,嘉義市,西區,嘉義市西區民生南路363號,05-2858150,sfaa
x:嘉義市:復國幼兒園時段,復國幼兒園(時段),療育-教育單位,嘉義市,東區,嘉義市東區公明路37-1號,05-2710549、05-2710552,sfaa
x:嘉義市:林森國小日間,林森國小(日間),療育-教育單位,嘉義市,東區,嘉義市東區林森東路346號,05-2762063,sfaa
x:嘉義市:民族國小時段,民族國小(時段),療育-教育單位,嘉義市,東區,嘉義市東區民族路235號,05-2222113,sfaa
x:嘉義縣:大林國小時段,大林國小(時段),療育-教育單位,嘉義縣,大林鎮,嘉義縣大林鎮西林里中正路423號,05-2652061,sfaa
x:嘉義縣:太保國小時段,太保國小(時段),療育-教育單位,嘉義縣,太保市,嘉義縣太保市太保里31號,05-3711015,sfaa
x:嘉義縣:新港國小時段,新港國小(時段),療育-教育單位,嘉義縣,新港鄉,嘉義縣新港鄉登雲路105號,05-3742039,sfaa
x:嘉義縣:朴子國小時段,朴子國小(時段),療育-教育單位,嘉義縣,朴子市,嘉義縣朴子市山通路11號,05-3792032,sfaa
x:嘉義縣:水上國小時段,水上國小(時段),療育-教育單位,嘉義縣,水上鄉,嘉義縣水上鄉正義路182號,05-2682073,sfaa
x:嘉義縣:祥和國小時段,祥和國小(時段),療育-教育單位,嘉義縣,朴子市,嘉義縣朴子市祥和二路西段9號,05-3621428,sfaa
x:嘉義縣:竹崎國小時段,竹崎國小(時段),療育-教育單位,嘉義縣,竹崎鄉,嘉義縣竹崎鄉竹崎村文化路28號,05-2611018,sfaa
x:嘉義縣:興中國小時段,興中國小(時段),療育-教育單位,嘉義縣,民雄鄉,嘉義縣民雄鄉興中村30號,05-2214725,sfaa
x:嘉義縣:阿里山國民中小學時段,阿里山國民中小學(時段),療育-教育單位,嘉義縣,阿里山鄉,嘉義縣阿里山鄉樂野村31號,05-2561180,sfaa
x:基隆市:七堵國小日間,七堵國小(日間),療育-教育單位,基隆市,七堵區,基隆市七堵區明德一路184號,02-24567116,sfaa
x:基隆市:中正國小時段,中正國小(時段),療育-教育單位,基隆市,中正區,基隆市中正區中船路36巷4號,02-24223064,sfaa
x:基隆市:安樂國小日間,安樂國小(日間),療育-教育單位,基隆市,安樂區,基隆市安樂區安一路177巷23號,02-24271703,sfaa
x:宜蘭縣:中山國小時段,中山國小(時段),療育-教育單位,宜蘭縣,宜蘭市,宜蘭縣宜蘭市崇聖街4號,03-9322064,sfaa
x:宜蘭縣:冬山國小附設幼兒園日間時段,冬山國小附設幼兒園(日間、時段),療育-教育單位,宜蘭縣,冬山鄉,宜蘭縣冬山鄉安中路35號,03-9593504,sfaa
x:宜蘭縣:力行國小附設幼兒園日間時段,力行國小附設幼兒園(日間、時段),療育-教育單位,宜蘭縣,宜蘭市,宜蘭縣宜蘭市力行路2號,03-9322309,sfaa
x:宜蘭縣:北成國小附設幼兒園日間時段,北成國小附設幼兒園(日間、時段),療育-教育單位,宜蘭縣,羅東鎮,宜蘭縣羅東鎮北成路一段125號,03-9512626,sfaa
x:宜蘭縣:礁溪國小附設幼兒園日間,礁溪國小附設幼兒園(日間),療育-教育單位,宜蘭縣,礁溪鄉,宜蘭縣礁溪鄉大忠村礁溪路四段135號,03-9882047,sfaa
x:宜蘭縣:頭城國小附設幼兒園日間時段,頭城國小附設幼兒園(日間、時段),療育-教育單位,宜蘭縣,頭城鎮,宜蘭縣頭城鎮開蘭路282號,03-9771011,sfaa
x:屏東縣:仁愛國小日間時段,仁愛國小(日間、時段),療育-教育單位,屏東縣,屏東市,屏東縣屏東市興樂里仁愛路98 號,08-7361114,sfaa
x:屏東縣:僑勇國小日間,僑勇國小(日間),療育-教育單位,屏東縣,恆春鎮,屏東縣恆春鎮西門路146號,08-8892141,sfaa
x:屏東縣:僑德國小日間時段,僑德國小(日間、時段),療育-教育單位,屏東縣,枋寮鄉,屏東縣枋寮鄉僑德路186號,08-8782096,sfaa
x:屏東縣:內埔國小日間,內埔國小(日間),療育-教育單位,屏東縣,內埔鄉,屏東縣內埔鄉內埔村廣濟路2號,08-7792055,sfaa
x:屏東縣:唐榮國小日間,唐榮國小(日間),療育-教育單位,屏東縣,屏東市,屏東縣屏東市中山路41號,08-7322306,sfaa
x:屏東縣:崇文國小時段,崇文國小(時段),療育-教育單位,屏東縣,內埔鄉,屏東縣內埔鄉龍泉村原勝路六號,08-7701004,sfaa
x:屏東縣:恆春國小時段,恆春國小(時段),療育-教育單位,屏東縣,恆春鎮,屏東縣恆春鎮北門路39巷26號,08-8892035,sfaa
x:屏東縣:東光國小時段,東光國小(時段),療育-教育單位,屏東縣,東港鎮,屏東縣東港鎮長春二路15號,08-8324927,sfaa
x:屏東縣:東港國小日間時段,東港國小(日間、時段),療育-教育單位,屏東縣,東港鎮,屏東縣東港鎮中正路一段10號,08-8322019,sfaa
x:屏東縣:潮州國小時段,潮州國小(時段),療育-教育單位,屏東縣,潮州鎮,屏東縣潮州鎮育英路31號,08-7882770,sfaa
x:屏東縣:烏龍國小日間,烏龍國小(日間),療育-教育單位,屏東縣,新園鄉,屏東縣新園鄉南興路217號,08-8325896,sfaa
x:屏東縣:白沙國小時段,白沙國小(時段),療育-教育單位,屏東縣,琉球鄉,屏東縣琉球鄉三民路124號,08-8612510,sfaa
x:屏東縣:萬丹國小時段,萬丹國小(時段),療育-教育單位,屏東縣,萬丹鄉,屏東縣萬丹鄉寶厝村萬新路1497 號,08-7772014,sfaa
x:屏東縣:里港國小時段,里港國小(時段),療育-教育單位,屏東縣,里港鄉,屏東縣里港鄉過江路41號,08-7752161,sfaa
x:屏東縣:高樹國小時段,高樹國小(時段),療育-教育單位,屏東縣,高樹鄉,屏東縣高樹鄉高樹村華光路32號,08-7960802,sfaa
x:屏東縣:麟洛國小時段,麟洛國小(時段),療育-教育單位,屏東縣,麟洛鄉,屏東縣麟洛鄉中華路86號,08-7221670,sfaa
x:新北市:三峽國小附設幼兒園日間,三峽國小附設幼兒園(日間),療育-教育單位,新北市,三峽區,新北市三峽區中山路16號,02-26711018轉854、855,sfaa
x:新北市:三芝國小附設幼兒園時段,三芝國小附設幼兒園(時段),療育-教育單位,新北市,三芝區,新北市三芝區育英街22號,02-26362005轉160,sfaa
x:新北市:中信國小附設幼兒園時段,中信國小附設幼兒園(時段),療育-教育單位,新北市,新莊區,新北市新莊區中信街168號,02-85211131轉602,sfaa
x:新北市:中和國中附設幼兒園時段,中和國中附設幼兒園(時段),療育-教育單位,新北市,中和區,新北市中和區興南路2段3巷17號,02-29422270轉291~294,sfaa
x:新北市:中和國小附設幼兒園日間,中和國小附設幼兒園(日間),療育-教育單位,新北市,中和區,新北市中和區中和路100號,02-22492550轉280~289,sfaa
x:新北市:中山國小附設幼兒園時段,中山國小附設幼兒園(時段),療育-教育單位,新北市,板橋區,新北市板橋區大觀路2段59巷31號,02-22755313轉238,sfaa
x:新北市:二重國小附設幼兒園時段,二重國小附設幼兒園(時段),療育-教育單位,新北市,三重區,新北市三重區大有街10號,02-29846446轉190,sfaa
x:新北市:介壽國小附設幼兒園日間時段,介壽國小附設幼兒園(日間、時段),療育-教育單位,新北市,三峽區,新北市三峽區大同路1號,02-26712392轉60,sfaa
x:新北市:光興國小附設幼兒園日間,光興國小附設幼兒園(日間),療育-教育單位,新北市,三重區,新北市三重區正義南路62號,02-29755352 分機23,sfaa
x:新北市:北新國小附設幼兒園日間時段,北新國小附設幼兒園(日間、時段),療育-教育單位,新北市,新店區,新北市新店區寶橋路8號,02-29189300轉135,sfaa
x:新北市:厚德國小附設幼兒園日間時段,厚德國小附設幼兒園(日間、時段),療育-教育單位,新北市,三重區,新北市三重區忠孝路一段70號,02-29868825轉54,sfaa
x:新北市:國光國小附設幼兒園日間時段,國光國小附設幼兒園(日間、時段),療育-教育單位,新北市,板橋區,新北市板橋區中正路325巷30號,02-29677719轉518,sfaa
x:新北市:國泰國小附設幼兒園日間,國泰國小附設幼兒園(日間),療育-教育單位,新北市,新莊區,新北市新莊區中正路386號,02-29043693,sfaa
x:新北市:土城國小附設幼兒園日間時段,土城國小附設幼兒園(日間、時段),療育-教育單位,新北市,土城區,新北市土城區興城路 17 號,02-22700177轉881,sfaa
x:新北市:埔墘國小附設幼兒園日間時段,埔墘國小附設幼兒園(日間、時段),療育-教育單位,新北市,板橋區,新北市板橋區永豐街428號,02-29616690轉282,sfaa
x:新北市:大埔國小附設幼兒園時段,大埔國小附設幼兒園(時段),療育-教育單位,新北市,三峽區,新北市三峽區大埔路130號,02-26712523轉140,sfaa
x:新北市:安和國小附設幼兒園時段,安和國小附設幼兒園(時段),療育-教育單位,新北市,土城區,新北市土城區延和路23號,02-22603451,sfaa
x:新北市:安坑國小附設幼兒園日間,安坑國小附設幼兒園(日間),療育-教育單位,新北市,新店區,新北市新店區安忠路36號,02-22119759轉19,sfaa
x:新北市:實踐國小附設幼兒園日間時段,實踐國小附設幼兒園(日間、時段),療育-教育單位,新北市,板橋區,新北市板橋區實踐路 93 巷51 號,02-29585953轉309~ 310,sfaa
x:新北市:崇德國小附設幼兒園時段,崇德國小附設幼兒園(時段),療育-教育單位,新北市,汐止區,新北市汐止區茄苳路158號,02-86489616,sfaa
x:新北市:廣福國小附設幼兒園時段,廣福國小附設幼兒園(時段),療育-教育單位,新北市,土城區,新北市土城區學府路1段127號,02-22626782轉600,sfaa
x:新北市:建國國小附設幼兒園時段,建國國小附設幼兒園(時段),療育-教育單位,新北市,鶯歌區,新北市鶯歌區育英街2號,02-26709228轉161,sfaa
x:新北市:彭福國小附設幼兒園日間時段,彭福國小附設幼兒園(日間、時段),療育-教育單位,新北市,樹林區,新北市樹林區忠孝街30號,02-86866589轉112,sfaa
x:新北市:忠義國小附設幼兒園日間,忠義國小附設幼兒園(日間),療育-教育單位,新北市,蘆洲區,新北市蘆洲區光榮路99號,02-22899591轉129,sfaa
x:新北市:思賢國小附設幼兒園日間,思賢國小附設幼兒園(日間),療育-教育單位,新北市,新莊區,新北市新莊區自立街229號,02- 29980443,sfaa
x:新北市:成州國小附設幼兒園日間時段,成州國小附設幼兒園(日間、時段),療育-教育單位,新北市,五股區,新北市五股區成泰路3段493號,02-22933613轉72,sfaa
x:新北市:文德國小附設幼兒園日間時段,文德國小附設幼兒園(日間、時段),療育-教育單位,新北市,板橋區,新北市板橋區英士路179號,02-22577193轉36,sfaa
x:新北市:新莊國小附設幼兒園時段,新莊國小附設幼兒園(時段),療育-教育單位,新北市,新莊區,新北市新莊區中正路86號,02-29931201轉804、805,sfaa
x:新北市:林口國小附設幼兒園時段,林口國小附設幼兒園(時段),療育-教育單位,新北市,林口區,新北市林口區林口路76號,02-26011010轉875,sfaa
x:新北市:樟樹國小附設幼兒園日間時段,樟樹國小附設幼兒園(日間、時段),療育-教育單位,新北市,汐止區,新北市汐止區樟樹一路141巷 2號,02-26421407,sfaa
x:新北市:武林國小附設幼兒園時段,武林國小附設幼兒園(時段),療育-教育單位,新北市,樹林區,新北市樹林區保安街2段151號,02-26812475轉808,sfaa
x:新北市:永和國小附設幼兒園時段,永和國小附設幼兒園(時段),療育-教育單位,新北市,永和區,新北市永和區秀朗路1段120號,02-29213160轉600,sfaa
x:新北市:永平國小附設幼兒園時段,永平國小附設幼兒園(時段),療育-教育單位,新北市,永和區,新北市永和區保生路25號,02-29259879轉801~804,sfaa
x:新北市:淡水國中附設幼兒園時段,淡水國中附設幼兒園(時段),療育-教育單位,新北市,淡水區,新北市淡水區真理街10號,02-26269902,sfaa
x:新北市:瑞芳國小附設幼兒園日間時段,瑞芳國小附設幼兒園(日間、時段),療育-教育單位,新北市,瑞芳區,新北市瑞芳區中山路 2 號,02-24972058轉152,sfaa
x:新北市:秀山國小附設幼兒園日間時段,秀山國小附設幼兒園(日間、時段),療育-教育單位,新北市,中和區,新北市中和區立人街 2 號,02-29434353轉870,sfaa
x:新北市:網溪國小附設幼兒園日間,網溪國小附設幼兒園(日間),療育-教育單位,新北市,永和區,新北市永和區竹林路79號,02-89264470轉850,sfaa
x:新北市:裕民國小附設幼兒園日間時段,裕民國小附設幼兒園(日間、時段),療育-教育單位,新北市,新莊區,新北市新莊區裕民街123號,02-29062407轉38,sfaa
x:新北市:豐年國小附設幼兒園日間,豐年國小附設幼兒園(日間),療育-教育單位,新北市,新莊區,新北市新莊區瓊泰路116號,02-22017102轉35,sfaa
x:新北市:鄧公國小附設幼兒園日間時段,鄧公國小附設幼兒園(日間、時段),療育-教育單位,新北市,淡水區,新北市淡水區學府路99號,02-26297121轉160,sfaa
x:新北市:重陽國小附設幼兒園日間,重陽國小附設幼兒園(日間),療育-教育單位,新北市,三重區,新北市三重區中正北路113號,02-29826272轉320,sfaa
x:新北市:鳳鳴國小附設幼兒園時段,鳳鳴國小附設幼兒園(時段),療育-教育單位,新北市,鶯歌區,新北市鶯歌區永和街120號,02-26797554分機501,sfaa
x:新北市:鷺江國小附設幼兒園日間,鷺江國小附設幼兒園(日間),療育-教育單位,新北市,蘆洲區,新北市蘆洲區民族路7號,02-22819980轉602,sfaa
x:新北市:麗林國小附設幼兒園時段,麗林國小附設幼兒園(時段),療育-教育單位,新北市,林口區,新北市林口區公園路46號,02-26008457,sfaa
x:桃園市:中埔國小時段,中埔國小(時段),療育-教育單位,桃園市,桃園區,桃園市桃園區永安路1054號,03-3013028,sfaa
x:桃園市:中山國小時段,中山國小(時段),療育-教育單位,桃園市,桃園區,桃園市桃園區國際路一段1070號,03-2203012,sfaa
x:桃園市:仁和國小時段,仁和國小(時段),療育-教育單位,桃園市,大溪區,桃園市大溪區仁和二街50號,03-3076626,sfaa
x:桃園市:內壢國小日間時段,內壢國小(日間、時段),療育-教育單位,桃園市,中壢區,桃園市中壢區福德路20號320號,03-4635888,sfaa
x:桃園市:北勢國小時段,北勢國小(時段),療育-教育單位,桃園市,平鎮,桃園市平鎮區金陵路二段330號,03-4586472,sfaa
x:桃園市:南崁國小時段,南崁國小(時段),療育-教育單位,桃園市,蘆竹區,桃園市蘆竹區長壽里吉林路160號,03-3115578,sfaa
x:桃園市:南美國小日間,南美國小(日間),療育-教育單位,桃園市,龜山區,桃園市龜山區南上路99號,03-3126250,sfaa
x:桃園市:埔心國小時段,埔心國小(時段),療育-教育單位,桃園市,大園區,桃園市大園區埔心里25鄰中正東路1段189巷35號,03-3812304,sfaa
x:桃園市:大同國小日間,大同國小(日間),療育-教育單位,桃園市,楊梅區,桃園市楊梅區新農街85號,03-4782249,sfaa
x:桃園市:大坑國小時段,大坑國小(時段),療育-教育單位,桃園市,龜山區,桃園市龜山區大坑路一段850號,03-3252430,sfaa
x:桃園市:大安國小時段,大安國小(時段),療育-教育單位,桃園市,八德區,桃園市八德區和平路638號,03-3661419,sfaa
x:桃園市:大崗國小日間,大崗國小(日間),療育-教育單位,桃園市,龜山區,桃園市龜山區大崗里大湖一路175號,03-3282457,sfaa
x:桃園市:大成國小日間,大成國小(日間),療育-教育單位,桃園市,八德區,桃園市八德區廣福路31號,03-3661155,sfaa
x:桃園市:大溪國小時段,大溪國小(時段),療育-教育單位,桃園市,大溪區,桃園市大溪區登龍路19號,03- 2728421,sfaa
x:桃園市:大華國小時段,大華國小(時段),療育-教育單位,桃園市,蘆竹區,桃園市蘆竹區大華街98號,03-3232664,sfaa
x:桃園市:宋屋國小日間時段,宋屋國小(日間、時段),療育-教育單位,桃園市,平鎮,桃園市平鎮區延平路2段389號,03-4933654,sfaa
x:桃園市:富岡國小日間,富岡國小(日間),療育-教育單位,桃園市,楊梅區,桃園市楊梅區中正路147號,03-4721193,sfaa
x:桃園市:山腳國小日間,山腳國小(日間),療育-教育單位,桃園市,蘆竹區,桃園市蘆竹區南山路三段440號,03-3241884,sfaa
x:桃園市:平興國小時段,平興國小(時段),療育-教育單位,桃園市,平鎮,桃園市平鎮區廣泰路168號,03-4029323,sfaa
x:桃園市:忠福國小時段,忠福國小(時段),療育-教育單位,桃園市,中壢區,桃園市中壢區西園路57號,03-4340192,sfaa
x:桃園市:忠貞國小時段,忠貞國小(時段),療育-教育單位,桃園市,平鎮,桃園市平鎮區龍南路315號,03-4501450,sfaa
x:桃園市:新坡國小日間,新坡國小(日間),療育-教育單位,桃園市,觀音區,桃園市觀音區中山路二段717號,03-4981534,sfaa
x:桃園市:新屋國小時段,新屋國小(時段),療育-教育單位,桃園市,新屋區,桃園市新屋區中正路196號,03- 4772016,sfaa
x:桃園市:新明國小日間時段,新明國小(日間、時段),療育-教育單位,桃園市,中壢區,桃園市中壢區中央西路二段 97號,03-4933262,sfaa
x:桃園市:會稽國小日間,會稽國小(日間),療育-教育單位,桃園市,桃園區,桃園市桃園區春日路1080號,03-3252982,sfaa
x:桃園市:東門國小日間時段,東門國小(日間、時段),療育-教育單位,桃園市,桃園區,桃園市桃園區東國街14號,03-3322057,sfaa
x:桃園市:果林國小時段,果林國小(時段),療育-教育單位,桃園市,大園區,桃園市大園區果林村十二鄰崁下41號,03-3835096,sfaa
x:桃園市:桃園國小日間時段,桃園國小(日間、時段),療育-教育單位,桃園市,桃園區,桃園市桃園區民權路67號,03-3322268,sfaa
x:桃園市:楊心國小時段,楊心國小(時段),療育-教育單位,桃園市,楊梅區,桃園市楊梅區金華街100號,03-4758680,sfaa
x:桃園市:楊明國小日間,楊明國小(日間),療育-教育單位,桃園市,楊梅區,桃園市楊梅區中山北路一段 390巷50號,03-4754929,sfaa
x:桃園市:武漢國小時段,武漢國小(時段),療育-教育單位,桃園市,龍潭區,桃園市龍潭區武漢里12鄰武漢路100號,03-4792873,sfaa
x:桃園市:瑞豐國小時段,瑞豐國小(時段),療育-教育單位,桃園市,八德區,桃園市八德區介壽路2段933巷40號,03-3682787,sfaa
x:桃園市:田心國小日間,田心國小(日間),療育-教育單位,桃園市,大溪區,桃園市大溪區文化路120號,03-3872008,sfaa
x:桃園市:義興國小日間,義興國小(日間),療育-教育單位,桃園市,平鎮,桃園市平鎮區義興街 55 號,03-4913700,sfaa
x:桃園市:自立國小日間,自立國小(日間),療育-教育單位,桃園市,中壢區,桃園市中壢區永福路1200號,03-4559130,sfaa
x:桃園市:錦興國小日間,錦興國小(日間),療育-教育單位,桃園市,蘆竹區,桃園市蘆竹區南竹路一段100號,03-2723067,sfaa
x:桃園市:龍山國小日間,龍山國小(日間),療育-教育單位,桃園市,桃園區,桃園市桃園區龍泉二街36號,03-3691253,sfaa
x:桃園市:龍岡國小日間,龍岡國小(日間),療育-教育單位,桃園市,中壢區,桃園市中壢區龍岡路二段23號,03-4588582,sfaa
x:桃園市:龍星國小日間時段,龍星國小(日間、時段),療育-教育單位,桃園市,龍潭區,桃園市龍潭區中正路269號,03-4797299,sfaa
x:澎湖縣:中興國小附設幼兒園時段,中興國小附設幼兒園(時段),療育-教育單位,澎湖縣,馬公市,澎湖縣馬公市光復路186號,06-9272779,sfaa
x:澎湖縣:馬公國小附設幼兒園時段,馬公國小附設幼兒園(時段),療育-教育單位,澎湖縣,馬公市,澎湖縣馬公市明遠路2號,06-9264070,sfaa
x:臺中市:三和國小附設幼兒園時段,三和國小附設幼兒園(時段),療育-教育單位,臺中市,大雅區,臺中市大雅區三和里春亭二街1號,04-25664494,sfaa
x:臺中市:上石國小附設幼兒園時段,上石國小附設幼兒園(時段),療育-教育單位,臺中市,西屯區,臺中市西屯區西屯路二段上石南六巷25號,04- 27087412,sfaa
x:臺中市:中正國小附設幼兒園時段,中正國小附設幼兒園(時段),療育-教育單位,臺中市,梧棲區,臺中市梧棲區中央路2段15號,04-26584825,sfaa
x:臺中市:九德國小附設幼兒園日間,九德國小附設幼兒園(日間),療育-教育單位,臺中市,烏日區,臺中市烏日區長春街300號,04-23372725,sfaa
x:臺中市:仁愛國小附設幼兒園日間時段,仁愛國小附設幼兒園(日間、時段),療育-教育單位,臺中市,北屯區,臺中市北屯區四平路71號,04-22923861,sfaa
x:臺中市:信義國小附設幼兒園時段,信義國小附設幼兒園(時段),療育-教育單位,臺中市,南區,臺中市南區五權南路325號,04-22622005,sfaa
x:臺中市:僑仁國小附設幼兒園時段,僑仁國小附設幼兒園(時段),療育-教育單位,臺中市,烏日區,臺中市烏日區中山路一段341 號,04-23381241,sfaa
x:臺中市:僑忠國小附設幼兒園日間時段,僑忠國小附設幼兒園(日間、時段),療育-教育單位,臺中市,潭子區,臺中市潭子區中山路2段31號,04-25324740,sfaa
x:臺中市:僑忠國小附設幼兒園時段,僑忠國小附設幼兒園(時段),療育-教育單位,臺中市,潭子區,臺中市潭子區中山路二段31號,04-25324740,sfaa
x:臺中市:光復國小附設幼兒園時段,光復國小附設幼兒園(時段),療育-教育單位,臺中市,中區,臺中市中區三民路二段148號,04-22294174,sfaa
x:臺中市:光隆國小附設幼兒園時段,光隆國小附設幼兒園(時段),療育-教育單位,臺中市,太平區,臺中市太平區光興路487巷5號,04-22713626,sfaa
x:臺中市:公明國小附設幼兒園日間時段,公明國小附設幼兒園(日間、時段),療育-教育單位,臺中市,沙鹿區,臺中市沙鹿區公明里忠貞路213號,04-26150963轉112,sfaa
x:臺中市:北勢國小附設幼兒園時段,北勢國小附設幼兒園(時段),療育-教育單位,臺中市,沙鹿區,臺中市沙鹿區南陽路376號,04-26315032,sfaa
x:臺中市:南屯國小附設幼兒園時段,南屯國小附設幼兒園(時段),療育-教育單位,臺中市,南屯區,臺中市南屯區黎明路一段968 號,04-23894238,sfaa
x:臺中市:喀哩國小附設幼兒園時段,喀哩國小附設幼兒園(時段),療育-教育單位,臺中市,烏日區,臺中市烏日區溪南路二段370號,04-23351016,sfaa
x:臺中市:國光國小附設幼兒園時段,國光國小附設幼兒園(時段),療育-教育單位,臺中市,南區,臺中市南區國光路261號,04-22872475,sfaa
x:臺中市:國安國小附設幼兒園時段,國安國小附設幼兒園(時段),療育-教育單位,臺中市,西屯區,臺中市西屯區國祥街1號,04-24621681,sfaa
x:臺中市:土牛國小附設幼兒園時段,土牛國小附設幼兒園(時段),療育-教育單位,臺中市,石岡區,臺中市石岡區土牛里豐勢路 308號,04-25816043,sfaa
x:臺中市:圳堵國小附設幼兒園時段,圳堵國小附設幼兒園(時段),療育-教育單位,臺中市,神岡區,臺中市神岡區三民路639號,04-25630710,sfaa
x:臺中市:坪林國小附設幼兒園日間時段,坪林國小附設幼兒園(日間、時段),療育-教育單位,臺中市,太平區,臺中市太平區坪林里坪林路 45 號,04-23927677,sfaa
x:臺中市:大同國小附設幼兒園時段,大同國小附設幼兒園(時段),療育-教育單位,臺中市,西區,臺中市西區自由路1段138號,04-22222311,sfaa
x:臺中市:大安國小附設幼兒園時段,大安國小附設幼兒園(時段),療育-教育單位,臺中市,大安區,臺中市大安區中山南路296號,04-26713166,sfaa
x:臺中市:大智國小附設幼兒園時段,大智國小附設幼兒園(時段),療育-教育單位,臺中市,東區,臺中市東區大智路359號,04-22804546,sfaa
x:臺中市:大秀國小附設幼兒園時段,大秀國小附設幼兒園(時段),療育-教育單位,臺中市,清水區,臺中市清水區五權路336號,04-26263754,sfaa
x:臺中市:大里國小附設幼兒園時段,大里國小附設幼兒園(時段),療育-教育單位,臺中市,大里區,臺中市大里區新興路50號,04-24071674,sfaa
x:臺中市:大鵬國小附設幼兒園時段,大鵬國小附設幼兒園(時段),療育-教育單位,臺中市,西屯區,臺中市西屯區中平路268號,04-22914655,sfaa
x:臺中市:太平國小附設幼兒園日間,太平國小附設幼兒園(日間),療育-教育單位,臺中市,北區,臺中市北區太平路74號,04-22211101分機780,sfaa
x:臺中市:太平國小附設幼兒園時段,太平國小附設幼兒園(時段),療育-教育單位,臺中市,北區,臺中市北區太平路74號,04-22294174,sfaa
x:臺中市:宜欣國小附設幼兒園時段,宜欣國小附設幼兒園(時段),療育-教育單位,臺中市,太平區,臺中市太平區新平路二段100號,04-22701567,sfaa
x:臺中市:岸裡國小附設幼兒園時段,岸裡國小附設幼兒園(時段),療育-教育單位,臺中市,神岡區,臺中市神岡區中山路52號,04-25222215,sfaa
x:臺中市:崇光國小附設幼兒園時段,崇光國小附設幼兒園(時段),療育-教育單位,臺中市,大里區,臺中市大里區大明路181號,04-24818836分機5065,sfaa
x:臺中市:忠信國小附設幼兒園時段,忠信國小附設幼兒園(時段),療育-教育單位,臺中市,西區,臺中市西區林森路155號,04-23722866,sfaa
x:臺中市:忠孝國小附設幼兒園日間,忠孝國小附設幼兒園(日間),療育-教育單位,臺中市,西區,臺中市西區三民路一段171號,04-22242161,sfaa
x:臺中市:忠明國小附設幼兒園時段,忠明國小附設幼兒園(時段),療育-教育單位,臺中市,西區,臺中市西區臺灣大道二段556號,04-23172860,sfaa
x:臺中市:成功國小附設幼兒園時段,成功國小附設幼兒園(時段),療育-教育單位,臺中市,東區,臺中市東區旱溪西路1段300號,04-2212 4224分機805,sfaa
x:臺中市:文山國小附設幼兒園時段,文山國小附設幼兒園(時段),療育-教育單位,臺中市,南屯區,臺中市南屯區文山里忠勇路 97號,04-23896934,sfaa
x:臺中市:文心國小附設幼兒園時段,文心國小附設幼兒園(時段),療育-教育單位,臺中市,北屯區,臺中市北屯區文心路四段575 號,04-22445906,sfaa
x:臺中市:文昌國小附設幼兒園時段,文昌國小附設幼兒園(時段),療育-教育單位,臺中市,大甲區,臺中市大甲區育德路113號,04-26872076,sfaa
x:臺中市:文雅國小附設幼兒園時段,文雅國小附設幼兒園(時段),療育-教育單位,臺中市,大雅區,臺中市大雅區中山北路235號,04-25678823 分機712,sfaa
x:臺中市:新興國小附設幼兒園時段,新興國小附設幼兒園(時段),療育-教育單位,臺中市,潭子區,臺中市潭子區潭興路一段25 號,04-25364571,sfaa
x:臺中市:東光國小附設幼兒園時段,東光國小附設幼兒園(時段),療育-教育單位,臺中市,北屯區,臺中市北屯區東光路926號,04-24364911,sfaa
x:臺中市:東勢國小附設幼兒園日間,東勢國小附設幼兒園(日間),療育-教育單位,臺中市,東勢區,臺中市東勢區第五橫街1號,04-25873442,sfaa
x:臺中市:東新國小附設幼兒園時段,東新國小附設幼兒園(時段),療育-教育單位,臺中市,東勢區,臺中市東勢區東蘭路1之1號,東蘭路1之1號,sfaa
x:臺中市:樂業國小附設幼兒園日間時段,樂業國小附設幼兒園(日間、時段),療育-教育單位,臺中市,東區,臺中市東區樂業路60號,04-22121293,sfaa
x:臺中市:永寧國小附設幼兒園日間,永寧國小附設幼兒園(日間),療育-教育單位,臺中市,梧棲區,臺中市梧棲區中央路一段160號,04-26394234,sfaa
x:臺中市:沙鹿國小附設幼兒園時段,沙鹿國小附設幼兒園(時段),療育-教育單位,臺中市,沙鹿區,臺中市沙鹿區中正街 3 號,04-26625014,sfaa
x:臺中市:泰安國小附設幼兒園時段,泰安國小附設幼兒園(時段),療育-教育單位,臺中市,西屯區,臺中市西屯區環中路二段368號,04-27017045,sfaa
x:臺中市:清水國小附設幼兒園日間時段,清水國小附設幼兒園(日間、時段),療育-教育單位,臺中市,清水區,臺中市清水區光華路125號,04-26222004,sfaa
x:臺中市:石城國小附設幼兒園日間,石城國小附設幼兒園(日間),療育-教育單位,臺中市,東勢區,臺中市東勢區茂興里石城街182巷26號,04-25773038,sfaa
x:臺中市:福陽國小附設幼兒園時段,福陽國小附設幼兒園(時段),療育-教育單位,臺中市,豐原區,臺中市豐原區南陽路綠山巷83號,04-25291101,sfaa
x:臺中市:私立惠明盲校日間,私立惠明盲校(日間),療育-教育單位,臺中市,大雅區,臺中市大雅區雅潭路四段336號,04-25661024,sfaa
x:臺中市:立人國小附設幼兒園時段,立人國小附設幼兒園(時段),療育-教育單位,臺中市,北區,臺中市北區北平路1段60號,04-22956975,sfaa
x:臺中市:立新國小附設幼兒園時段,立新國小附設幼兒園(時段),療育-教育單位,臺中市,大里區,臺中市大里區立新街338號,04-22769178,sfaa
x:臺中市:臺中啟明學校日間時段,臺中啟明學校(日間、時段),療育-教育單位,臺中市,后里區,臺中市后里區三豐路三段936號,04-25562126,sfaa
x:臺中市:臺中啟聰學校日間時段,臺中啟聰學校(日間、時段),療育-教育單位,臺中市,西屯區,臺中市西屯區協和里安和路1號,04-23584040,sfaa
x:臺中市:臺中國小附設幼兒園時段,臺中國小附設幼兒園(時段),療育-教育單位,臺中市,東區,臺中市東區大公街100號,04-22815312分機10,sfaa
x:臺中市:臺中特殊教育學校日間,臺中特殊教育學校(日間),療育-教育單位,臺中市,南屯區,臺中市南屯區公益路二段296 號,04-22582289,sfaa
x:臺中市:華龍國小附設幼兒園日間,華龍國小附設幼兒園(日間),療育-教育單位,臺中市,大甲區,臺中市大甲區工二路1號,04-26811270,sfaa
x:臺中市:豐原國小附設幼兒園日間時段,豐原國小附設幼兒園(日間、時段),療育-教育單位,臺中市,豐原區,臺中市豐原區新生北路155號,04-25287359,sfaa
x:臺中市:車籠埔國小附設幼兒園時段,車籠埔國小附設幼兒園(時段),療育-教育單位,臺中市,太平區,臺中市太平區光明路10之2號,04-22763928,sfaa
x:臺中市:追分國小附設幼兒園時段,追分國小附設幼兒園(時段),療育-教育單位,臺中市,大肚區,臺中市大肚區福山里沙田一段364號,04-26936516,sfaa
x:臺中市:鎮平國小附設幼兒園時段,鎮平國小附設幼兒園(時段),療育-教育單位,臺中市,南屯區,臺中市南屯區黎明路1段425號,04-24792122,sfaa
x:臺中市:霧峰國小附設幼兒園日間時段,霧峰國小附設幼兒園(日間、時段),療育-教育單位,臺中市,霧峰區,臺中市霧峰區中正路736號,04-23393069,sfaa
x:臺中市:順天國小附設幼兒園時段,順天國小附設幼兒園(時段),療育-教育單位,臺中市,大甲區,臺中市大甲區經國路168號,04-26872040,sfaa
x:臺中市:鹿峰國小附設幼兒園時段,鹿峰國小附設幼兒園(時段),療育-教育單位,臺中市,沙鹿區,臺中市沙鹿區星河路209號,04-26224210,sfaa
x:臺中市:黎明國小附設幼兒園時段,黎明國小附設幼兒園(時段),療育-教育單位,臺中市,南屯區,臺中市南屯區黎明路2段555號,04-22517763,sfaa
x:臺中市:龍峰國小附設幼兒園日間,龍峰國小附設幼兒園(日間),療育-教育單位,臺中市,龍井區,臺中市龍井區中沙路新庄仔巷2號,04-26314707,sfaa
x:臺中市:龍泉國小附設幼兒園時段,龍泉國小附設幼兒園(時段),療育-教育單位,臺中市,龍井區,臺中市龍井區龍新路162號,04-26353340,sfaa
x:臺中市:龍津國小附設幼兒園時段,龍津國小附設幼兒園(時段),療育-教育單位,臺中市,龍井區,臺中市龍井區中央路1段165巷50號,04-26393394,sfaa
x:臺北市:修德國小附設幼兒園日間,修德國小附設幼兒園(日間),療育-教育單位,臺北市,南港區,臺北市南港區東新街118巷86號,02-27880500,sfaa
x:臺北市:光復國小附設幼兒園日間,光復國小附設幼兒園(日間),療育-教育單位,臺北市,信義區,臺北市信義區光復南路271號,02-27585076分機870,sfaa
x:臺北市:內湖國小附設幼兒園日間,內湖國小附設幼兒園(日間),療育-教育單位,臺北市,內湖區,臺北市內湖區內湖路二段41 號,02-27998085,sfaa
x:臺北市:北投國小附設幼兒園日間,北投國小附設幼兒園(日間),療育-教育單位,臺北市,北投區,臺北市北投區中央北路一 段 73 號,02-28912052,sfaa
x:臺北市:博嘉國小附設幼兒園日間,博嘉國小附設幼兒園(日間),療育-教育單位,臺北市,文山區,臺北市文山區木柵路四段159巷14-1號,02-22302585,sfaa
x:臺北市:吉林國小附設幼兒園日間,吉林國小附設幼兒園(日間),療育-教育單位,臺北市,中山區,臺北市中山區長春路116號,02-25221525,sfaa
x:臺北市:吳興國小附設幼兒園日間,吳興國小附設幼兒園(日間),療育-教育單位,臺北市,信義區,臺北市信義區松仁路226號,02-27200226,sfaa
x:臺北市:大安國小附設幼兒園日間,大安國小附設幼兒園(日間),療育-教育單位,臺北市,大安區,臺北市大安區臥龍街129號,02-27322332,sfaa
x:臺北市:大湖國小附設幼兒園日間,大湖國小附設幼兒園(日間),療育-教育單位,臺北市,內湖區,臺北市內湖區大湖山莊街170號,02-27915870,sfaa
x:臺北市:大龍國小附設幼兒園日間,大龍國小附設幼兒園(日間),療育-教育單位,臺北市,大同區,臺北市大同區哈密街47號,02-25942635 分機891,sfaa
x:臺北市:市立南海實驗幼兒園日間,市立南海實驗幼兒園(日間),療育-教育單位,臺北市,萬華區,臺北市萬華區西藏路424號,02-23022984,sfaa
x:臺北市:市立育航幼兒園日間,市立育航幼兒園(日間),療育-教育單位,臺北市,中山區,臺北市中山區長春路256號,02-25178372,sfaa
x:臺北市:文山特殊教育學校日間時段,文山特殊教育學校(日間、時段),療育-教育單位,臺北市,文山區,臺北市文山區秀明路一段169 號,02-86615183,sfaa
x:臺北市:文林國小附設幼兒園日間,文林國小附設幼兒園(日間),療育-教育單位,臺北市,北投區,臺北市北投區文林北路155號,02-28234212,sfaa
x:臺北市:文湖國小附設幼兒園日間,文湖國小附設幼兒園(日間),療育-教育單位,臺北市,內湖區,臺北市內湖區文湖街15號,02-26583515,sfaa
x:臺北市:新湖國小附設幼兒園日間,新湖國小附設幼兒園(日間),療育-教育單位,臺北市,內湖區,臺北市內湖區民權東路六段 138 號,02-27963721,sfaa
x:臺北市:景美國小附設幼兒園日間,景美國小附設幼兒園(日間),療育-教育單位,臺北市,文山區,臺北市文山區景文街108號,02-29322151,sfaa
x:臺北市:松山國小附設幼兒園日間,松山國小附設幼兒園(日間),療育-教育單位,臺北市,松山區,臺北市松山區八德路四段746 號,02-27614924,sfaa
x:臺北市:永春國小附設幼兒園日間,永春國小附設幼兒園(日間),療育-教育單位,臺北市,信義區,臺北市信義區松山路225巷 48號,02-27641314,sfaa
x:臺北市:潭美國小附設幼兒園日間,潭美國小附設幼兒園(日間),療育-教育單位,臺北市,內湖區,臺北市內湖區行善路179號,02-27917334,sfaa
x:臺北市:濱江國小附設幼兒園日間,濱江國小附設幼兒園(日間),療育-教育單位,臺北市,中山區,臺北市中山區樂群二路266巷99號,02-85021571,sfaa
x:臺北市:百齡國小附設幼兒園日間,百齡國小附設幼兒園(日間),療育-教育單位,臺北市,士林區,臺北市士林區福港街205號,02-28817683分機880~889,sfaa
x:臺北市:社子國小附設幼兒園日間,社子國小附設幼兒園(日間),療育-教育單位,臺北市,士林區,臺北市士林區延平北路六段308號,02-28151320,sfaa
x:臺北市:立農國小附設幼兒園日間,立農國小附設幼兒園(日間),療育-教育單位,臺北市,北投區,臺北市北投區立農街一段 250 號,02-28210702,sfaa
x:臺北市:臺北市立啟明學校日間時段,臺北市立啟明學校(日間、時段),療育-教育單位,臺北市,士林區,臺北市士林區忠誠路二段207巷1號,02-28740670,sfaa
x:臺北市:臺北市立啟聰學校日間時段,臺北市立啟聰學校(日間、時段),療育-教育單位,臺北市,大同區,臺北市大同區重慶北路三段320號,02-25924446,sfaa
x:臺北市:臺北市立大學實小附設幼兒園日間,臺北市立大學實小附設幼兒園(日間),療育-教育單位,臺北市,中正區,臺北市中正區公園路29號,02-23110395,sfaa
x:臺北市:臺北特殊教育學校日間,臺北特殊教育學校(日間),療育-教育單位,臺北市,士林區,臺北市士林區忠誠路二段207巷3號,02-28749117,sfaa
x:臺北市:舊莊國小附設幼兒園日間,舊莊國小附設幼兒園(日間),療育-教育單位,臺北市,南港區,臺北市南港區舊莊街一段100號,02-27836783,sfaa
x:臺北市:芝山國小附設幼兒園日間,芝山國小附設幼兒園(日間),療育-教育單位,臺北市,士林區,臺北市士林區德行東路285號,02-28316115,sfaa
x:臺北市:萬芳國小附設幼兒園日間,萬芳國小附設幼兒園(日間),療育-教育單位,臺北市,文山區,臺北市文山區萬和街1號,02-22301232,sfaa
x:臺北市:蓬萊國小附設幼兒園日間,蓬萊國小附設幼兒園(日間),療育-教育單位,臺北市,大同區,臺北市大同區寧夏路35號,02-25569835,sfaa
x:臺北市:螢橋國小附設幼兒園日間,螢橋國小附設幼兒園(日間),療育-教育單位,臺北市,中正區,臺北市中正區詔安街29號,02-23048543,sfaa
x:臺北市:西湖國小附設幼兒園日間,西湖國小附設幼兒園(日間),療育-教育單位,臺北市,內湖區,臺北市內湖區環山路一段25號,02-27971267,sfaa
x:臺北市:雙蓮國小附設幼兒園日間,雙蓮國小附設幼兒園(日間),療育-教育單位,臺北市,大同區,臺北市大同區錦西街51號,02-25570309,sfaa
x:臺北市:雨農國小附設幼兒園日間,雨農國小附設幼兒園(日間),療育-教育單位,臺北市,士林區,臺北市士林區忠義街1號,02-28329700,sfaa
x:臺北市:龍山國小附設幼兒園日間,龍山國小附設幼兒園(日間),療育-教育單位,臺北市,萬華區,臺北市萬華區和平西路3段235號,02-23082977,sfaa
x:臺南市:五王國小時段,五王國小(時段),療育-教育單位,臺南市,永康區,臺南市永康區中華二路150號,06-2336842,sfaa
x:臺南市:五甲國小,五甲國小,療育-教育單位,臺南市,關廟區,臺南市關廟區和平路246號,06-5952155,sfaa
x:臺南市:仁德國小時段,仁德國小(時段),療育-教育單位,臺南市,仁德區,臺南市仁德區仁義里中正路二段806號,06-2794570,sfaa
x:臺南市:佳里國小時段,佳里國小(時段),療育-教育單位,臺南市,佳里區,臺南市佳里區安西里公園路445號,06-7222031,sfaa
x:臺南市:公園國小時段,公園國小(時段),療育-教育單位,臺南市,北區,臺南市北區公園路180號,06-2223291,sfaa
x:臺南市:勝利國小時段,勝利國小(時段),療育-教育單位,臺南市,東區,臺南市東區勝利路10號,06-2372982,sfaa
x:臺南市:北門國小時段,北門國小(時段),療育-教育單位,臺南市,北門區,臺南市北門區北門里舊埕3號,06-7862035,sfaa
x:臺南市:協進國小附設幼兒園,協進國小附設幼兒園,療育-教育單位,臺南市,中西區,臺南市中西區金華路四段17號,06-2223241,sfaa
x:臺南市:博愛國小,博愛國小,療育-教育單位,臺南市,東區,臺南市東區前鋒路100號,06-2377905,sfaa
x:臺南市:培文國小,培文國小,療育-教育單位,臺南市,麻豆區,臺南市麻豆區和平路11號,06-5722169,sfaa
x:臺南市:大成國小時段,大成國小(時段),療育-教育單位,臺南市,善化區,臺南市善化區大成路385號,06-5831383,sfaa
x:臺南市:大新國小時段,大新國小(時段),療育-教育單位,臺南市,新化區,臺南市新化區協興里太平街176號,06-5982953,sfaa
x:臺南市:大港國小,大港國小,療育-教育單位,臺南市,北區,臺南市北區大港街146號,06-2591941,sfaa
x:臺南市:大社國小,大社國小,療育-教育單位,臺南市,新市,臺南市新市區大社里39號,06-5991593,sfaa
x:臺南市:安平國小時段,安平國小(時段),療育-教育單位,臺南市,安平區,臺南市安平區怡平路392號,06-2996735,sfaa
x:臺南市:安慶國小時段,安慶國小(時段),療育-教育單位,臺南市,安南區,臺南市安南區安中路一段703巷80號,06-2460334,sfaa
x:臺南市:安順國小時段,安順國小(時段),療育-教育單位,臺南市,安南區,臺南市安南區安和路三段193號,06-3559451,sfaa
x:臺南市:官田國小時段,官田國小(時段),療育-教育單位,臺南市,官田區,臺南市官田區官田里11號,06-6901195,sfaa
x:臺南市:崑山國小時段,崑山國小(時段),療育-教育單位,臺南市,永康區,臺南市永康區國光五街72號,06-2711640,sfaa
x:臺南市:市立學甲幼兒園,市立學甲幼兒園,療育-教育單位,臺南市,學甲區,臺南市學甲區下溪洲1-11號,06-7832273#211,sfaa
x:臺南市:市立麻豆幼兒園,市立麻豆幼兒園,療育-教育單位,臺南市,麻豆區,臺南市麻豆區溝子墘2-6號,06-5715893#23,sfaa
x:臺南市:復興國小時段,復興國小(時段),療育-教育單位,臺南市,東區,臺南市東區裕文路60號,06-3310457,sfaa
x:臺南市:德南國小時段,德南國小(時段),療育-教育單位,臺南市,仁德區,臺南市仁德區中正路二段209號,06-2794772,sfaa
x:臺南市:文元國小時段,文元國小(時段),療育-教育單位,臺南市,北區,臺南市北區文元里海安路三段815號,06-3584371,sfaa
x:臺南市:日新國小,日新國小,療育-教育單位,臺南市,南區,臺南市南區金華路一段473號,06-2912931,sfaa
x:臺南市:東光國小,東光國小,療育-教育單位,臺南市,東區,臺南市東區東光路1段39號,06-2376534,sfaa
x:臺南市:東山國小時段,東山國小(時段),療育-教育單位,臺南市,東山區,臺南市東山區青葉路二段49號,06-6802274,sfaa
x:臺南市:東興國小時段,東興國小(時段),療育-教育單位,臺南市,下營區,臺南市下營區新興里東興一街112號,06-6892478,sfaa
x:臺南市:東陽國小時段,東陽國小(時段),療育-教育單位,臺南市,學甲區,臺南市學甲區慈福里華宗路260號,06-7833322,sfaa
x:臺南市:正新國小,正新國小,療育-教育單位,臺南市,新化區,臺南市新化區正新路,06-5973113,sfaa
x:臺南市:歸仁國小時段,歸仁國小(時段),療育-教育單位,臺南市,歸仁區,臺南市歸仁區文化街一段100號,06-2304740,sfaa
x:臺南市:永信國小,永信國小,療育-教育單位,臺南市,永康區,臺南市永康區中山南路637號,06-2320783,sfaa
x:臺南市:永康國小時段,永康國小(時段),療育-教育單位,臺南市,永康區,臺南市永康區中山南路637號,06-2324462,sfaa
x:臺南市:永福國小時段,永福國小(時段),療育-教育單位,臺南市,中西區,臺南市中西區永福路二段86號,06-2223241,sfaa
x:臺南市:海佃國小時段,海佃國小(時段),療育-教育單位,臺南市,安南區,臺南市安南區郡安路五段56號,06-2505013,sfaa
x:臺南市:玉井國小時段,玉井國小(時段),療育-教育單位,臺南市,玉井區,臺南市玉井區中正路一號,06-5742047,sfaa
x:臺南市:白河國小時段,白河國小(時段),療育-教育單位,臺南市,白河區,臺南市白河區永安里三民路 448號,06-6852177,sfaa
x:臺南市:省躬國小,省躬國小,療育-教育單位,臺南市,南區,臺南市南區灣裡路70號,06-2622460,sfaa
x:臺南市:西港成功國小時段,西港成功國小(時段),療育-教育單位,臺南市,西港區,臺南市西港區竹林里11號,06-7952204,sfaa
x:臺南市:鹽水國小時段,鹽水國小(時段),療育-教育單位,臺南市,鹽水區,臺南市鹽水區朝琴路137號,06-6521046,sfaa
x:臺東縣:大武國小日間,大武國小(日間),療育-教育單位,臺東縣,大武鄉,臺東縣大武鄉大武村民族街2巷49號,089-791135,sfaa
x:臺東縣:大王國小時段,大王國小(時段),療育-教育單位,臺東縣,太麻里鄉,臺東縣太麻里鄉文化路60號,08-9781342,sfaa
x:臺東縣:寶桑國小日間,寶桑國小(日間),療育-教育單位,臺東縣,臺東市,臺東縣臺東市四維路二段23號,08-9322807,sfaa
x:臺東縣:復興國小時段,復興國小(時段),療育-教育單位,臺東縣,臺東市,臺東縣臺東市鐵花路87巷55號,08-9322672,sfaa
x:臺東縣:成功國小日間,成功國小(日間),療育-教育單位,臺東縣,成功鎮,臺東縣成功鎮太平路28號,08-9851021,sfaa
x:臺東縣:朗島國小時段,朗島國小(時段),療育-教育單位,臺東縣,蘭嶼鄉,臺東縣蘭嶼鄉朗島村17號,08-9732109,sfaa
x:臺東縣:東河國小時段,東河國小(時段),療育-教育單位,臺東縣,東河鄉,臺東縣東河鄉東河村35號,08-9896160,sfaa
x:臺東縣:海端國小時段,海端國小(時段),療育-教育單位,臺東縣,海端鄉,臺東縣海端鄉山界路36號,089-931184,sfaa
x:臺東縣:瑞豐國小時段,瑞豐國小(時段),療育-教育單位,臺東縣,鹿野鄉,臺東縣鹿野鄉瑞豐村中山路67 號,08-9581118,sfaa
x:臺東縣:臺東縣立四維幼兒園時段,臺東縣立四維幼兒園(時段),療育-教育單位,臺東縣,臺東市,臺東縣臺東市四維路一段396號,08-9320270,sfaa
x:臺東縣:興隆國小時段,興隆國小(時段),療育-教育單位,臺東縣,東河鄉,臺東縣東河鄉興昌村155號,089-531283,sfaa
x:臺東縣:豐年國小時段,豐年國小(時段),療育-教育單位,臺東縣,臺東市,臺東縣臺東市中興路三段320號,08-9226733,sfaa
x:臺東縣:豐田國小時段,豐田國小(時段),療育-教育單位,臺東縣,臺東市,臺東縣臺東市中興路四段750號,08-9380345,sfaa
x:臺東縣:豐里國小時段,豐里國小(時段),療育-教育單位,臺東縣,臺東市,臺東縣臺東市中華路三段80號,08-9324040,sfaa
x:臺東縣:賓朗國小時段,賓朗國小(時段),療育-教育單位,臺東縣,卑南鄉,臺東縣卑南鄉東47-1鄉道,08-9224129,sfaa
x:臺東縣:關山國小日間,關山國小(日間),療育-教育單位,臺東縣,關山鎮,臺東縣關山鎮中華路101號,08-9811012,sfaa
x:花蓮縣:中原國小,中原國小,療育-教育單位,花蓮縣,花蓮市,花蓮縣花蓮市中原路531號,03-8333547,sfaa
x:花蓮縣:光復國小,光復國小,療育-教育單位,花蓮縣,光復鄉,花蓮縣光復鄉中山路三段75號,03-8701029,sfaa
x:花蓮縣:北埔國小,北埔國小,療育-教育單位,花蓮縣,新城鄉,花蓮縣新城鄉北埔村北埔路170號,03-8264624,sfaa
x:花蓮縣:吉安國小,吉安國小,療育-教育單位,花蓮縣,吉安鄉,花蓮縣吉安鄉吉安村吉安路二段97號,03-8523984,sfaa
x:花蓮縣:壽豐國小,壽豐國小,療育-教育單位,花蓮縣,壽豐鄉,花蓮縣壽豐鄉壽山路37號,03-8651024,sfaa
x:花蓮縣:宜昌國小,宜昌國小,療育-教育單位,花蓮縣,吉安鄉,花蓮縣吉安鄉宜昌一街45號,03-8520209,sfaa
x:花蓮縣:新城國小,新城國小,療育-教育單位,花蓮縣,新城鄉,花蓮縣新城鄉新城村博愛路30 號,03-8611006,sfaa
x:花蓮縣:明廉國小,明廉國小,療育-教育單位,花蓮縣,花蓮市,花蓮縣花蓮市中山路903號,03-8569088,sfaa
x:花蓮縣:明恥國小,明恥國小,療育-教育單位,花蓮縣,花蓮市,花蓮縣花蓮市中興路41號,03-8222231,sfaa
x:花蓮縣:玉里國小,玉里國小,療育-教育單位,花蓮縣,玉里鎮,花蓮縣玉里鎮忠智路43號,03-8882007,sfaa
x:花蓮縣:瑞穗國小,瑞穗國小,療育-教育單位,花蓮縣,瑞穗鄉,花蓮縣瑞穗鄉成功北路十八號,03-8876366,sfaa
x:花蓮縣:鳳林國小,鳳林國小,療育-教育單位,花蓮縣,鳳林鎮,花蓮縣鳳林鎮中正路二段一號,03-8762031,sfaa
x:苗栗縣:僑成國小時段,僑成國小(時段),療育-教育單位,苗栗縣,三義鄉,苗栗縣三義鄉勝興村20份220號,037-872041,sfaa
x:苗栗縣:后庄國小時段,后庄國小(時段),療育-教育單位,苗栗縣,頭份市,苗栗縣頭份市文化里文化街20號,037-663858,sfaa
x:苗栗縣:啟文國小日間,啟文國小(日間),療育-教育單位,苗栗縣,苗栗市,苗栗縣苗栗市福星里啟賢61號,037-260466,sfaa
x:苗栗縣:大埔國小日間,大埔國小(日間),療育-教育單位,苗栗縣,竹南鎮,苗栗縣竹南鎮仁愛路1092號,037-584370,sfaa
x:苗栗縣:永貞國小時段,永貞國小(時段),療育-教育單位,苗栗縣,頭份市,苗栗縣頭份市永貞路一段335號,037-623290,sfaa
x:苗栗縣:福星國小時段,福星國小(時段),療育-教育單位,苗栗縣,苗栗市,苗栗縣苗栗市中華東街62號,037-264724,sfaa
x:苗栗縣:苑裡國小日間,苑裡國小(日間),療育-教育單位,苗栗縣,苑裡鎮,苗栗縣苑裡鎮中山路307號,037-861013,sfaa
x:苗栗縣:頭份國小日間時段,頭份國小(日間、時段),療育-教育單位,苗栗縣,頭份市,苗栗縣頭份市中正路219號,037-663020,sfaa
x:連江縣:介壽國中小附設幼兒園時段,介壽國中小附設幼兒園(時段),療育-教育單位,連江縣,南竿鄉,連江縣南竿鄉介壽村13號,0836-22192轉181,sfaa
x:雲林縣:南陽國小,南陽國小,療育-教育單位,雲林縣,北港鎮,雲林縣北港鎮光明路59號,05-7832106,sfaa
x:雲林縣:吳厝國小,吳厝國小,療育-教育單位,雲林縣,西螺鎮,雲林縣西螺鎮九隆路32-2號,05-5867074,sfaa
x:雲林縣:國立雲林特殊教育學校,國立雲林特殊教育學校,療育-教育單位,雲林縣,斗南鎮,雲林縣斗南鎮新崙里新崙100號,05-5969241,sfaa
x:雲林縣:土庫國小,土庫國小,療育-教育單位,雲林縣,土庫鎮,雲林縣土庫鎮順天里中正69號,05-6622524,sfaa
x:雲林縣:鎮南國小,鎮南國小,療育-教育單位,雲林縣,斗六市,雲林縣斗六市南揚街60號,05-5347336,sfaa
x:雲林縣:雲林國小,雲林國小,療育-教育單位,雲林縣,斗六市,雲林縣斗六市莊敬路111號,05-5361112,sfaa
x:雲林縣:麥寮國小,麥寮國小,療育-教育單位,雲林縣,麥寮鄉,雲林縣麥寮鄉中山路260號,05-6932266,sfaa
x:高雄市:中崙國小日間,中崙國小(日間),療育-教育單位,高雄市,鳳山區,高雄市鳳山區中崙四路25號,07-7533244,sfaa
x:高雄市:中庄國小時段,中庄國小(時段),療育-教育單位,高雄市,大寮區,高雄市大寮區中庄里中庄路59號,07-7032838,sfaa
x:高雄市:中正國小日間,中正國小(日間),療育-教育單位,高雄市,鳳山區,高雄市鳳山區勝利路2號,07-7012831,sfaa
x:高雄市:中正國小時段,中正國小(時段),療育-教育單位,高雄市,苓雅區,高雄市苓雅區輔仁路100號,07-7225936,sfaa
x:高雄市:中洲國小日間,中洲國小(日間),療育-教育單位,高雄市,旗津區,高雄市旗津區旗津二路275號,07-5712225,sfaa
x:高雄市:中芸國小時段,中芸國小(時段),療育-教育單位,高雄市,林園區,高雄市林園區中芸里中芸路一號,07-6412342,sfaa
x:高雄市:五權國小日間時段,五權國小(日間、時段),療育-教育單位,高雄市,苓雅區,高雄市苓雅區三多二路100號,07-7511074,sfaa
x:高雄市:仁武國小時段,仁武國小(時段),療育-教育單位,高雄市,仁武區,高雄市仁武區中正路94號,07-3711126,sfaa
x:高雄市:仁武特殊教育學校日間時段,仁武特殊教育學校(日間、時段),療育-教育單位,高雄市,仁武區,高雄市仁武區八卦里澄觀路1389號,07-3749788,sfaa
x:高雄市:佛公國小時段,佛公國小(時段),療育-教育單位,高雄市,前鎮,高雄市前鎮區后平路135號,07-8229801,sfaa
x:高雄市:信義國小時段,信義國小(時段),療育-教育單位,高雄市,新興區,高雄市新興區中正三路32號,07-2365163,sfaa
x:高雄市:兆湘國小日間時段,兆湘國小(日間、時段),療育-教育單位,高雄市,岡山區,高雄市岡山區介壽路60號,07-6252394,sfaa
x:高雄市:凱旋國小日間時段,凱旋國小(日間、時段),療育-教育單位,高雄市,苓雅區,高雄市苓雅區憲政路235號,07-2235181,sfaa
x:高雄市:加昌國小時段,加昌國小(時段),療育-教育單位,高雄市,楠梓區,高雄市楠梓區樂群路220號,07-3627169,sfaa
x:高雄市:勝利國小時段,勝利國小(時段),療育-教育單位,高雄市,左營區,高雄市左營區南屏路1號,07-5522541,sfaa
x:高雄市:嘉興國小時段,嘉興國小(時段),療育-教育單位,高雄市,岡山區,高雄市岡山區嘉興里嘉興路322號,07-6212414,sfaa
x:高雄市:四維國小日間,四維國小(日間),療育-教育單位,高雄市,苓雅區,高雄市苓雅區青年一路103號,07-3348199,sfaa
x:高雄市:壽山國小日間,壽山國小(日間),療育-教育單位,高雄市,鼓山區,高雄市鼓山區鼓山二路37巷38弄24號,07-5514393,sfaa
x:高雄市:太平國小日間,太平國小(日間),療育-教育單位,高雄市,小港區,高雄市小港區營口路一號,07-8019006,sfaa
x:高雄市:小港國小時段,小港國小(時段),療育-教育單位,高雄市,小港區,高雄市小港區平和路1號,07-8215923,sfaa
x:高雄市:岡山國小日間,岡山國小(日間),療育-教育單位,高雄市,岡山區,高雄市岡山區柳橋東路36號,07-6212032,sfaa
x:高雄市:嶺口國小時段,嶺口國小(時段),療育-教育單位,高雄市,旗山區,高雄市旗山區龍文巷30號,07-6651216,sfaa
x:高雄市:左營國小日間時段,左營國小(日間、時段),療育-教育單位,高雄市,左營區,高雄市左營區實踐路42號,07-5820042,sfaa
x:高雄市:市立前金幼兒園日間時段,市立前金幼兒園(日間、時段),療育-教育單位,高雄市,前金區,高雄市前金區大同二路76號,07-2211708,sfaa
x:高雄市:市立裕誠幼兒園日間,市立裕誠幼兒園(日間),療育-教育單位,高雄市,左營區,高雄市左營區南屏路391號,07-5522066,sfaa
x:高雄市:後勁國小日間,後勁國小(日間),療育-教育單位,高雄市,楠梓區,高雄市楠梓區加昌路216號,07-3626342,sfaa
x:高雄市:復興國小日間時段,復興國小(日間、時段),療育-教育單位,高雄市,前鎮,高雄市前鎮區民權二路331號,07-3351784,sfaa
x:高雄市:愛國國小日間時段,愛國國小(日間、時段),療育-教育單位,高雄市,三民區,高雄市三民區同德里十全一路1號,07-3161191,sfaa
x:高雄市:文山國小時段,文山國小(時段),療育-教育單位,高雄市,鳳山區,高雄市鳳山區鳳松路25巷20號,07-7460444,sfaa
x:高雄市:文賢國小時段,文賢國小(時段),療育-教育單位,高雄市,湖內區,高雄市湖內區中賢里中正路2段39號,07-6993061,sfaa
x:高雄市:新民國小時段,新民國小(時段),療育-教育單位,高雄市,左營區,高雄市左營區自由三路478號,07-3411888,sfaa
x:高雄市:新興國小日間,新興國小(日間),療育-教育單位,高雄市,新興區,高雄市新興區民生ㄧ路321號,07-2412119,sfaa
x:高雄市:旗山國小時段,旗山國小(時段),療育-教育單位,高雄市,旗山區,高雄市旗山區華中街44號,07-6612052,sfaa
x:高雄市:明正國小日間時段,明正國小(日間、時段),療育-教育單位,高雄市,前鎮,高雄市前鎮區明道路2號,07-8110965,sfaa
x:高雄市:東光國小時段,東光國小(時段),療育-教育單位,高雄市,三民區,高雄市三民區黃興路206號,07-3839350,sfaa
x:高雄市:桂林國小日間時段,桂林國小(日間、時段),療育-教育單位,高雄市,小港區,高雄市小港區桂陽路390號,07-7910766,sfaa
x:高雄市:桃源國小時段,桃源國小(時段),療育-教育單位,高雄市,桃源區,高雄市桃源區勤和里南橫公路三段201號,07-6861045,sfaa
x:高雄市:楠梓特殊學校時段,楠梓特殊學校(時段),療育-教育單位,高雄市,楠梓區,高雄市楠梓區德民路211號,07-3642007,sfaa
x:高雄市:楠陽國小日間時段,楠陽國小(日間、時段),療育-教育單位,高雄市,楠梓區,高雄市楠梓區楠陽路100號,07-3520675,sfaa
x:高雄市:正義國小時段,正義國小(時段),療育-教育單位,高雄市,鳳山區,高雄市鳳山區南昌街55號,07-7714440,sfaa
x:高雄市:永安國小時段,永安國小(時段),療育-教育單位,高雄市,永安區,高雄市永安區永華路49號,07-6912011,sfaa
x:高雄市:河濱國小時段,河濱國小(時段),療育-教育單位,高雄市,三民區,高雄市三民區市中一路339號,07-2211408,sfaa
x:高雄市:溪洲國小日間,溪洲國小(日間),療育-教育單位,高雄市,旗山區,高雄市旗山區旗南二路126號,07-6661408,sfaa
x:高雄市:漢民國小時段,漢民國小(時段),療育-教育單位,高雄市,小港區,高雄市小港區漢民路500號,07-8036569,sfaa
x:高雄市:獅湖國小時段,獅湖國小(時段),療育-教育單位,高雄市,三民區,高雄市三民區鼎金後路495號,07-3424782,sfaa
x:高雄市:王公國小日間,王公國小(日間),療育-教育單位,高雄市,林園區,高雄市林園區王公二路100號,07-6420503,sfaa
x:高雄市:福康國小日間,福康國小(日間),療育-教育單位,高雄市,苓雅區,高雄市苓雅區漢陽街17號,07-7227134,sfaa
x:高雄市:福東國小時段,福東國小(時段),療育-教育單位,高雄市,苓雅區,高雄市苓雅區福德三路96號,07-7510048,sfaa
x:高雄市:福誠國小時段,福誠國小(時段),療育-教育單位,高雄市,鳳山區,高雄市鳳山區忠誠路145號,07-8120152,sfaa
x:高雄市:維新國小時段,維新國小(時段),療育-教育單位,高雄市,永安區,高雄市永安區維新路光明九巷69之10號,07-6913816,sfaa
x:高雄市:翁園國小日間,翁園國小(日間),療育-教育單位,高雄市,大寮區,高雄市大寮區翁園路79號,07-7811685,sfaa
x:高雄市:興糖國小時段,興糖國小(時段),療育-教育單位,高雄市,橋頭區,高雄市橋頭區興糖路19巷1 號,07-6113804,sfaa
x:高雄市:舊城國小日間時段,舊城國小(日間、時段),療育-教育單位,高雄市,左營區,高雄市左營區蓮潭路47號,07-5810010,sfaa
x:高雄市:苓洲國小時段,苓洲國小(時段),療育-教育單位,高雄市,苓雅區,高雄市苓雅區四維四路61號,07-3351804,sfaa
x:高雄市:莊敬國小日間,莊敬國小(日間),療育-教育單位,高雄市,三民區,高雄市三民區大昌一路200號,07-3813210,sfaa
x:高雄市:莒光國小日間,莒光國小(日間),療育-教育單位,高雄市,楠梓區,高雄市楠梓區後昌路842號,07-3612078,sfaa
x:高雄市:金潭國小時段,金潭國小(時段),療育-教育單位,高雄市,林園區,高雄市林園區中厝里金潭路40號,07-6412332,sfaa
x:高雄市:鎮北國小時段,鎮北國小(時段),療育-教育單位,高雄市,鳳山區,高雄市鳳山區鳳北路170號,07-7311709,sfaa
x:高雄市:青山國小時段,青山國小(時段),療育-教育單位,高雄市,小港區,高雄市小港區飛機路153號,07-8014543,sfaa
x:高雄市:鳳西國小日間時段,鳳西國小(日間、時段),療育-教育單位,高雄市,鳳山區,高雄市鳳山區光華東路100號,07-7199003,sfaa
x:高雄市:鼎金國小日間,鼎金國小(日間),療育-教育單位,高雄市,三民區,高雄市三民區鼎山街375號,07-3836330,sfaa
x:高雄市:鼓山國小時段,鼓山國小(時段),療育-教育單位,高雄市,鼓山區,高雄市鼓山區臨海二路50號,07-5217795,sfaa
x:高雄市:龍華國小日間時段,龍華國小(日間、時段),療育-教育單位,高雄市,鼓山區,高雄市鼓山區大順一路858號,07-5553086,sfaa
x:南投縣:唯聆語言心理聯合治療所,唯聆語言心理聯合治療所,療育-醫療單位,南投縣,草屯鎮,南投縣草屯鎮敦和里仁愛街270號,0958-797012,sfaa
3538033218,安心復健科診所,療育-醫療單位,南投縣,草屯鎮,南投縣草屯鎮中興路138號1~2樓,049-2333874,sfaa
x:南投縣:寶仁復健科診所,寶仁復健科診所,療育-醫療單位,南投縣,草屯鎮,南投縣草屯鎮草溪路993號,049-2304666,sfaa
x:南投縣:微聲想想心理治療所,微聲想想心理治療所,療育-醫療單位,南投縣,埔里鎮,南投縣埔里鎮薰化里西康路52號,0912169868,sfaa
1538031114,惠和醫院,療育-醫療單位,南投縣,草屯鎮,南投縣草屯鎮平等街140號,049-2321188,sfaa
1538041209,東華醫院,療育-醫療單位,南投縣,竹山鎮,南投縣竹山鎮集山路三段272巷16號,049-2658949,sfaa
x:南投縣:樂朋語言治療所,樂朋語言治療所,療育-醫療單位,南投縣,南投市,南投縣南投市大同南街49號一樓,049-2225555,sfaa
x:南投縣:生命樹心理諮商所,生命樹心理諮商所,療育-醫療單位,南投縣,南投市,南投縣南投市文化南路106號2樓,0958095995,sfaa
x:南投縣:生命樹職能治療所,生命樹職能治療所,療育-醫療單位,南投縣,南投市,南投縣南投市文化南路106號1樓,0958372049,sfaa
x:南投縣:群和診所,群和診所,療育-醫療單位,南投縣,草屯鎮,南投縣草屯鎮新豐路728巷18號,049-2353197,sfaa
0138030010,衛生福利部草屯療養院,療育-醫療單位,南投縣,草屯鎮,南投縣草屯鎮御史里玉屏路161號,049-2550800,sfaa
x:南投縣:語揚語言治療所,語揚語言治療所,療育-醫療單位,南投縣,魚池鄉,南投縣魚池鄉魚池村秀水巷20-12號,0919-736397,sfaa
x:南投縣:錫安診所,錫安診所,療育-醫療單位,南投縣,埔里鎮,南投縣埔里鎮北辰街119號,049-2999907,sfaa
x:南投縣:飛翔語言治療所,飛翔語言治療所,療育-醫療單位,南投縣,草屯鎮,南投縣草屯鎮太平路一段325號,049-2317979,sfaa
x:嘉義市:博愛診所時段,博愛診所(時段),療育-醫療單位,嘉義市,西區,嘉義市西區興業西路136號1樓,05-2866600,sfaa
x:嘉義市:小足跡心理治療所,小足跡心理治療所,療育-醫療單位,嘉義市,西區,嘉義市西區德安路31號,05-2330031,sfaa
x:嘉義市:慶昇醫院時段,慶昇醫院(時段),療育-醫療單位,嘉義市,東區,嘉義市東區新榮路339-1號,05-2229191,sfaa
x:嘉義市:欣明心理治療所,欣明心理治療所,療育-醫療單位,嘉義市,東區,嘉義市東區太平里安和街234號,05-2787282,sfaa
x:嘉義市:祥太醫院時段,祥太醫院(時段),療育-醫療單位,嘉義市,西區,嘉義市西區延平街490號,05-2230398,sfaa
x:嘉義市:福音聯合診所時段,福音聯合診所(時段),療育-醫療單位,嘉義市,東區,嘉義市東區吳鳳北路340號,05-2782036,sfaa
0622020017,臺中榮民總醫院嘉義分院(時段),療育-醫療單位,嘉義市,西區,嘉義市西區世賢路二段600號,05-2359630,sfaa
0922020013,陳仁德醫院(時段),療育-醫療單位,嘉義市,西區,嘉義市西區林森西路285號,05-2258279,sfaa
1522011115,陽明醫院(時段),療育-醫療單位,嘉義市,東區,嘉義市東區吳鳯北路252號,05-2284567,sfaa
x:嘉義縣:嘉義縣阿里山鄉衛生所附設物理治療所時段,嘉義縣阿里山鄉衛生所附設物理治療所(時段),療育-醫療單位,嘉義縣,阿里山鄉,嘉義縣阿里山鄉達邦村4鄰85號,無,sfaa
x:嘉義縣:大林樂齡居家物理治療所時段,大林樂齡居家物理治療所(時段),療育-醫療單位,嘉義縣,大林鎮,嘉義縣大林鎮明和里忠孝路569巷13弄73號,0973203526,sfaa
3540041855,安馨民雄診所,療育-醫療單位,嘉義縣,民雄鄉,嘉義縣民雄鄉民生路51、51-1號1-4樓,05-2269300,sfaa
0640140012,臺中榮民總醫院灣橋分院(時段),療育-醫療單位,嘉義縣,竹崎鄉,嘉義縣竹崎鄉灣橋村石麻園38號,05-2791072-3072,sfaa
0140010028,衛生福利部朴子醫院(時段),療育-醫療單位,嘉義縣,朴子市,嘉義縣朴子市永和里42-50號,05-3790600,sfaa
5940041837,語語之森語言治療所,療育-醫療單位,嘉義縣,民雄鄉,嘉義縣民雄鄉北斗村北勢子47-81號,05-2209662,sfaa
x:基隆市:仁祥診所時段,仁祥診所(時段),療育-醫療單位,基隆市,仁愛區,基隆市仁愛區忠一路20號,02-24232111分機3001,sfaa
3511041565,基隆康沛診所,療育-醫療單位,基隆市,仁愛區,基隆市仁愛區劉銘傳路1號7樓,02-24286020,sfaa
x:基隆市:心晴天心理治療所,心晴天心理治療所,療育-醫療單位,基隆市,中正區,基隆市中正區中正路12之5號2樓,(02)2421-1009,sfaa
x:基隆市:惠安復健科診所時段,惠安復健科診所(時段),療育-醫療單位,基隆市,七堵區,基隆市七堵區南興路10、12號,02-2456-9908,sfaa
x:基隆市:愛及德職能治療所時段,愛及德職能治療所(時段),療育-醫療單位,基隆市,仁愛區,基隆市仁愛區愛三路9號5樓之5,02-24281992,sfaa
x:基隆市:方見物理治療所,方見物理治療所,療育-醫療單位,基隆市,信義區,基隆市信義區仁一路17號2樓,0921224682,sfaa
x:基隆市:楊光復健診所時段,楊光復健診所(時段),療育-醫療單位,基隆市,仁愛區,基隆市仁愛區愛三路120號4樓,02-2429-2288轉18,sfaa
x:基隆市:正祥復健科診所時段,正祥復健科診所(時段),療育-醫療單位,基隆市,仁愛區,基隆市仁愛區忠一路20號3樓,02-24281850,sfaa
x:基隆市:語果語言治療所時段,語果語言治療所(時段),療育-醫療單位,基隆市,仁愛區,基隆市仁愛區仁二路95號8樓,0938097861,sfaa
1411030013,醫療財團法人臺灣區煤礦業基金會臺灣礦工醫院,療育-醫療單位,基隆市,暖暖區,基隆市暖暖區源遠路29號,24579101分機229,sfaa
5911061478,長庚醫療財團法人基隆長庚紀念醫院情人湖院區(時段),療育-醫療單位,基隆市,安樂區,基隆市安樂區基金一路208巷200號,02-24313131轉2414,sfaa
3534022255,五餅二魚身心科診所,療育-醫療單位,宜蘭縣,羅東鎮,宜蘭縣羅東鎮林森路 154-1 號 1、2 樓,(03)9550705,sfaa
x:宜蘭縣:和悅語言治療所時段,和悅語言治療所(時段),療育-醫療單位,宜蘭縣,宜蘭市,宜蘭縣宜蘭市女中路3段66號4樓,03-9351958,sfaa
x:宜蘭縣:國立陽明大學附設醫院時段,國立陽明大學附設醫院(時段),療育-醫療單位,宜蘭縣,宜蘭市,宜蘭縣宜蘭市新民路152號,03-9325192,sfaa
x:宜蘭縣:宜昇復健科診所時段,宜昇復健科診所(時段),療育-醫療單位,宜蘭縣,宜蘭市,宜蘭縣宜蘭市中山路二段307號,03-9323000,sfaa
x:宜蘭縣:宜林大診所時段,宜林大診所(時段),療育-醫療單位,宜蘭縣,宜蘭市,宜蘭縣宜蘭市中山路五段210號,03-9280535,sfaa
4034010017,宜蘭普門醫療財團法人普門醫院普門診所(時段),療育-醫療單位,宜蘭縣,宜蘭市,宜蘭縣宜蘭市神農路一段87號,03-9327777,sfaa
x:宜蘭縣:康達物理治療所時段,康達物理治療所(時段),療育-醫療單位,宜蘭縣,羅東鎮,宜蘭縣羅東鎮公正路200號,03-9572808,sfaa
x:宜蘭縣:得言語言治療所時段,得言語言治療所(時段),療育-醫療單位,宜蘭縣,羅東鎮,宜蘭縣羅東鎮樹人路13號1樓,03-9551017,sfaa
x:宜蘭縣:想享職能治療所時段,想享職能治療所(時段),療育-醫療單位,宜蘭縣,羅東鎮,宜蘭縣羅東鎮東安里東宜三路58號,03-9560618,sfaa
x:宜蘭縣:晴天語言治療所時段,晴天語言治療所(時段),療育-醫療單位,宜蘭縣,羅東鎮,宜蘭縣羅東鎮純精路二段132號,03-9577879,sfaa
x:宜蘭縣:桃樂比語言治療所時段,桃樂比語言治療所(時段),療育-醫療單位,宜蘭縣,宜蘭市,宜蘭縣宜蘭市女中路二段395號,0911772890,sfaa
x:宜蘭縣:潘麗雲語言治療所時段,潘麗雲語言治療所(時段),療育-醫療單位,宜蘭縣,宜蘭市,宜蘭縣宜蘭市宜興路1段75號2樓,03-9354609,sfaa
x:宜蘭縣:王意中心理治療所時段,王意中心理治療所(時段),療育-醫療單位,宜蘭縣,宜蘭市,宜蘭縣宜蘭市女中路三段102號2樓,03-9328985,sfaa
x:宜蘭縣:簡世霖復健科診所時段,簡世霖復健科診所(時段),療育-醫療單位,宜蘭縣,羅東鎮,宜蘭縣羅東鎮倉前路77-7號,03-9566619,sfaa
x:宜蘭縣:聊癒心理諮商所,聊癒心理諮商所,療育-醫療單位,宜蘭縣,羅東鎮,宜蘭縣羅東鎮康莊路 42 號,線上預約,sfaa
x:宜蘭縣:賦優聯合醫事機構職能治療所,賦優聯合醫事機構職能治療所,療育-醫療單位,宜蘭縣,宜蘭市,宜蘭縣宜蘭市宜中路 131 號,(03)9329966,sfaa
x:宜蘭縣:陳思衡復健科診所時段,陳思衡復健科診所(時段),療育-醫療單位,宜蘭縣,羅東鎮,宜蘭縣羅東鎮中正南路137號,03-9549338,sfaa
x:宜蘭縣:雨後心理治療所,雨後心理治療所,療育-醫療單位,宜蘭縣,五結鄉,宜蘭縣五結鄉台興路96 號 1 樓,(03)9657998,sfaa
x:宜蘭縣:青米職能治療所,青米職能治療所,療育-醫療單位,宜蘭縣,宜蘭市,宜蘭縣宜蘭市舊城東路 35 之 4 號,0975641468,sfaa
x:屏東縣:予泰心理暨職能聯合治療所,予泰心理暨職能聯合治療所,療育-醫療單位,屏東縣,屏東市,屏東縣屏東市中正路177號2樓,08-7666180,sfaa
1543010109,國仁醫院(時段),療育-醫療單位,屏東縣,屏東市,屏東縣屏東市民生東路12-2號,08-7223000,sfaa
x:屏東縣:安泰醫院潮州安泰醫院時段,安泰醫院社團法人潮州安泰醫院(時段),療育-醫療單位,屏東縣,潮州鎮,屏東縣潮州鎮四維路162號,08-7800888,sfaa
5942211122,宥心物理治療所(時段),療育-醫療單位,屏東縣,潮州鎮,屏東縣潮州鎮太平路85號1樓,0989-532608,sfaa
x:屏東縣:康福職能治療所時段,康福職能治療所(時段),療育-醫療單位,屏東縣,屏東市,屏東縣屏東市豐榮里金山巷15號,0976103678,sfaa
x:屏東縣:思維羅語言治療所時段,思維羅語言治療所(時段),療育-醫療單位,屏東縣,屏東市,屏東縣屏東市瑞光路二段350號,預約Line ID：@796ddyli,sfaa
x:屏東縣:悅恩語言治療所時段,悅恩語言治療所(時段),療育-醫療單位,屏東縣,屏東市,屏東縣屏東市豐榮里公園東路82-3號,08-7220360、0933461240,sfaa
x:屏東縣:晨心診所時段,晨心診所(時段),療育-醫療單位,屏東縣,瑪家鄉,屏東縣瑪家鄉風景1之3號,08-7991787,sfaa
0943160012,枋寮醫療社團法人枋寮醫院(時段),療育-醫療單位,屏東縣,枋寮鄉,屏東縣枋寮鄉中山路139號,08-8789991~5,sfaa
x:屏東縣:牧陽心理治療所時段,牧陽心理治療所(時段),療育-醫療單位,屏東縣,屏東市,屏東縣屏東市中山路277號,087328695,sfaa
x:屏東縣:露家心理治療所,露家心理治療所,療育-醫療單位,屏東縣,恆春鎮,屏東縣恆春鎮恆南路2巷86弄61號1樓,0971-703552,sfaa
x:屏東縣:高雄榮民總醫院屏東分院,高雄榮民總醫院屏東分院,療育-醫療單位,屏東縣,內埔鄉,屏東縣內埔鄉昭勝路安平1巷1號,08-7704115轉216,sfaa
x:彰化縣:三和語言治療所附設聽力部門時段,三和語言治療所附設聽力部門(時段),療育-醫療單位,彰化縣,彰化市,彰化縣彰化市大埔路641號,04-7112591,sfaa
x:彰化縣:吳祥富內科復健科診所健保特約,吳祥富內科復健科診所(健保特約),療育-醫療單位,彰化縣,和美鎮,彰化縣和美鎮彰美路五段217、219號,04-7563430,sfaa
x:彰化縣:和煦物理治療所時段,和煦物理治療所(時段),療育-醫療單位,彰化縣,員林市,彰化縣員林市南興里員林大道六段415號2樓,0954-078288,sfaa
x:彰化縣:和煦職能治療所時段,和煦職能治療所(時段),療育-醫療單位,彰化縣,員林市,彰化縣員林市南興里員林大道六段415號2樓,0954-078288,sfaa
x:彰化縣:和煦語言治療所時段,和煦語言治療所(時段),療育-醫療單位,彰化縣,員林市,彰化縣員林市南興里員林大道六段415號2樓,0954089288、 0909-170792,sfaa
1537150512,員林郭醫院-大村分院(健保特約、時段),療育-醫療單位,彰化縣,大村鄉,彰化縣大村鄉田洋橫巷2之9號,04-8539666,sfaa
0937050014,員榮醫院(健保特約),療育-醫療單位,彰化縣,員林市,彰化縣員林市中正路201號,04-8326161轉2006語言、2005職能、2003物理,sfaa
x:彰化縣:員榮醫院員生院區健保特約時段,員榮醫院員生院區(健保特約)(時段),療育-醫療單位,彰化縣,員林市,彰化縣員林市莒光路359號,04-8339595轉3211,sfaa
x:彰化縣:國錠物理治療所時段,國錠物理治療所(時段),療育-醫療單位,彰化縣,員林市,彰化縣員林市惠來里惠明街146號,04-8391611,sfaa
x:彰化縣:安晴心理治療所時段,安晴心理治療所(時段),療育-醫療單位,彰化縣,鹿港鎮,彰化縣鹿港鎮自由路301號,0963-682903,sfaa
x:彰化縣:宏仁醫院健保特約,宏仁醫院(健保特約),療育-醫療單位,彰化縣,員林市,彰化縣員林市惠來里(街)89號,04-8375878轉1190,sfaa
x:彰化縣:寶貝語言治療所時段,寶貝語言治療所(時段),療育-醫療單位,彰化縣,彰化市,彰化縣彰化市彰美路一段132巷83號一樓,04-7230285,sfaa
x:彰化縣:專注力職能治療所時段,專注力職能治療所(時段),療育-醫療單位,彰化縣,彰化市,彰化縣彰化市大竹里長順街43巷22號,04-7201590,sfaa
1537051318,常春醫院(健保特約),療育-醫療單位,彰化縣,員林市,彰化縣員林市員集路二段501號,04-8376689,sfaa
5931102596,康合復健科診所(健保特約),療育-醫療單位,彰化縣,鹿港鎮,彰化縣鹿港鎮民族路36號,04-7747198,sfaa
x:彰化縣:張天長診所健保特約,張天長診所(健保特約),療育-醫療單位,彰化縣,員林市,彰化縣員林市員水路二段482號,04-8324479,sfaa
3537013981,彰廷復健科診所(健保特約),療育-醫療單位,彰化縣,彰化市,彰化縣彰化市中正路一段100號1樓,04-7113419,sfaa
5931052251,晴天復健科診所(健保特約),療育-醫療單位,彰化縣,伸港鄉,彰化縣伸港鄉中正路18號1樓及中正路20巷6、8號,04-7998298,sfaa
x:彰化縣:杏宇語言治療所時段,杏宇語言治療所(時段),療育-醫療單位,彰化縣,員林市,彰化縣員林市中山路二段121號1樓,04-8390709,sfaa
x:彰化縣:杏晨職能治療所時段,杏晨職能治療所(時段),療育-醫療單位,彰化縣,彰化市,彰化縣彰化市中央路184號16樓之8,04-7516717,sfaa
x:彰化縣:杏晨語言治療所時段,杏晨語言治療所(時段),療育-醫療單位,彰化縣,彰化市,彰化縣彰化市中央路184號16樓之8,04-7516717,sfaa
x:彰化縣:樂說語言治療所時段,樂說語言治療所(時段),療育-醫療單位,彰化縣,彰化市,彰化縣彰化市長順街43巷22號,04-7201590,sfaa
x:彰化縣:歐樂聯合治療所時段,歐樂聯合治療所(時段),療育-醫療單位,彰化縣,彰化市,彰化縣彰化市延平里大埔路682巷1號,0918-960660,sfaa
x:彰化縣:民和診所健保特約,民和診所(健保特約),療育-醫療單位,彰化縣,和美鎮,彰化縣和美鎮仁安路206號,04-7552995,sfaa
x:彰化縣:真宸心理治療所時段,真宸心理治療所(時段),療育-醫療單位,彰化縣,彰化市,彰化縣彰化市金馬路三段135號,0909-506501,sfaa
x:彰化縣:育安聯合診所健保特約,育安聯合診所(健保特約),療育-醫療單位,彰化縣,二林鎮,彰化縣二林鎮斗苑路四段702號,04-8953358,sfaa
x:彰化縣:蔓言語言治療所時段,蔓言語言治療所(時段),療育-醫療單位,彰化縣,員林市,彰化縣員林市雙平路19號,04-7010500,sfaa
0937030012,道周醫院(健保特約),療育-醫療單位,彰化縣,和美鎮,彰化縣和美鎮和光路180號、和善路118號,04-7566995分機210,sfaa
x:彰化縣:郁順復健科診所健保特約時段,郁順復健科診所(健保特約、時段),療育-醫療單位,彰化縣,員林市,彰化縣員林市靜修東路36號,04-8333567,sfaa
x:彰化縣:陳偉仁診所健保特約,陳偉仁診所(健保特約),療育-醫療單位,彰化縣,溪湖鎮,彰化縣溪湖鎮員鹿路三段69號及71號,04-8820399,sfaa
x:彰化縣:頌恩員林聽力所時段,頌恩員林聽力所(時段),療育-醫療單位,彰化縣,員林市,彰化縣員林市莒光路342號,04-8336420,sfaa
x:新北市:三重活力復健診所,(三重)活力復健診所,療育-醫療單位,新北市,三重區,新北市三重區中正北路170號1樓,02-2986-1066,sfaa
x:新北市:板橋原力復健科診所,(板橋)原力復健科診所,療育-醫療單位,新北市,板橋區,新北市板橋區文化路2段372號,02-2253-9898,sfaa
1531021165,三重中興醫院,療育-醫療單位,新北市,三重區,新北市三重區中興北街21號,02-2995-9680,sfaa
x:新北市:三重匯通語言治療所,三重匯通語言治療所,療育-醫療單位,新北市,三重區,新北市三重區大智街94-1號2樓,0910-998-925、0911-563-325,sfaa
x:新北市:三重說說語言治療所,三重說說語言治療所,療育-醫療單位,新北市,三重區,新北市三重區三和路三段151巷14號1樓,0978-377-320,sfaa
3531067118,世博診所,療育-醫療單位,新北市,新莊區,新北市新莊區新泰路134號1樓,(02)8993-1518,sfaa
3531031869,世芳復健科診所,療育-醫療單位,新北市,永和區,新北市永和區中正路117號,02-2940-4635,sfaa
3531046217,中和國泰診所(時段),療育-醫療單位,新北市,中和區,新北市中和區景新街389號1～3樓,02-29449797,sfaa
1531040259,中祥醫院,療育-醫療單位,新北市,中和區,新北市中和區中山路二段359巷2號1至2樓、4號2樓、6號2樓,(02)2240-5055轉555,sfaa
0931010025,中英醫療社團法人板英醫院(時段),療育-醫療單位,新北市,板橋區,新北市板橋區文化路1段269號,02-8251-3923 分機218、219,sfaa
x:新北市:五守心理治療所,五守心理治療所,療育-醫療單位,新北市,新莊區,新北市新莊區中港路五守新村35巷2號3樓,0905-344-459,sfaa
x:新北市:亮點物理治療所,亮點物理治療所,療育-醫療單位,新北市,板橋區,新北市板橋區四川路2段239號1樓,(02)8967-8936,sfaa
x:新北市:亮點職能治療所,亮點職能治療所,療育-醫療單位,新北市,板橋區,新北市板橋區四川路2段241號1樓,(02)8966-3047,sfaa
3531045363,佳南診所,療育-醫療單位,新北市,中和區,新北市中和區景新街431號1樓,02-2940-8358,sfaa
5931081681,佳禾復健科診所,療育-醫療單位,新北市,新店區,新北市新店區建國路250號1樓,02-8219-1110,sfaa
x:新北市:佳醫診所時段,佳醫診所(時段),療育-醫療單位,新北市,板橋區,新北市板橋區忠孝路88號,02-2956-2780,sfaa
3531151839,倍康復健科診所,療育-醫療單位,新北市,五股區,新北市五股區成泰路2段140.144號1樓,(02)2291-6980#18,sfaa
3531019112,健心復健科診所,療育-醫療單位,新北市,板橋區,新北市板橋區重慶路201號,(02)8961-2888,sfaa
3531171322,健雄診所,療育-醫療單位,新北市,林口區,新北市林口區中山路194號,(02)2603-0322,sfaa
1531131139,元復醫院,療育-醫療單位,新北市,土城區,新北市土城區中央路二段320號,(02)2266-1886,sfaa
x:新北市:兆耀物理治療所,兆耀物理治療所,療育-醫療單位,新北市,泰山區,新北市泰山區信華五街155號1樓,0932-674-372,sfaa
x:新北市:光晴復健科診所,光晴復健科診所,療育-醫療單位,新北市,永和區,新北市永和區得和路110號,02-2945-9630,sfaa
3531067449,全威復健科診所,療育-醫療單位,新北市,新莊區,新北市新莊區復興路二段164號1、2樓及166號1、2樓,(02)8992-8888,sfaa
1531021183,全民醫院,療育-醫療單位,新北市,三重區,新北市三重區三和路4段103-2號,(02)7728-9740#500,sfaa
3531054273,冠新復健科診所,療育-醫療單位,新北市,新店區,新北市新店區北新路3段112號,(02)8911-6877,sfaa
x:新北市:卓新復健科診所時段,卓新復健科診所(時段),療育-醫療單位,新北市,新莊區,新北市新莊區中正路160號1樓,(02)2276-1171,sfaa
3531046119,南方復健科診所,療育-醫療單位,新北市,中和區,新北市中和區和平街7號,(02)2949-2061,sfaa
353101A057,南雅復健科診所,療育-醫療單位,新北市,板橋區,新北市板橋區南雅南路1段3號,(02)8968-1266,sfaa
x:新北市:博淘語言治療所,博淘語言治療所,療育-醫療單位,新北市,新莊區,新北市新莊區建中街58號1樓,(02)2277-5588,sfaa
x:新北市:博群復健診所,博群復健診所,療育-醫療單位,新北市,永和區,新北市永和區中正路372號1樓,02-3233-2669,sfaa
3531065472,原華診所,療育-醫療單位,新北市,新莊區,新北市新莊區新泰路128號,02-2277-2087分機15(語言)分機17(職能),sfaa
x:新北市:友方職能治療所,友方職能治療所,療育-醫療單位,新北市,板橋區,新北市板橋區龍泉街108巷 26號1樓,02-8258-5889,sfaa
x:新北市:古得心理治療所,古得心理治療所,療育-醫療單位,新北市,永和區,新北市永和區水源街45巷10號1樓,0979-687-731,sfaa
3531018099,和謙診所,療育-醫療單位,新北市,板橋區,新北市板橋區民權路214號1樓,02-2968-0090,sfaa
x:新北市:嘉誼心理治療所,嘉誼心理治療所,療育-醫療單位,新北市,三峽區,新北市三峽區復興路59號2樓,0962-035-930,sfaa
0431270012,國立臺灣大學醫學院附設醫院金山分院(時段),療育-醫療單位,新北市,金山區,新北市金山區五湖里11鄰玉爐路7號,02-2498-9898 分機1201,sfaa
x:新北市:土城好的職能治療所,土城好的職能治療所,療育-醫療單位,新北市,土城區,新北市土城區員林街63號1樓,(02)8261-6363,sfaa
3531133984,土城康澤復建科診所,療育-醫療單位,新北市,土城區,新北市土城區中央路二段304號,(02)7728-7912,sfaa
x:新北市:城堡職能治療所,城堡職能治療所,療育-醫療單位,新北市,三重區,新北市三重區長壽街182號1樓,0961-301-386,sfaa
x:新北市:城星語言治療所,城星語言治療所,療育-醫療單位,新北市,土城區,新北市土城區清水路31號1樓,(02)8273-3390,sfaa
x:新北市:夢屋心理治療所,夢屋心理治療所,療育-醫療單位,新北市,三峽區,新北市三峽區大義路19號,0922-999-491,sfaa
x:新北市:夢飛揚物理治療所,夢飛揚物理治療所,療育-醫療單位,新北市,林口區,新北市林口區文化三路二段115巷60號1樓,(02)2600-0080,sfaa
x:新北市:大和復健科診所,大和復健科診所,療育-醫療單位,新北市,新莊區,新北市新莊區西盛街427號,02-8201-4260,sfaa
3531072379,大樹診所,療育-醫療單位,新北市,樹林區,新北市樹林區鎮前街19號,02-2681-8919,sfaa
3531026902,大重仁復健科診所,療育-醫療單位,新北市,三重區,新北市三重區重新路五段592號1樓,(02)2995-8283＃31,sfaa
3531144030,天佑復健診所,療育-醫療單位,新北市,蘆洲區,新北市蘆洲區長樂路82號及86號1樓,02-2288-8000,sfaa
x:新北市:好安心心理治療所,好安心心理治療所,療育-醫療單位,新北市,新莊區,新北市新莊區中平路377巷43號,(02)8521-9843,sfaa
x:新北市:好安心蘆洲心理諮商所,好安心蘆洲心理諮商所,療育-醫療單位,新北市,三重區,新北市三重區集仁街158號,(02)2855-9478,sfaa
x:新北市:好日子心理治療所,好日子心理治療所,療育-醫療單位,新北市,三重區,新北市三重區正義北路227號2樓,0978-150-785,sfaa
x:新北市:好蒔光職能/語言治療所,好蒔光職能/語言治療所,療育-醫療單位,新北市,板橋區,新北市板橋區光正街45巷18號1樓,(02)2271-0954,sfaa
3531046244,安和復健科診所,療育-醫療單位,新北市,中和區,新北市中和區安和路167號,(02)2242-8568,sfaa
RY31010102,安安優腦板橋職能治療所,療育-醫療單位,新北市,板橋區,新北市板橋區莊敬路56號3樓,(02)6605-0652,sfaa
x:新北市:安新復健科診所,安新復健科診所,療育-醫療單位,新北市,新店區,新北市新店區中興路三段219-1號1樓/B1,(02)2910-7000,sfaa
3531072306,安泰診所,療育-醫療單位,新北市,樹林區,新北市樹林區中山路一段123號,(02)2683-1199,sfaa
1531021192,宏仁醫院,療育-醫療單位,新北市,三重區,新北市三重區水漾路1段158號,02-2978-8877,sfaa
RY31060040,宏兒職能治療所,療育-醫療單位,新北市,新莊區,新北市新莊區頭前路140號1樓,02-2990-7792,sfaa
3531143953,宜興診所,療育-醫療單位,新北市,蘆洲區,新北市蘆洲區永樂街38巷42弄6號1樓,(02)8281-3008,sfaa
x:新北市:家豐診所,家豐診所,療育-醫療單位,新北市,新莊區,新北市新莊區中正路377巷5號,02-2206-2239,sfaa
x:新北市:實康復健科診所,實康復健科診所,療育-醫療單位,新北市,淡水區,新北市淡水區學府路36號2樓,02-2629-2000,sfaa
x:新北市:小語宙居家語言治療所,小語宙居家語言治療所,療育-醫療單位,新北市,板橋區,新北市板橋區藝文街225號4樓,0968-980-181,sfaa
x:新北市:山拾居家語言治療所,山拾居家語言治療所,療育-醫療單位,新北市,三芝區,新北市三芝區中正路三段25巷5-1號6樓,0905-075-901,sfaa
1531130052,廣川醫院,療育-醫療單位,新北市,土城區,新北市土城區裕民路276號,(02)2261-7000,sfaa
3531133564,建馨復健科診所,療育-醫療單位,新北市,土城區,新北市土城區中央路2段196號1～2樓,02-2263-9888,sfaa
x:新北市:德一診所,德一診所,療育-醫療單位,新北市,板橋區,新北市板橋區中山路2段236號1樓,02-2953-5396,sfaa
3531034039,德上診所,療育-醫療單位,新北市,永和區,新北市永和區中正路106號,02-2940-3938轉23、25,sfaa
3531025067,德心診所,療育-醫療單位,新北市,三重區,新北市三重區力行路2段206號,02-8287-8007分機21,sfaa
3531022208,德慈聯合診所,療育-醫療單位,新北市,三重區,新北市三重區重新路3段14號,02-2973-6693,sfaa
3531024462,德河聯合診所,療育-醫療單位,新北市,三重區,新北市三重區重陽路3段115號1樓、117號1至4樓,02-8985-1515分機29、30,sfaa
3531045872,德泰診所,療育-醫療單位,新北市,中和區,新北市中和區泰和街48號1～2樓,(02)2242-7700,sfaa
3531027178,德維復健科診所,療育-醫療單位,新北市,三重區,新北市三重區正義北路248號1~3樓,(02)8981-7293,sfaa
3531033747,德美診所,療育-醫療單位,新北市,永和區,新北市永和區中正路455之1號,02-2927-3001分機23,sfaa
x:新北市:心之間心理治療所,心之間心理治療所,療育-醫療單位,新北市,永和區,新北市永和區竹林路66巷15-3號1-2樓,02-8921-9228,sfaa
x:新北市:心語心理諮商所,心語心理諮商所,療育-醫療單位,新北市,板橋區,新北市板橋區莒光路39巷10號4樓,(02)2250-0002,sfaa
x:新北市:心語語言治療所,心語語言治療所,療育-醫療單位,新北市,中和區,新北市中和區新生街30巷30號1樓,0968-101-568,sfaa
x:新北市:忠孝復健專科診所,忠孝復健專科診所,療育-醫療單位,新北市,林口區,新北市林口區文化二路1段527號1樓,02-2609-4101,sfaa
1531041390,怡和醫院,療育-醫療單位,新北市,中和區,新北市中和區連城路 49 號,02-2245-0009分機304、308(復健科),sfaa
3531113339,恆御復健科診所,療育-醫療單位,新北市,汐止區,新北市汐止區康寧街374、376號1樓,02-2692-7988,sfaa
3531035054,恆新復健科診所,療育-醫療單位,新北市,永和區,新北市永和區福和路378號1~3樓,02-2926-8775,sfaa
x:新北市:恩典復健家醫科診所時段,恩典復健家醫科診所(時段),療育-醫療單位,新北市,板橋區,新北市板橋區文化路2段155號,02- 2255-1661,sfaa
x:新北市:恩禾物理治療所,恩禾物理治療所,療育-醫療單位,新北市,新莊區,新北市新莊區福壽街136巷11號1樓,0952-307-458,sfaa
x:新北市:恩禾職能治療所,恩禾職能治療所,療育-醫療單位,新北市,新莊區,新北市新莊區福壽街136巷11號1樓,0916-931-869,sfaa
3531019747,悅安心復健專科診所,療育-醫療單位,新北市,板橋區,新北市板橋區三民路2段127、129號1樓,(02)2955-2945,sfaa
x:新北市:愈生物理治療所,愈生物理治療所,療育-醫療單位,新北市,樹林區,新北市樹林區學勤路466號1樓,(02)2668-8360,sfaa
3543151134,愛芮思心理諮商所,療育-醫療單位,新北市,板橋區,新北市板橋區中正路275巷3弄9-1號2樓,(02)2968-0806,sfaa
3531072315,揚昇診所,療育-醫療單位,新北市,樹林區,新北市樹林區太元街21號1樓,02-8686-9771,sfaa
x:新北市:新店必談語言治療所,新店必談語言治療所,療育-醫療單位,新北市,新店區,新北市新店區文化路75巷7號1樓,0918-600-736       0929-987-786,sfaa
1531061249,新泰綜合醫院,療育-醫療單位,新北市,新莊區,新北市新莊區新樹路176號,02-2996-2121 分機5803,sfaa
x:新北市:新莊實和復健診所,新莊實和復健診所,療育-醫療單位,新北市,新莊區,新北市新莊區昌隆街23號1樓,02-2276-6200分機15,sfaa
3531067323,新莊活力復健診所,療育-醫療單位,新北市,新莊區,新北市新莊區民安西路165號、167號、169號一樓及165號,02-2202-2277,sfaa
x:新北市:新莊真好語言治療所時段,新莊真好語言治療所(時段),療育-醫療單位,新北市,新莊區,新北市新莊區明中街40號1樓,02-2996-1755,sfaa
353101A655,方舟復健科診所,療育-醫療單位,新北市,板橋區,新北市板橋區新海路86號,(02)2252-8186,sfaa
x:新北市:日籽語言治療所,日籽語言治療所,療育-醫療單位,新北市,永和區,新北市永和區永和路二段147號12樓之2、之3,(02)2920-3672,sfaa
3531019096,昌弘復健科診所,療育-醫療單位,新北市,板橋區,新北市板橋區中正路194號,02-2966-0066,sfaa
x:新北市:明心心理治療所,明心心理治療所,療育-醫療單位,新北市,新莊區,新北市新莊區新知一路69號9樓,0908-512-165,sfaa
x:新北市:星嶼心理語言職能聯合治療所,星嶼心理語言職能聯合治療所,療育-醫療單位,新北市,板橋區,新北市板橋區文化路一段145號6樓之5,(02)2969-9307,sfaa
x:新北市:春雨語言治療所,春雨語言治療所,療育-醫療單位,新北市,八里區,新北市八里區觀海大道97號2樓,0916-298-015,sfaa
x:新北市:景愛復健科診所,景愛復健科診所,療育-醫療單位,新北市,永和區,新北市永和區中正路46號,(02)8668-3188,sfaa
x:新北市:暖丘心理諮商所,暖丘心理諮商所,療育-醫療單位,新北市,新莊區,新北市新莊區中平路396號4樓,(02)6604-0396,sfaa
x:新北市:曉依語言治療所,曉依語言治療所,療育-醫療單位,新北市,新莊區,新北市新莊區中央路303號3樓,0922-024-698,sfaa
3531143971,杏暉復健科診所,療育-醫療單位,新北市,蘆洲區,新北市蘆洲區中華街57號1樓,(02)2289-7279,sfaa
x:新北市:板新醫院,板新醫院,療育-醫療單位,新北市,板橋區,新北市板橋區中正路189號,02-2960-9955分機202,sfaa
1531011310,板橋國泰醫院,療育-醫療單位,新北市,板橋區,新北市板橋區忠孝路5號,(02)2958-3333分機3120,sfaa
3531133957,民安復健科診所,療育-醫療單位,新北市,土城區,新北市土城區延吉街311號2樓,02-8261-0513,sfaa
3531035198,永和原力復健科診所,療育-醫療單位,新北市,永和區,新北市永和區得和路160號,(02)8942-2777,sfaa
1531031278,永和復康醫院,療育-醫療單位,新北市,永和區,新北市永和區中和路575號,02-2924-0925,sfaa
3531072404,永峰診所,療育-醫療單位,新北市,樹林區,新北市樹林區中山路1段177-1號,02-2681-3002,sfaa
3531035027,永馨復健診所,療育-醫療單位,新北市,永和區,新北市永和區竹林路139號1～4樓、141號1～3樓,(02)8926-9666,sfaa
3531113491,汐止力康復健科診所,療育-醫療單位,新北市,汐止區,新北市汐止區新台五路1段93號3樓,02-2697-6711,sfaa
3531022600,江村聯合診所,療育-醫療單位,新北市,三重區,新北市三重區重新路3段7號,02-2982-1515分機27,sfaa
3531143506,沅昇復健科診所,療育-醫療單位,新北市,蘆洲區,新北市蘆洲區復興路87巷6號,02-8285-6259,sfaa
x:新北市:沐昕心理治療所,沐昕心理治療所,療育-醫療單位,新北市,三重區,新北市三重區三光街30巷10號,(02)2980-0479,sfaa
x:新北市:沐樂心理諮商所,沐樂心理諮商所,療育-醫療單位,新北市,新店區,新北市新店區二十張路33巷2弄3號1樓,(02)2915-0060,sfaa
3531054639,沐語兒童復健診所,療育-醫療單位,新北市,新店區,新北市新店區安康路二段127號1樓,(02)8666-9000,sfaa
x:新北市:沛智心理治療所,沛智心理治療所,療育-醫療單位,新北市,永和區,新北市永和區福和路229之1號2樓,02-2928-9399,sfaa
x:新北市:沛迪兒物理治療所,沛迪兒物理治療所,療育-醫療單位,新北市,淡水區,新北市淡水區清水街34巷9號1樓,0921-855-280 、02-2626-0086,sfaa
x:新北市:活力思物理治療所,活力思物理治療所,療育-醫療單位,新北市,中和區,新北市中和區大仁街66號1樓,0953-766-995,sfaa
353101A557,海山診所,療育-醫療單位,新北市,板橋區,新北市板橋區漢生東路163號5樓,(02)2954-2888,sfaa
x:新北市:滔滔語言治療所,滔滔語言治療所,療育-醫療單位,新北市,中和區,新北市中和區景平路385巷10號1樓,0912-616-583,sfaa
x:新北市:漱心坊心理治療所,漱心坊心理治療所,療育-醫療單位,新北市,新莊區,新北市新莊區明中街28號1樓,(02)8991-4930,sfaa
3531027007,潤生復健科診所,療育-醫療單位,新北市,三重區,新北市三重區正義北路102號1-3樓,(02)2883-2790,sfaa
3531081716,澄欣復健科診所,療育-醫療單位,新北市,鶯歌區,新北市鶯歌區國慶街136號、140號、142號1樓,02-2678-0055,sfaa
3531072780,澄詣復健科診所,療育-醫療單位,新北市,樹林區,新北市樹林區大成路365號1、2樓及401號1樓,(02)8970-0277,sfaa
2303240013,煦煦語言職能聯合治療所,療育-醫療單位,新北市,新店區,新北市新店區民權路105號2樓,(02)2218-1231,sfaa
x:新北市:牧光職能治療所,牧光職能治療所,療育-醫療單位,新北市,淡水區,新北市淡水區濱海路2段202巷20號1樓,(02)2623-7088,sfaa
x:新北市:牧光語言治療所,牧光語言治療所,療育-醫療單位,新北市,淡水區,新北市淡水區濱海路二段202巷20號1樓,(02)2623-7088,sfaa
x:新北市:理馨心理諮商所,理馨心理諮商所,療育-醫療單位,新北市,土城區,新北市土城區永安街103號5樓,0968-989-195,sfaa
x:新北市:瑞之盟居家語言治療所,瑞之盟居家語言治療所,療育-醫療單位,新北市,林口區,新北市林口區文化二路1段390號5樓511室,0907-010-671,sfaa
x:新北市:瑞和復健科診所,瑞和復健科診所,療育-醫療單位,新北市,新莊區,新北市新莊區中平路160號,02-8992-9090,sfaa
3531065909,盛豐診所,療育-醫療單位,新北市,新莊區,新北市新莊區後港一路29號2樓,02-2206-2339,sfaa
x:新北市:真好職能治療所,真好職能治療所,療育-醫療單位,新北市,新莊區,新北市新莊區明中街38號1樓,(02)2990-1705,sfaa
x:新北市:真好語言治療所,真好語言治療所,療育-醫療單位,新北市,板橋區,新北市板橋區自由路17巷11號1樓,02-2256-1755,sfaa
x:新北市:知芯心理治療所,知芯心理治療所,療育-醫療單位,新北市,板橋區,新北市板橋區館前東路22號6樓,(02)2952-8180,sfaa
x:新北市:知芯新店心理治療所,知芯新店心理治療所,療育-醫療單位,新北市,新店區,新北市新店區北新路2段177-3號4樓,(02)8914-5945,sfaa
x:新北市:知芯板橋心理治療所,知芯板橋心理治療所,療育-醫療單位,新北市,板橋區,新北市板橋區四川路一段23號5樓之1,(02)2952-8181,sfaa
3531113400,祐一復健科診所,療育-醫療單位,新北市,汐止區,新北市汐止區康寧街410號1~2樓,02-2695-8880分機22,sfaa
3531054246,禾安復健科診所,療育-醫療單位,新北市,新店區,新北市新店區三民路2號,02-8911-7858,sfaa
3531054362,禾康復健科診所,療育-醫療單位,新北市,新店區,新北市新店區民族路2之1號1樓,02-8911-0896,sfaa
x:新北市:禾森語言及職能聯合治療所,禾森語言及職能聯合治療所,療育-醫療單位,新北市,板橋區,新北市板橋區雙十路3段12、14、16號3樓,0939-804-355,sfaa
3531133519,穗城復健科診所,療育-醫療單位,新北市,土城區,新北市土城區金城路3段176號,02-8273-2239,sfaa
3531045836,穗安復健科診所,療育-醫療單位,新北市,中和區,新北市中和區民樂路36號1樓,(02)2223-2187,sfaa
3531066611,穩達診所,療育-醫療單位,新北市,新莊區,新北市新莊區中平路272號,(02)2996-6918,sfaa
3531143926,立博診所,療育-醫療單位,新北市,蘆洲區,新北市蘆洲區光華路20號1樓及中正路157號,02-8285-0785,sfaa
x:新北市:童步職能治療所,童步職能治療所,療育-醫療單位,新北市,新莊區,新北市新莊區中榮街56巷5號1樓,(02)6609-5525,sfaa
x:新北市:米露谷心理治療所,米露谷心理治療所,療育-醫療單位,新北市,中和區,新北市中和區連勝街28號2樓,02-8245-8820,sfaa
x:新北市:米露谷新店心理治療所,米露谷新店心理治療所,療育-醫療單位,新北市,新店區,新北市新店區民權路77號9樓,(02)2918-6620,sfaa
x:新北市:米露谷板橋兒青暨育才中心心理治療所,米露谷板橋兒青暨育才中心心理治療所,療育-醫療單位,新北市,板橋區,新北市板橋區文化路一段135號6樓,(02)2272-7336,sfaa
x:新北市:米露谷板橋心理治療所,米露谷板橋心理治療所,療育-醫療單位,新北市,板橋區,新北市板橋區文化路1段147號7樓之2,(02)2271-0754,sfaa
x:新北市:綠柚語言治療所,綠柚語言治療所,療育-醫療單位,新北市,泰山區,新北市泰山區仁愛路100巷58號1樓,(02)2900-1106,sfaa
x:新北市:緩緩心林心理治療所,緩緩心林心理治療所,療育-醫療單位,新北市,林口區,新北市林口區文化北路一段288號,(02)2606-9367,sfaa
x:新北市:聆語言治療所時段,聆語言治療所(時段),療育-醫療單位,新北市,板橋區,新北市板橋區中山路1段1號9樓之25,02-8964-6318、0933-356-093,sfaa
x:新北市:芽芽語言治療所,芽芽語言治療所,療育-醫療單位,新北市,永和區,新北市永和區中和路421巷16弄7號1樓,02-2929-2092,sfaa
x:新北市:荃盛復健科診所,荃盛復健科診所,療育-醫療單位,新北市,汐止區,新北市汐止區大同路2段312巷7號1樓,02-8642-2051,sfaa
x:新北市:草本職能治療所,草本職能治療所,療育-醫療單位,新北市,林口區,新北市林口區麗園一街11巷7號1樓之2,0987-605-949,sfaa
x:新北市:蘆洲實和復健診所,蘆洲實和復健診所,療育-醫療單位,新北市,蘆洲區,新北市蘆洲區長榮路156號1樓,02-8286-9320轉15,sfaa
x:新北市:衛生福利部樂生療養院樂生院區時段,衛生福利部樂生療養院樂生院區(時段),療育-醫療單位,新北市,新莊區,新北市新莊區中正路794號,02-8200-6600分機2247,sfaa
x:新北市:語治波語言治療所,語治波語言治療所,療育-醫療單位,新北市,三峽區,新北市三峽區三樹一街2號1樓,0937-861-628,sfaa
3531072413,誠陽復健科診所,療育-醫療單位,新北市,樹林區,新北市樹林區東華街85號1樓,02- 8685-2806,sfaa
x:新北市:豌逗語言治療所,豌逗語言治療所,療育-醫療單位,新北市,樹林區,新北市樹林區長壽街16號1樓,02-2683-9680,sfaa
x:新北市:躍旭居家物理治療所,躍旭居家物理治療所,療育-醫療單位,新北市,三芝區,新北市三芝區淡金路二段67號4樓之1,0958-259-580,sfaa
x:新北市:輔大診所,輔大診所,療育-醫療單位,新北市,新莊區,新北市新莊區中正路510號,02-2905-2526分機29,sfaa
3531018615,辰元復健科診所,療育-醫療單位,新北市,板橋區,新北市板橋區雙十路3段31號2樓,02-2258-2299,sfaa
x:新北市:連城實和復健診所中和,連城實和復健診所(中和),療育-醫療單位,新北市,中和區,新北市中和區連城路168號1 樓,02-2245-1212,sfaa
3531045514,雄鶴診所,療育-醫療單位,新北市,中和區,新北市中和區漢民路404號,02-2228-1280,sfaa
3531026359,集勇復健科診所,療育-醫療單位,新北市,三重區,新北市三重區集勇街60號、62號1樓,02-8287-3535,sfaa
x:新北市:霖口安心語言治療所,霖口安心語言治療所,療育-醫療單位,新北市,林口區,新北市林口區民族路69號1樓,(02)6604-0368,sfaa
x:新北市:霖口心安語言治療所,霖口心安語言治療所,療育-醫療單位,新北市,林口區,新北市林口區文明街138巷41號1樓,02-6605-8481,sfaa
3531054264,順安復健專科診所,療育-醫療單位,新北市,新店區,新北市新店區中正路322號1～4樓,(02)2911-6677,sfaa
3531066871,順新復健科診所,療育-醫療單位,新北市,新莊區,新北市新莊區中正路160號1樓,(02)2276-1171,sfaa
x:新北市:順立兒童早療中心職能治療所,順立兒童早療中心職能治療所,療育-醫療單位,新北市,樹林區,新北市樹林區樹德街3號1樓,(02)2686-6938,sfaa
x:新北市:馨動物理心理聯合治療所,馨動物理心理聯合治療所,療育-醫療單位,新北市,板橋區,新北市板橋區文化路2段182巷3弄33號5樓,(02)2255-9080,sfaa
x:新北市:駿騰物理治療所,駿騰物理治療所,療育-醫療單位,新北市,土城區,新北市土城區青雲路352之1號1樓,(02)2265-1268,sfaa
353101B009,黃石健康診所,療育-醫療單位,新北市,板橋區,新北市板橋區北門街11號5樓,(02)2968-8789,sfaa
x:新竹市:上巧語言治療所,上巧語言治療所,療育-醫療單位,新竹市,東區,新竹市東區科學園路157號1樓,0958-819356,sfaa
x:新竹市:兒樂語言治療所,兒樂語言治療所,療育-醫療單位,新竹市,北區,新竹市北區中和路26號3樓,0919-239526,sfaa
x:新竹市:宇治太太語言治療所,宇治太太語言治療所,療育-醫療單位,新竹市,北區,新竹市北區湳雅里湳雅街126巷24號,0986861580,sfaa
x:新竹市:心悠然心理成長中心心理治療所,心悠然心理成長中心心理治療所,療育-醫療單位,新竹市,東區,新竹市東區東大路一段132號4樓之二,0911-350039,sfaa
x:新竹市:悅聲語言治療所,悅聲語言治療所,療育-醫療單位,新竹市,北區,新竹市北區湳中街42號1樓,03-5313895,sfaa
x:新竹市:晨境語言暨心理治療所,晨境語言暨心理治療所,療育-醫療單位,新竹市,北區,新竹市北區北大路180號4樓之1,0921-569487,sfaa
x:新竹市:歐緹親子職能治療所,歐緹親子職能治療所,療育-醫療單位,新竹市,東區,新竹市東區立鵬路90號2樓,03-663220,sfaa
x:新竹市:語禾語言治療所,語禾語言治療所,療育-醫療單位,新竹市,東區,新竹市東區新竹市金城三路121號1樓,0921-631062,sfaa
x:新竹市:雲起心理治療所,雲起心理治療所,療育-醫療單位,新竹市,東區,新竹市東區自由路67號7樓之2,03-5335580、0978-479875,sfaa
x:新竹市:黃志豪職能治療所,黃志豪職能治療所,療育-醫療單位,新竹市,東區,新竹市東區民族路55-1號2樓,03-5153003,sfaa
x:新竹縣:佳樂水物理治療所,佳樂水物理治療所,療育-醫療單位,新竹縣,竹北市,新竹縣竹北市隘口二路305號,03-6673963,sfaa
x:新竹縣:佳樂水職能治療所,佳樂水職能治療所,療育-醫療單位,新竹縣,竹北市,新竹縣竹北市隘口二路305號,03-6673963,sfaa
x:新竹縣:佳樂水語言治療所,佳樂水語言治療所,療育-醫療單位,新竹縣,竹北市,新竹縣竹北市隘口二路305號,03-6673963,sfaa
3533053238,和沐復健專科診所,療育-醫療單位,新竹縣,竹北市,新竹縣竹北市復興二路13號,03-6670052,sfaa
x:新竹縣:大心居家職能治療所,大心居家職能治療所,療育-醫療單位,新竹縣,竹北市,新竹縣竹北市勝利六街196號,0931203437/0988927047,sfaa
x:新竹縣:安立身心診所時段,安立身心診所(時段),療育-醫療單位,新竹縣,竹北市,新竹縣竹北市莊敬北路78號,03-6577622,sfaa
x:新竹縣:小樹職能治療所,小樹職能治療所,療育-醫療單位,新竹縣,竹北市,新竹縣竹北市國華街39號1樓,0918508820,sfaa
x:新竹縣:希望種子職能治療所時段,希望種子職能治療所(時段),療育-醫療單位,新竹縣,竹北市,新竹縣竹北市光明五街349號1樓,03-5583413,sfaa
x:新竹縣:幼耆居家職能治療所,幼耆居家職能治療所,療育-醫療單位,新竹縣,湖口鄉,新竹縣湖口鄉山葉路9號2樓之,0937150902,sfaa
3533061749,彥涵復健科診所,療育-醫療單位,新竹縣,湖口鄉,新竹縣湖口鄉中山路二段50巷38號,03-59076666,sfaa
x:新竹縣:心璞藝術心理諮商所,心璞藝術心理諮商所,療育-醫療單位,新竹縣,竹北市,新竹縣竹北市光明六路東二段48號,03-668-5726,sfaa
x:新竹縣:忻心聯合治療所,忻心聯合治療所,療育-醫療單位,新竹縣,竹北市,新竹縣竹北市勝利十二街98號2樓,0965722061,sfaa
x:新竹縣:想想心理治療所,想想心理治療所,療育-醫療單位,新竹縣,竹北市,新竹縣竹北市嘉興路190號,03-6673760,sfaa
x:新竹縣:文殊職能治療所,文殊職能治療所,療育-醫療單位,新竹縣,竹北市,新竹縣竹北市社崙二街3號,0979632761,sfaa
0933050036,新仁醫院,療育-醫療單位,新竹縣,竹北市,新竹縣竹北市博愛街331號,03-5552039,sfaa
x:新竹縣:星晴心理治療所,星晴心理治療所,療育-醫療單位,新竹縣,竹北市,新竹縣竹北市光明六路東二段268號,03-6578690,sfaa
x:新竹縣:智諭潛能發展心理治療所,智諭潛能發展心理治療所,療育-醫療單位,新竹縣,竹北市,新竹縣竹北市科大二街49號,03-6571550,sfaa
x:新竹縣:杏林中醫診所時段,杏林中醫診所(時段),療育-醫療單位,新竹縣,竹東鎮,新竹縣竹東鎮仁愛路350號,03-5964361,sfaa
x:新竹縣:樂語語言治療所時段,樂語語言治療所(時段),療育-醫療單位,新竹縣,竹北市,新竹縣竹北市光明六路東二段112號1-2樓,0933-629229,sfaa
x:新竹縣:沐光心理諮商所,沐光心理諮商所,療育-醫療單位,新竹縣,竹北市,新竹縣竹北市成功十一街150號2樓,03-6578521,sfaa
x:新竹縣:煦耕心理治療所,煦耕心理治療所,療育-醫療單位,新竹縣,竹北市,新竹縣竹北市勝利十三街83號,03-668-3069,sfaa
x:新竹縣:瑞之盟竹塹居家語言治療所,瑞之盟竹塹居家語言治療所,療育-醫療單位,新竹縣,竹北市,新竹縣竹北市自強七街33號5樓,03-6576472#518,sfaa
3533061758,祐嘉復健科骨科診所,療育-醫療單位,新竹縣,湖口鄉,新竹縣湖口鄉中正路一段210號,03-5950099,sfaa
x:新竹縣:芃比語言治療所,芃比語言治療所,療育-醫療單位,新竹縣,竹北市,新竹縣竹北市嘉豐六路二段170號,03-5502195,sfaa
x:新竹縣:藍青復健診所時段,藍青復健診所(時段),療育-醫療單位,新竹縣,竹東鎮,新竹縣竹東鎮興農街2號,03-5941213,sfaa
3533053265,言恩診所,療育-醫療單位,新竹縣,竹北市,新竹縣竹北市中正西路1號2樓,03-5535501,sfaa
x:新竹縣:達心物理治療所,達心物理治療所,療育-醫療單位,新竹縣,竹北市,新竹縣竹北市勝利六街198號,0967111781,sfaa
x:新竹縣:達心職能治療所,達心職能治療所,療育-醫療單位,新竹縣,竹北市,新竹縣竹北市勝利六街198號1、2樓,0967111781,sfaa
x:新竹縣:達心語言治療所,達心語言治療所,療育-醫療單位,新竹縣,竹北市,新竹縣竹北市勝利六街198號1、2樓,0967111781,sfaa
3533053176,適康復健科診所,療育-醫療單位,新竹縣,竹北市,新竹縣竹北市勝利五路177號,03-6672868,sfaa
x:新竹縣:重明心理諮商所,重明心理諮商所,療育-醫療單位,新竹縣,新豐鄉,新竹縣新豐鄉忠一街236巷8號2樓,03-5577090,sfaa
x:新竹縣:青空心理治療所,青空心理治療所,療育-醫療單位,新竹縣,竹北市,新竹縣竹北市六家五路一段335、337號,0972512295,sfaa
3532052595,上大新復健科診所,療育-醫療單位,桃園市,蘆竹區,桃園市蘆竹區桃園街12、16、18、20、22號,(03)3225707,sfaa
x:桃園市:中原大學附設冠英心理治療所,中原大學附設冠英心理治療所,療育-醫療單位,桃園市,中壢區,桃園市中壢區中北路200號(7樓707室生物科技館),03-2657090,sfaa
1532021338,中壢長榮醫院(復健科)(時段),療育-醫療單位,桃園市,中壢區,桃園市中壢區環中東路150號,03-4631230轉5121、5122,sfaa
1532021392,中美醫院(時段),療育-醫療單位,桃園市,中壢區,桃園市中壢區中美路95號,03-4266222,sfaa
x:桃園市:仁心居家物理治療所,仁心居家物理治療所,療育-醫療單位,桃園市,蘆竹區,桃園市蘆竹區長興路一段 40- 6 號 12 樓,03- 3126508,sfaa
3532111802,佑明診所,療育-醫療單位,桃園市,新屋區,桃園市新屋區三民路 518 號 1~3 樓,03- 4970568,sfaa
x:桃園市:佳言語言治療所,佳言語言治療所,療育-醫療單位,桃園市,中壢區,桃園市中壢區榮民路16號,03-2853362,sfaa
x:桃園市:信醫物理治療所,信醫物理治療所,療育-醫療單位,桃園市,平鎮,桃園市平鎮區金陵路三段 197 巷 1 弄 21 - 2 號 1 樓,0921- 075727,sfaa
3532072220,健雄診所,療育-醫療單位,桃園市,龜山區,桃園市龜山區復興一路220號,03-3182202,sfaa
x:桃園市:億家安居家物理治療所,億家安居家物理治療所,療育-醫療單位,桃園市,桃園區,桃園市桃園區正康二街36號1樓,03-3323143,sfaa
x:桃園市:優兒適職能治療所時段,優兒適職能治療所(時段),療育-醫療單位,桃園市,桃園區,桃園市桃園區復興路389號3樓,03-3318899,sfaa
3532028035,內壢康澤復健科診所,療育-醫療單位,桃園市,中壢區,桃園市中壢區信義路83號,03-2716129,sfaa
3532072819,全御診所,療育-醫療單位,桃園市,龜山區,桃園市龜山區文化三路55號,03-3277599,sfaa
x:桃園市:全齡居家職能治療所,全齡居家職能治療所,療育-醫療單位,桃園市,桃園區,桃園市桃園區愛三街186號5樓,0989-340673,sfaa
3532018011,力綺復健科診所,療育-醫療單位,桃園市,桃園區,桃園市桃園區中正路1223號5樓,03-3467899,sfaa
3532052639,南崁康澤復健科診所,療育-醫療單位,桃園市,蘆竹區,桃園市蘆竹區南崁路68號,03-2726181,sfaa
x:桃園市:南崁放心心理治療所115.05.05核可,南崁放心心理治療所 (115.05.05核可),療育-醫療單位,桃園市,蘆竹區,桃園市蘆竹區洛陽街127號,03-3222268,sfaa
x:桃園市:向日天使物理治療所,向日天使物理治療所,療育-醫療單位,桃園市,桃園區,桃園市桃園區埔新路65號1樓,03-2183092、0923-105440,sfaa
3532042277,埔新永美聯合診所,療育-醫療單位,桃園市,楊梅區,桃園市楊梅區永美路351號,03-4313636,sfaa
1532070019,大明醫院復健科(時段),療育-醫療單位,桃園市,龜山區,桃園市龜山區萬壽路二段964號,03-3505092,sfaa
3532052700,天天復健科診所,療育-醫療單位,桃園市,蘆竹區,桃園市蘆竹區奉化路54之3號1至5樓,03-3530900,sfaa
x:桃園市:好說好說語言治療所,好說好說語言治療所,療育-醫療單位,桃園市,大園區,桃園市大園區致善路一段88號1樓,0989198483,sfaa
3532082735,家悅診所(原-以馬內利復健診所)(時段),療育-醫療單位,桃園市,八德區,桃園市八德區大智路106號1樓,03-3633070,sfaa
x:桃園市:寶貝兒童復健診所時段,寶貝兒童復健診所(時段),療育-醫療單位,桃園市,桃園區,桃園市桃園區金門二街265號,03-3711616,sfaa
x:桃園市:康鴻復健科診所時段,康鴻復健科診所(時段),療育-醫療單位,桃園市,桃園區,桃園市桃園區大有路515號、517號,03-3165515,sfaa
x:桃園市:復健診所時段,復健診所(時段),療育-醫療單位,桃園市,八德區,桃園市八德區介壽路二段135號5樓,03-3643470,sfaa
x:桃園市:復康堡復健科診所時段,復康堡復健科診所(時段),療育-醫療單位,桃園市,中壢區,桃園市中壢區元化路41號1-5樓,03-4252520,sfaa
1532011163,德仁醫院(時段),療育-醫療單位,桃園市,桃園區,桃園市桃園區雲林里桃鶯路245號,03-3617985,sfaa
x:桃園市:心之旅心理治療所,心之旅心理治療所,療育-醫療單位,桃園市,中壢區,桃園市中壢區高鐵南路二段 289 號 2 樓,0910-687289,sfaa
x:桃園市:心吉時心理諮商所,心吉時心理諮商所,療育-醫療單位,桃園市,中壢區,桃園市中壢區元化路113號2樓,03-2805158,sfaa
x:桃園市:心園心理治療所時段,心園心理治療所(時段),療育-醫療單位,桃園市,桃園區,桃園市桃園區忠一路15號,03-3317485,sfaa
3531034922,心晴診所,療育-醫療單位,桃園市,桃園區,桃園市桃園區大有路360號1樓,03-3467895,sfaa
x:桃園市:恆新復健科診所,恆新復健科診所,療育-醫療單位,桃園市,桃園區,桃園市桃園區新埔八街111號,03-3257878,sfaa
x:桃園市:悅康復健診所時段,悅康復健診所(時段),療育-醫療單位,桃園市,桃園區,桃園市桃園區大有路478號,03-3177060,sfaa
x:桃園市:惠好居家職能治療所,惠好居家職能治療所,療育-醫療單位,桃園市,楊梅區,桃園市楊梅區校前路 254 巷 55 號 10 樓,0936- 999246,sfaa
x:桃園市:慷蓓思物理治療所,慷蓓思物理治療所,療育-醫療單位,桃園市,桃園區,桃園市桃園區水岸七街96號,0972025141,sfaa
x:桃園市:慷蓓思物理治療所114.06.26核可,慷蓓思物理治療所 (114.06.26核可),療育-醫療單位,桃園市,桃園區,桃園市桃園區水岸七街96號1樓96號1樓,0972-025-141,sfaa
1532010013,振生醫院(時段),療育-醫療單位,桃園市,桃園區,桃園市桃園區三民路二段288號4樓,03-3356156轉400,sfaa
3532016740,振雄復健科診所(時段),療育-醫療單位,桃園市,桃園區,桃園市桃園區寶山街277號,03-3259896,sfaa
x:桃園市:捷安物理治療所,捷安物理治療所,療育-醫療單位,桃園市,桃園區,桃園市桃園區民富二街97號1樓,03-3369091,sfaa
3532026157,擁晴居家職能治療所(時段),療育-醫療單位,桃園市,中壢區,桃園市中壢區興農路80號3樓B室,0968-768818,sfaa
x:桃園市:放心心理治療所,放心心理治療所,療育-醫療單位,桃園市,桃園區,桃園市桃園區國際路二段18號1樓,03-3790885,sfaa
3532019116,敏盛綜合醫院三民院區(時段),療育-醫療單位,桃園市,桃園區,桃園市桃園區三民路三段106號,03-3379340轉230或702,sfaa
x:桃園市:敦仁診所附設居家物理治療所,敦仁診所附設居家物理治療所,療育-醫療單位,桃園市,八德區,桃園市八德區永豐路572巷21號(高明市民活動中心2樓),0936-655826,sfaa
x:桃園市:文仁語言治療所,文仁語言治療所,療育-醫療單位,桃園市,桃園區,桃園市桃園區秀山路3號,339-1780、0906136580,sfaa
x:桃園市:新晴心理諮商所,新晴心理諮商所,療育-醫療單位,桃園市,中壢區,桃園市中壢區中北路二段 119號,0928- 889882,sfaa
3532042062,新楊梅診所(時段),療育-醫療單位,桃園市,楊梅區,桃園市楊梅區環東路476號,03-4856530,sfaa
x:桃園市:新田心理治療所時段,新田心理治療所(時段),療育-醫療單位,桃園市,龜山區,桃園市龜山區文化二路28-1號4樓,03-3970581,sfaa
3532022686,日暖微光心理諮商所,療育-醫療單位,桃園市,中壢區,桃園市中壢區中央西路二段 281 號 10 樓(中央企業大樓內),03-4923411/0975-115010,sfaa
3532027912,日禾復健科診所,療育-醫療單位,桃園市,中壢區,桃園市中壢區忠孝路256號,03-4510283,sfaa
x:桃園市:星球語言治療所114.08.13核可,星球語言治療所 (114.08.13核可),療育-醫療單位,桃園市,桃園區,桃園市桃園區泰昌九街52號1樓,0979-360-365,sfaa
x:桃園市:普心復健科診所,普心復健科診所,療育-醫療單位,桃園市,楊梅區,桃園市楊梅區瑞溪路2段160號,03-4820508,sfaa
x:桃園市:晴德物理治療所,晴德物理治療所,療育-醫療單位,桃園市,中壢區,桃園市中壢區松勤路17號1樓,03-4200000,sfaa
5936190710,本芯居家物理治療所(時段),療育-醫療單位,桃園市,龜山區,桃園市龜山區中興路66號5樓,0952-620338,sfaa
3532016393,李裕承復健科診所(時段),療育-醫療單位,桃園市,桃園區,桃園市桃園區中山路810號,03-3691191,sfaa
3532072873,林口冠雅復健科診所,療育-醫療單位,桃園市,龜山區,桃園市龜山區文化二路59號1樓、2樓之1、2樓,03-2719130,sfaa
x:桃園市:桃園宇寧心理治療所115.05.26核可,桃園宇寧心理治療所 (115.05.26核可),療育-醫療單位,桃園市,桃園區,桃園市桃園區中聖里國際路一段1169號6樓,03-2640100,sfaa
x:桃園市:桃園居家職能治療所,桃園居家職能治療所,療育-醫療單位,桃園市,中壢區,桃園市中壢區中華路一段 617 號 2 樓,0910- 375369,sfaa
1532010120,桃新醫院(時段),療育-醫療單位,桃園市,桃園區,桃園市桃園區復興路195號,03-3325678,sfaa
3532082904,桃鶯康澤,療育-醫療單位,桃園市,八德區,桃園市八德區桃鶯路45號,03-2753053,sfaa
3532042339,楊梅康澤復健科 診所,療育-醫療單位,桃園市,楊梅區,桃園市楊梅區大成路105號,03-2755191,sfaa
x:桃園市:楊梅普心復健骨科診所時段,楊梅普心復健骨科診所(時段),療育-醫療單位,桃園市,楊梅區,桃園市楊梅區瑞溪路2段160號1樓及2樓,03-4820508,sfaa
x:桃園市:樂動復健科診所114.09.17核可,樂動復健科診所 (114.09.17核可),療育-醫療單位,桃園市,桃園區,桃園市桃園區民族路195號1樓及2樓,03-3478838,sfaa
x:桃園市:樹菓職能治療所,樹菓職能治療所,療育-醫療單位,桃園市,桃園區,桃園市桃園區永安路645號3樓,.,sfaa
x:桃園市:樹菓職能治療所114.07.04核可,樹菓職能治療所 (114.07.04核可),療育-醫療單位,桃園市,桃園區,桃園市桃園區永安路645號3樓,0987-791-126,sfaa
x:桃園市:樹菓語言治療所,樹菓語言治療所,療育-醫療單位,桃園市,桃園區,桃園市桃園區永安路645號3樓,.,sfaa
x:桃園市:樹菓語言治療所114.07.04核可,樹菓語言治療所 (114.07.04核可),療育-醫療單位,桃園市,桃園區,桃園市桃園區永安路645號3樓,0975-800-881,sfaa
3531046771,正倫診所,療育-醫療單位,桃園市,中壢區,桃園市中壢區成章一街201號1至4樓,03-4354640,sfaa
x:桃園市:永春物理治療所時段,永春物理治療所(時段),療育-醫療單位,桃園市,桃園區,桃園市桃園區龍壽街92號1樓,03-3790101,sfaa
x:桃園市:汐予心理治療所115.06.02核可,汐予心理治療所 (115.06.02核可),療育-醫療單位,桃園市,八德區,桃園市八德區高城里高城八街78號,03-2636889,sfaa
x:桃園市:沛田心理治療所114.08.01核可,沛田心理治療所 (114.08.01核可),療育-醫療單位,桃園市,大園區,桃園市大園區致祥三街53號1樓,03-2871007,sfaa
3532121871,泰安診所,療育-醫療單位,桃園市,觀音區,桃園市觀音區大觀路二段79號,03-4839968,sfaa
x:桃園市:洋恩居家物理治療所,洋恩居家物理治療所,療育-醫療單位,桃園市,龜山區,桃園市龜山區文青路 173 號 4 樓之 5,03- 3181652,sfaa
3532042204,瑞溪復健科診所(時段),療育-醫療單位,桃園市,楊梅區,桃園市楊梅區瑞溪路二段189號1樓至4樓,03-4820343,sfaa
x:桃園市:知萌職能治療所,知萌職能治療所,療育-醫療單位,桃園市,桃園區,桃園市桃園區南華街66號3樓之1,0975-805-650,sfaa
x:桃園市:知萌語言治療所,知萌語言治療所,療育-醫療單位,桃園市,桃園區,桃園市桃園區南華街66號3樓之1,0907-010-671,sfaa
x:桃園市:祈癒職能治療所,祈癒職能治療所,療育-醫療單位,桃園市,平鎮,桃園市平鎮區大興街 24 巷 5 號 1 樓,03- 4392350、0989-510851,sfaa
x:桃園市:福安心理治療所,福安心理治療所,療育-醫療單位,桃園市,桃園區,桃園市桃園區中正路1195號6樓之1及6樓之2,0961-100523,sfaa
x:桃園市:福安物理治療所,福安物理治療所,療育-醫療單位,桃園市,桃園區,桃園市桃園區中正路1195號6樓之1及6樓之2,0937-103279,sfaa
x:桃園市:福安語言治療所,福安語言治療所,療育-醫療單位,桃園市,桃園區,桃園市桃園區中正路1195號6樓之1及6樓之2,0937-103279,sfaa
x:桃園市:福樂居家物理治療所,福樂居家物理治療所,療育-醫療單位,桃園市,平鎮,桃園市平鎮區文化街 236 巷 5 號 1 樓,0928- 631872,sfaa
x:桃園市:立倫診所,立倫診所,療育-醫療單位,桃園市,中壢區,桃園市中壢區中央西路二段208號,03-4028215,sfaa
x:桃園市:立全物理治療所,立全物理治療所,療育-醫療單位,桃園市,大園區,桃園市大園區新生路四段 271 號 2 樓,0910-014103/0958-599280,sfaa
x:桃園市:美一天居家物理治療所,美一天居家物理治療所,療育-醫療單位,桃園市,桃園區,桃園市桃園區龍泉一街33號4樓,0922-073672,sfaa
x:桃園市:美好居家物理治療所,美好居家物理治療所,療育-醫療單位,桃園市,桃園區,桃園市桃園區國際路二段65巷6弄16-1號2樓,03-3608678,sfaa
x:桃園市:羽賦語言心理聯合治療所,羽賦語言心理聯合治療所,療育-醫療單位,桃園市,桃園區,桃園市桃園區南平路 421 號 5樓,0906- 597982,sfaa
x:桃園市:聊瞭心理諮商所,聊瞭心理諮商所,療育-醫療單位,桃園市,中壢區,桃園市中壢區強國路14號2樓,03-2850663,sfaa
3532022202,聯新診所(時段),療育-醫療單位,桃園市,中壢區,桃園市中壢區福州路 21 號,03-4379595轉201,sfaa
3532017765,職物語居家職能 治療所,療育-醫療單位,桃園市,桃園區,桃園市桃園區春日路1038號3樓,0900- 778610,sfaa
x:桃園市:至御診所時段,至御診所(時段),療育-醫療單位,桃園市,蘆竹區,桃園市蘆竹區中山路52-1號1樓、56號1樓,03-3129011,sfaa
x:桃園市:致樂居家物理治療所,致樂居家物理治療所,療育-醫療單位,桃園市,桃園區,桃園市桃園區仁愛路87巷1號4樓之3,03-3700102,sfaa
x:桃園市:芯明心理治療所,芯明心理治療所,療育-醫療單位,桃園市,中壢區,桃園市中壢區青峰路一段53.55號8樓,0907-010107,sfaa
1532021365,華揚醫院(時段),療育-醫療單位,桃園市,中壢區,桃園市中壢區中北路二段316號,03-4577200轉0605,sfaa
3532018486,藝安復健科診所,療育-醫療單位,桃園市,桃園區,桃園市桃園區莊敬路二段49號,03-3170355,sfaa
3532018413,藝文康澤復健科診所,療育-醫療單位,桃園市,桃園區,桃園市桃園區大興西路2段16號1樓至4樓,03-2727933,sfaa
0132010023,衛生福利部桃園療養院(時段),療育-醫療單位,桃園市,桃園區,桃園市桃園區龍壽街71號,03-3698553,sfaa
x:桃園市:衛生福利部桃園醫院新屋分院時段,衛生福利部桃園醫院新屋分院(時段),療育-醫療單位,桃園市,新屋區,桃園市新屋區新福二路6號,03-4971989轉5161,sfaa
x:桃園市:衛生福利部樂生療養院迴龍院區時段,衛生福利部樂生療養院(迴龍院區)(時段),療育-醫療單位,桃園市,龜山區,桃園市龜山區萬壽路1段50巷2號,02-82006600轉2240,sfaa
x:桃園市:言之有樂語言治療所,言之有樂語言治療所,療育-醫療單位,桃園市,龜山區,桃園市龜山區文二三街6號1樓,03-3278637,sfaa
x:桃園市:言心語言治療所114.09.10核可,言心語言治療所 (114.09.10核可),療育-醫療單位,桃園市,中壢區,桃園市中壢區環中東路842-1號3樓,0910937231,sfaa
x:桃園市:語研語言治療所,語研語言治療所,療育-醫療單位,桃園市,桃園區,桃園市桃園區崇法街16號1樓,0963-585763,sfaa
x:桃園市:賴明偉復健診所時段,賴明偉復健診所(時段),療育-醫療單位,桃園市,桃園區,桃園市桃園區縣府路90號,03-3352066,sfaa
x:桃園市:邱芯禹物理治療所,邱芯禹物理治療所,療育-醫療單位,桃園市,中壢區,桃園市中壢區龍昌路8號,0926-654662,sfaa
x:桃園市:采靈心理諮商所,采靈心理諮商所,療育-醫療單位,桃園市,楊梅區,桃園市楊梅區楊新北路162號,03-4855730#11,sfaa
x:桃園市:野薑花心理諮商所,野薑花心理諮商所,療育-醫療單位,桃園市,桃園區,桃園市桃園區大有里大有路508號2樓,03-3559779,sfaa
x:桃園市:長安診所,長安診所,療育-醫療單位,桃園市,蘆竹區,桃園市蘆竹區海山路14號1樓,03-32460003,sfaa
1532021374,長慎醫院(時段),療育-醫療單位,桃園市,中壢區,桃園市中壢區中山東路二段525號,03-4569779,sfaa
x:桃園市:關鍵語言時段,關鍵語言(時段),療育-醫療單位,桃園市,中壢區,桃園市中壢區台貿二街92號,03-43643290958-021211,sfaa
3532015636,陽明復健專科診所(時段),療育-醫療單位,桃園市,桃園區,桃園市桃園區金門二街296號,03-3777891,sfaa
x:桃園市:陽明物理治療所時段,陽明物理治療所(時段),療育-醫療單位,桃園市,桃園區,桃園市桃園區永順街99巷1號1樓,03-2151430,sfaa
x:桃園市:青埔居家物理治療所,青埔居家物理治療所,療育-醫療單位,桃園市,平鎮,桃園市平鎮區延平路二段21巷23弄22號1樓,FB粉專或加line私訊預約,sfaa
x:桃園市:青埔居家職能治療所,青埔居家職能治療所,療育-醫療單位,桃園市,中壢區,桃園市中壢區自忠街 95 號 3 樓,FB 粉專 私訊預約、0938-945369,sfaa
x:桃園市:青埔語言治療所,青埔語言治療所,療育-醫療單位,桃園市,中壢區,桃園市中壢區青峰路 1 段 41 號 12 樓,FB 粉專 私訊預約,sfaa
3531018311,順心診所,療育-醫療單位,桃園市,中壢區,桃園市中壢區環北路361號,03-4519958,sfaa
x:桃園市:順流心理治療所114.08.29核可,順流心理治療所 (114.08.29核可),療育-醫療單位,桃園市,中壢區,桃園市中壢區民權路四段438號2樓,0958263340,sfaa
x:桃園市:順流物理治療所114.09.01核可,順流物理治療所 (114.09.01核可),療育-醫療單位,桃園市,中壢區,桃園市中壢區民權路四段438號2樓,0983230340,sfaa
x:桃園市:順流職能治療所114.09.17核可,順流職能治療所 (114.09.17核可),療育-醫療單位,桃園市,中壢區,桃園市中壢區民權路四段438號2樓,0921428436,sfaa
x:桃園市:順流語言治療所114.09.17核可,順流語言治療所 (114.09.17核可),療育-醫療單位,桃園市,中壢區,桃園市中壢區民權路四段438號2樓,0976828909,sfaa
3532072775,龜山康澤復健科診所,療育-醫療單位,桃園市,龜山區,桃園市龜山區萬壽路二段1075.1077號,03-2717161,sfaa
x:澎湖縣:林淑惠職能治療所,林淑惠職能治療所,療育-醫療單位,澎湖縣,馬公市,澎湖縣馬公市澎水新村1號,06-9268001,sfaa
x:澎湖縣:正承復健科診所,正承復健科診所,療育-醫療單位,澎湖縣,馬公市,澎湖縣馬公市東文里文學路293號,06-9210308,sfaa
x:澎湖縣:雲起居家職能治療所,雲起居家職能治療所,療育-醫療單位,澎湖縣,馬公市,澎湖縣馬公市菜園里49-3號,0958949977,sfaa
x:臺中市:㪫思物理治療所時段,㪫思物理治療所(時段),療育-醫療單位,臺中市,東區,臺中市東區建成路336巷55號2至3樓,0934-215357,sfaa
x:臺中市:一粒麥子語言治療所時段,一粒麥子語言治療所(時段),療育-醫療單位,臺中市,南屯區,臺中市南屯區永春東路800號2樓,0919023117,sfaa
3503190497,三禾復健科診所(時段),療育-醫療單位,臺中市,太平區,臺中市太平區育賢路221號,04 -23931599,sfaa
x:臺中市:上好復健科專科診所時段,上好復健科專科診所(時段),療育-醫療單位,臺中市,大里區,臺中市大里區成功路498號,04-24966360,sfaa
x:臺中市:上恩語言治療所時段,上恩語言治療所(時段),療育-醫療單位,臺中市,西屯區,臺中市西屯區西屯區西屯路二段297-8巷12弄32號,04-27088036,sfaa
1317020519,中國醫藥大學附設醫院臺中東區分院(時段),療育-醫療單位,臺中市,東區,臺中市東區自由路3段296號5樓,04-22121058＃1505,sfaa
1317040039,中山醫學大學附設醫院中興分院(時段),療育-醫療單位,臺中市,南區,臺中市南區復興路二段11號,04-22621652#70630,sfaa
5903100199,中科好晴天身心診所(時段),療育-醫療單位,臺中市,大雅區,臺中市大雅區中清路四段15號,04-25602337,sfaa
x:臺中市:亮亮語言治療所時段,亮亮語言治療所(時段),療育-醫療單位,臺中市,南屯區,臺中市南屯區大進街30號,0966-538158,sfaa
x:臺中市:仁美物理治療所時段,仁美物理治療所(時段),療育-醫療單位,臺中市,北屯區,臺中市北屯區豐樂路28之2號,04-24229899,sfaa
x:臺中市:仁輔職能治療所時段,仁輔職能治療所(時段),療育-醫療單位,臺中市,北區,臺中市北區雙十路二段139號2樓之1,04-22330912,sfaa
x:臺中市:伴伴小兒物理治療所時段,伴伴小兒物理治療所(時段),療育-醫療單位,臺中市,北屯區,臺中市北屯區文昌三街115號1樓,0911-667717,sfaa
x:臺中市:正德醫院復健科時段,佛教正德醫院復健科(時段),療育-醫療單位,臺中市,南屯區,臺中市南屯區文心南五路100號6樓,04-37026588,sfaa
x:臺中市:佳樂水聯合醫事機構時段,佳樂水聯合醫事機構(時段),療育-醫療單位,臺中市,北屯區,臺中市北屯區瀋陽北路65巷38號,04-22993637,sfaa
x:臺中市:佳藝診所時段,佳藝診所(時段),療育-醫療單位,臺中市,豐原區,臺中市豐原區豐勢路二段388號,04-25132240,sfaa
x:臺中市:健新復健科診所時段,健新復健科診所(時段),療育-醫療單位,臺中市,豐原區,臺中市豐原區中正路440號,04-25273048,sfaa
x:臺中市:優語語言治療所時段,優語語言治療所(時段),療育-醫療單位,臺中市,潭子區,臺中市潭子區福潭路531號1樓,0979-321623,sfaa
3517083923,元亨診所(時段),療育-醫療單位,臺中市,北屯區,臺中市北屯區松竹路二段303號,04-22413959,sfaa
3503282178,元氣復健科診所(時段),療育-醫療單位,臺中市,南屯區,臺中市南屯區東興路二段268號,04-24710129,sfaa
3503250318,元盛診所(時段),療育-醫療單位,臺中市,南區,臺中市南區復興路一段295號,04-22636165,sfaa
x:臺中市:兒立物理治療所時段,兒立物理治療所(時段),療育-醫療單位,臺中市,北屯區,臺中市北屯區信平路106號,0933506186,sfaa
x:臺中市:全民醫院時段,全民醫院(時段),療育-醫療單位,臺中市,北屯區,臺中市北屯區中清路二段516號,04-22916666,sfaa
x:臺中市:冠聲語言治療所時段,冠聲語言治療所(時段),療育-醫療單位,臺中市,大雅區,臺中市大雅區中清東路258號1樓,04-25650728,sfaa
x:臺中市:冠達復健科診所時段,冠達復健科診所(時段),療育-醫療單位,臺中市,北屯區,臺中市北屯區昌平路一段152號,04-22322542,sfaa
x:臺中市:凱旋復健科診所時段,凱旋復健科診所(時段),療育-醫療單位,臺中市,北屯區,臺中市北屯區北屯路149號、151號,04-22331093,sfaa
x:臺中市:勵心心理諮商所時段,勵心心理諮商所(時段),療育-醫療單位,臺中市,南區,臺中市南區德祥街15巷16號,04-22654133,sfaa
3503291515,北屯好晴天身心診所(時段),療育-醫療單位,臺中市,北屯區,臺中市北屯區北屯路178之1號1至4樓,04-22330057,sfaa
x:臺中市:卓立復健科診所時段,卓立復健科診所(時段),療育-醫療單位,臺中市,大里區,臺中市大里區大新街34-2號1-2樓,04-24060607,sfaa
x:臺中市:可欣復健科診所時段,可欣復健科診所(時段),療育-醫療單位,臺中市,北屯區,臺中市北屯區東山路一段250之2號,04-24367026,sfaa
x:臺中市:同成復健科診所時段,同成復健科診所(時段),療育-醫療單位,臺中市,南屯區,臺中市南屯區河南路四段358號,04-23152006,sfaa
3503282052,向新復健科診所(時段),療育-醫療單位,臺中市,南屯區,臺中市南屯區南屯路二段406號,04-24733662,sfaa
x:臺中市:向日葵復健科診所時段,向日葵復健科診所(時段),療育-醫療單位,臺中市,西區,臺中市西區民權路153號1樓,04-22271717,sfaa
x:臺中市:向陽心理治療所時段,向陽心理治療所(時段),療育-醫療單位,臺中市,西屯區,臺中市西屯區大墩19街151號,04-23275033,sfaa
x:臺中市:和信診所時段,和信診所(時段),療育-醫療單位,臺中市,大里區,臺中市大里區德芳路1段63號3樓,04-24830848,sfaa
x:臺中市:國安復健科診所時段,國安復健科診所(時段),療育-醫療單位,臺中市,西屯區,臺中市西屯區西屯路三段166-25號之5,04-24613003,sfaa
x:臺中市:大剛語言治療所時段,大剛語言治療所(時段),療育-醫療單位,臺中市,沙鹿區,臺中市沙鹿區北勢東路750號2樓,04-26325958,sfaa
x:臺中市:大心物理治療所時段,大心物理治療所(時段),療育-醫療單位,臺中市,大里區,臺中市大里區新仁路1段1-1巷55號,04-22776262,sfaa
x:臺中市:大愛復健科診所時段,大愛復健科診所(時段),療育-醫療單位,臺中市,北屯區,臺中市北屯區北平路三段115、117號1樓,04-22363308,sfaa
x:臺中市:大甲光田綜合醫院時段,大甲光田綜合醫院(時段),療育-醫療單位,臺中市,大甲區,臺中市大甲區經國路321號,04-26885599#5388,sfaa
x:臺中市:大稚聯合醫事機構時段,大稚聯合醫事機構(時段),療育-醫療單位,臺中市,梧棲區,臺中市梧棲區大智路一段525號3樓,0925-579005,sfaa
x:臺中市:大耘物理治療所時段,大耘物理治療所(時段),療育-醫療單位,臺中市,沙鹿區,臺中市沙鹿區北勢東路750號1樓,04-26325958,sfaa
x:臺中市:大谷診所時段,大谷診所(時段),療育-醫療單位,臺中市,西屯區,臺中市西屯區西安里福吉街39號,(04)24520839,sfaa
3503260878,天行健診所(時段),療育-醫療單位,臺中市,北區,臺中市北區健行路321號,04-22352112,sfaa
x:臺中市:好康復健科診所時段,好康復健科診所(時段),療育-醫療單位,臺中市,北屯區,臺中市北屯區中清路二段901號,04-24261995,sfaa
x:臺中市:好時光心理治療所時段,好時光心理治療所(時段),療育-醫療單位,臺中市,大里區,臺中市大里區國光路二段337號,04-24071149,sfaa
x:臺中市:好晴天身心診所時段,好晴天身心診所(時段),療育-醫療單位,臺中市,潭子區,臺中市潭子區中山路二段374號,04-25339907,sfaa
5903191083,如毅診所(時段),療育-醫療單位,臺中市,豐原區,臺中市豐原區中興路112號,04 -25263806,sfaa
x:臺中市:如沐語言治療所時段,如沐語言治療所(時段),療育-醫療單位,臺中市,西屯區,臺中市西屯區安和三街111號1樓,04-23590762,sfaa
x:臺中市:如穎心理成長中心心理治療所時段,如穎心理成長中心心理治療所(時段),療育-醫療單位,臺中市,中區,臺中市中區柳川東路三段5號5樓之1,04-22282220,sfaa
x:臺中市:學府復健科診所時段,學府復健科診所(時段),療育-醫療單位,臺中市,大雅區,臺中市大雅區學府路235號,04-25669698,sfaa
x:臺中市:安得心理諮商所時段,安得心理諮商所(時段),療育-醫療單位,臺中市,烏日區,臺中市烏日區烏日里民族街16號,0918-859057,sfaa
x:臺中市:宏懿復健科診所時段,宏懿復健科診所(時段),療育-醫療單位,臺中市,北屯區,臺中市北屯區昌平路一段105號 5、6樓,04-22475598,sfaa
5903150199,宗益身心醫學診所(時段),療育-醫療單位,臺中市,烏日區,臺中市烏日區公園路75號,04-23380503,sfaa
3503291293,宜群診所(時段),療育-醫療單位,臺中市,北屯區,臺中市北屯區陳平路185號,04-22991611,sfaa
x:臺中市:家康診所時段,家康診所(時段),療育-醫療單位,臺中市,南屯區,臺中市南屯區文心南六路297號1樓,04-24710818,sfaa
x:臺中市:寶貝心理諮商所時段,寶貝心理諮商所(時段),療育-醫療單位,臺中市,梧棲區,臺中市梧棲區民和路一段200號2樓,0920-021726,sfaa
5905130042,寶貝語言治療所(時段),療育-醫療單位,臺中市,沙鹿區,臺中市沙鹿區中山路378巷8號,04-26625085,sfaa
x:臺中市:專心職能治療所時段,專心職能治療所(時段),療育-醫療單位,臺中市,豐原區,臺中市豐原區綠山二街158號1樓,04-25288714,sfaa
x:臺中市:小燈泡物理治療所時段,小燈泡物理治療所(時段),療育-醫療單位,臺中市,太平區,臺中市太平區太順路571號,0925-739889,sfaa
x:臺中市:尚群診所時段,尚群診所(時段),療育-醫療單位,臺中市,潭子區,臺中市潭子區中山路二段384－6號,04 -25340838,sfaa
3503291131,崇心復健科診所(時段),療育-醫療單位,臺中市,北屯區,臺中市北屯區天津路三段111號1樓,04-22370111,sfaa
3503291211,康悅復健科診所(時段),療育-醫療單位,臺中市,北屯區,臺中市北屯區松竹五路一段115號,04-24351088,sfaa
x:臺中市:康明診所時段,康明診所(時段),療育-醫療單位,臺中市,北區,臺中市北區五權路232號5樓,04-22027000,sfaa
x:臺中市:康瑞診所時段,康瑞診所(時段),療育-醫療單位,臺中市,北屯區,臺中市北屯區興安路1段280號2、3樓,04-22433119,sfaa
3503241515,廖慈凰身心診所(時段),療育-醫療單位,臺中市,西區,臺中市西區博館路115號2樓,04-23255018,sfaa
x:臺中市:建安復健科診所時段,建安復健科診所(時段),療育-醫療單位,臺中市,西屯區,臺中市西屯區永福路66-68號,04-24620680,sfaa
x:臺中市:引光築詩心理治療所時段,引光築詩心理治療所(時段),療育-醫療單位,臺中市,西區,臺中市西區忠明南路499號11樓,0922-182041,sfaa
x:臺中市:復得適物理治療所時段,復得適物理治療所(時段),療育-醫療單位,臺中市,沙鹿區,臺中市沙鹿區三鹿里保安路32號,0986-391237,sfaa
x:臺中市:微光聯合醫事機構時段,微光聯合醫事機構(時段),療育-醫療單位,臺中市,大里區,臺中市大里區永隆五街3號,04-24065022,sfaa
x:臺中市:微笑北區心理治療所時段,微笑北區心理治療所(時段),療育-醫療單位,臺中市,北區,臺中市北區邱厝里健行路375之11號12樓,0908-039154,sfaa
x:臺中市:微笑心理治療所時段,微笑心理治療所(時段),療育-醫療單位,臺中市,潭子區,臺中市潭子區興華一路351號,04-25345270,sfaa
x:臺中市:德愛物理治療所時段,德愛物理治療所(時段),療育-醫療單位,臺中市,北屯區,臺中市北屯區經貿一路108巷2號1樓,04-22992575、0919005552,sfaa
x:臺中市:心喜心理治療所時段,心喜心理治療所(時段),療育-醫療單位,臺中市,太平區,臺中市太平區市民大道一段251號,0987-227567,sfaa
x:臺中市:心嶼心理治療所時段,心嶼心理治療所(時段),療育-醫療單位,臺中市,北屯區,臺中市北屯區軍福十三路327號,0903-645359,sfaa
x:臺中市:心煦心理治療所時段,心煦心理治療所(時段),療育-醫療單位,臺中市,西屯區,臺中市西屯區福雅路128巷58號,0970-002995,sfaa
x:臺中市:心球說心理治療所時段,心球說心理治療所(時段),療育-醫療單位,臺中市,北屯區,臺中市北屯區太原路三段1198號2樓,0966818962,sfaa
x:臺中市:心球說語言治療所時段,心球說語言治療所(時段),療育-醫療單位,臺中市,北屯區,臺中市北屯區太原路三段1198號1樓,0917068439,sfaa
x:臺中市:心語語言治療所時段,心語語言治療所(時段),療育-醫療單位,臺中市,大里區,臺中市大里區塗城路148之1號,04-24960366,sfaa
x:臺中市:心風景心理治療所時段,心風景心理治療所(時段),療育-醫療單位,臺中市,西屯區,臺中市西屯區弘孝路207號,04-24520809,sfaa
x:臺中市:快樂城堡職能治療所時段,快樂城堡職能治療所(時段),療育-醫療單位,臺中市,南區,臺中市南區復興路一段398號1-3樓,04-22606508,sfaa
x:臺中市:思果語語言治療所時段,思果語語言治療所(時段),療育-醫療單位,臺中市,大里區,臺中市大里區內新里新南路69號,0972-372026,sfaa
3503260921,恆新復健科診所(時段),療育-醫療單位,臺中市,北區,臺中市北區忠明路432號B1,04-22018686,sfaa
x:臺中市:悦樂語言治療所時段,悦樂語言治療所(時段),療育-醫療單位,臺中市,南區,臺中市南區復興路三段367號1、2樓,04-23728464,sfaa
x:臺中市:惠好復健科診所時段,惠好復健科診所(時段),療育-醫療單位,臺中市,北區,臺中市北區中清路一段450號,04-22081328,sfaa
1503010045,惠盛醫院(時段),療育-醫療單位,臺中市,豐原區,臺中市豐原區中正路268號,04-25229100 物理：分機250、職能：分機350、語言：分機353,sfaa
3503250309,愛力能復健科診所(時段),療育-醫療單位,臺中市,南區,臺中市南區福田路77巷2號,04-22635700,sfaa
x:臺中市:愛庭職能治療所時段,愛庭職能治療所(時段),療育-醫療單位,臺中市,沙鹿區,臺中市沙鹿區北勢東路750號3樓,04-26325958,sfaa
x:臺中市:愛鄰復健科診所時段,愛鄰復健科診所(時段),療育-醫療單位,臺中市,南區,臺中市南區國光路1160號,04-22851717,sfaa
x:臺中市:慈濟醫院臺中分院時段,慈濟醫院臺中分院(時段),療育-醫療單位,臺中市,潭子區,臺中市潭子區豐興路一段66號,04-36060666分機4136,sfaa
x:臺中市:拾月拾日審計心理治療所時段,拾月拾日審計心理治療所(時段),療育-醫療單位,臺中市,西區,臺中市西區昇平里昇平街35號2樓,0919-591010,sfaa
x:臺中市:拾月拾日心理治療所時段,拾月拾日心理治療所(時段),療育-醫療單位,臺中市,北區,臺中市北區文武街6號,0919-591010,sfaa
x:臺中市:拾月拾日豐原心理治療所時段,拾月拾日豐原心理治療所(時段),療育-醫療單位,臺中市,豐原區,臺中市豐原區葫蘆墩三街199號,0919-591010,sfaa
x:臺中市:擁恆心理諮商所時段,擁恆心理諮商所(時段),療育-醫療單位,臺中市,大甲區,臺中市大甲區水源路215號1、2 樓,0936-185235,sfaa
x:臺中市:擺渡拾光心理諮商所時段,擺渡拾光心理諮商所(時段),療育-醫療單位,臺中市,南屯區,臺中市南屯區河南路四段426號1至2樓,04-22519008,sfaa
x:臺中市:文心好晴天身心診所時段,文心好晴天身心診所(時段),療育-醫療單位,臺中市,南屯區,臺中市南屯區文心南路30號,04-24735925,sfaa
x:臺中市:日希心理成長中心心理治療所時段,日希心理成長中心心理治療所(時段),療育-醫療單位,臺中市,北屯區,臺中市北屯區天津路四段294號,04-22334789,sfaa
1536060037,明德醫院(時段),療育-醫療單位,臺中市,梧棲區,臺中市梧棲區仁美街33巷50號,04-26579595分機211,sfaa
x:臺中市:昕晴空間心理諮商所時段,昕晴空間心理諮商所(時段),療育-醫療單位,臺中市,沙鹿區,臺中市沙鹿區竹林里光華路499號,04-26628880,sfaa
x:臺中市:星橋物理治療所時段,星橋物理治療所(時段),療育-醫療單位,臺中市,烏日區,臺中市烏日區三榮十八路39號2樓,0919-033101,sfaa
x:臺中市:星願森林職能治療所時段,星願森林職能治療所(時段),療育-醫療單位,臺中市,太平區,臺中市太平區新高里立文街3號,(04)23928813,sfaa
x:臺中市:星願樹職能治療所時段,星願樹職能治療所(時段),療育-醫療單位,臺中市,太平區,臺中市太平區育才路436號,04-23938596,sfaa
x:臺中市:星願樹語言治療所時段,星願樹語言治療所(時段),療育-醫療單位,臺中市,太平區,臺中市太平區育才路436號,04-23910907,sfaa
x:臺中市:月禾汐語心理諮商所時段,月禾汐語心理諮商所(時段),療育-醫療單位,臺中市,梧棲區,臺中市梧棲區文雅街23號,04-26567749,sfaa
x:臺中市:朝陽診所時段,朝陽診所(時段),療育-醫療單位,臺中市,大里區,臺中市大里區成功路543號1.2樓,04-24965000,sfaa
x:臺中市:松群診所時段,松群診所(時段),療育-醫療單位,臺中市,烏日區,臺中市烏日區公園路 88號,04-23386690,sfaa
x:臺中市:林煥洲復健科診所時段,林煥洲復健科診所(時段),療育-醫療單位,臺中市,西屯區,臺中市西屯區弘孝路229號,04-24518486,sfaa
x:臺中市:果多心理治療所時段,果多心理治療所(時段),療育-醫療單位,臺中市,北區,臺中市北區太原路二段255號,04-23356778,sfaa
x:臺中市:核甜語言治療所時段,核甜語言治療所(時段),療育-醫療單位,臺中市,西區,臺中市西區民生路523號,0928-153389,sfaa
x:臺中市:榛果耳鼻喉科診所時段,榛果耳鼻喉科診所(時段),療育-醫療單位,臺中市,西屯區,臺中市西屯區東興路三段３７９號１、２樓,04-23104668,sfaa
x:臺中市:正好復健科診所時段,正好復健科診所(時段),療育-醫療單位,臺中市,北屯區,臺中市北屯區崇德路二段139號1樓、2樓,04-22470568,sfaa
x:臺中市:永春復健科診所時段,永春復健科診所(時段),療育-醫療單位,臺中市,南屯區,臺中市南屯區干城街285號,04-22540059,sfaa
x:臺中市:沐恩語言治療所時段,沐恩語言治療所(時段),療育-醫療單位,臺中市,西屯區,臺中市西屯區福順路255巷18號,0909-709988,sfaa
x:臺中市:沛語職能治療所時段,沛語職能治療所(時段),療育-醫療單位,臺中市,北屯區,臺中市北屯區瀋陽路三段293號,04-22430848,sfaa
x:臺中市:沛語語言治療所時段,沛語語言治療所(時段),療育-醫療單位,臺中市,北屯區,臺中市北屯區瀋陽路三段293號1樓,04-22430868,sfaa
x:臺中市:洪大為復健科診所時段,洪大為復健科診所(時段),療育-醫療單位,臺中市,潭子區,臺中市潭子區豐興路三段13號,04-25352886,sfaa
x:臺中市:清水李復健科診所時段,清水李復健科診所(時段),療育-醫療單位,臺中市,清水區,臺中市清水區北寧街82號,04-26225988,sfaa
1536100081,清泉醫院(時段),療育-醫療單位,臺中市,大雅區,臺中市大雅區雅潭路四段80號,04-25605600#2413,sfaa
1503270014,澄清復健醫院(時段),療育-醫療單位,臺中市,西屯區,臺中市西屯區敬德街8-1號,04-22393855分機81137,sfaa
x:臺中市:澄清綜合醫院中港分院兒童發展中心時段,澄清綜合醫院中港分院兒童發展中心(時段),療育-醫療單位,臺中市,西屯區,臺中市西屯區敬德街8號,04-24614546分機6,sfaa
x:臺中市:澄清醫院中港分院兒童發展中心時段,澄清醫院中港分院兒童發展中心(時段),療育-醫療單位,臺中市,西屯區,臺中市西屯區敬德街8號,04-24614546分機6,sfaa
x:臺中市:澄田心理治療所時段,澄田心理治療所(時段),療育-醫療單位,臺中市,西屯區,臺中市西屯區文心路三段101號,04-23178962,sfaa
x:臺中市:無限職能治療所時段,無限職能治療所(時段),療育-醫療單位,臺中市,南區,臺中市南區國光里瑞豐街23號,04-22852009,sfaa
x:臺中市:相癒心理諮商所時段,相癒心理諮商所(時段),療育-醫療單位,臺中市,北區,臺中市北區太原八街110號,04-22992811,sfaa
x:臺中市:真語言治療所時段,真語言治療所(時段),療育-醫療單位,臺中市,大甲區,臺中市大甲區薰風里中山中山路一段887號1樓,0963147525,sfaa
x:臺中市:知高復健科診所時段,知高復健科診所(時段),療育-醫療單位,臺中市,南屯區,臺中市南屯區忠勇路70-5號,04-23807768,sfaa
x:臺中市:示緹語言治療所時段,示緹語言治療所(時段),療育-醫療單位,臺中市,北屯區,臺中市北屯區豐樂路32-13號 1樓,04-24227687,sfaa
x:臺中市:種子聯合醫事機構時段,種子聯合醫事機構(時段),療育-醫療單位,臺中市,沙鹿區,臺中市沙鹿區鹿寮里中山路494-3號,04-26655580,sfaa
x:臺中市:童心聯合醫事機構時段,童心聯合醫事機構(時段),療育-醫療單位,臺中市,北區,臺中市北區三民路3段313號5樓之2,04-22333727,sfaa
x:臺中市:童言樂語聯合醫事機構時段,童言樂語聯合醫事機構(時段),療育-醫療單位,臺中市,南區,臺中市南區德祥街67巷27號,0963-513128,sfaa
x:臺中市:精武復健科診所時段,精武復健科診所(時段),療育-醫療單位,臺中市,東區,臺中市東區精武東路13號,04-22155511,sfaa
x:臺中市:精英聯合醫事機構時段,精英聯合醫事機構(時段),療育-醫療單位,臺中市,東區,臺中市東區精武東路13號,04-22155112,sfaa
x:臺中市:綠樹職能治療所時段,綠樹職能治療所(時段),療育-醫療單位,臺中市,清水區,臺中市清水區星海三街80號,04-26230351,sfaa
x:臺中市:維弘復健科診所時段,維弘復健科診所(時段),療育-醫療單位,臺中市,大雅區,臺中市大雅區民興路63號,04-25681919,sfaa
x:臺中市:織心心理治療所時段,織心心理治療所(時段),療育-醫療單位,臺中市,太平區,臺中市太平區樹孝路39號,0988-879636,sfaa
x:臺中市:自在心理治療所時段,自在心理治療所(時段),療育-醫療單位,臺中市,沙鹿區,臺中市沙鹿區北勢東路748號1樓,0922-800361,sfaa
x:臺中市:自立物理治療所時段,自立物理治療所(時段),療育-醫療單位,臺中市,大里區,臺中市大里區自立路21號1樓,0972-743039,sfaa
3517072671,臺中市愛心家園附設醫務室(時段),療育-醫療單位,臺中市,南屯區,臺中市南屯區東興路一段450號,04-24713535＃1155,sfaa
1503260018,臺安醫院雙十分院(時段),療育-醫療單位,臺中市,北區,臺中市北區雙十路2段29號,04-22254797,sfaa
1517020040,臺新醫院(時段),療育-醫療單位,臺中市,東區,臺中市東區振興路441號,04-22139966＃266,sfaa
x:臺中市:芙樂奇心理成長心理諮商所時段,芙樂奇心理成長心理諮商所(時段),療育-醫療單位,臺中市,北屯區,臺中市北屯區大連路二段213號,04-24723216,sfaa
x:臺中市:華馨復健科診所時段,華馨復健科診所(時段),療育-醫療單位,臺中市,南屯區,臺中市南屯區南屯路二段637號,04-23818718,sfaa
x:臺中市:葳語語言治療所時段,葳語語言治療所(時段),療育-醫療單位,臺中市,北屯區,臺中市北屯區松竹五路二段59號1樓,04-24360152,sfaa
x:臺中市:蛹之生心理諮商所時段,蛹之生心理諮商所(時段),療育-醫療單位,臺中市,南屯區,臺中市南屯區文心路一段46-1號,04-23896061,sfaa
x:臺中市:託奇大業語言治療所時段,託奇大業語言治療所(時段),療育-醫療單位,臺中市,南屯區,臺中市南屯區大業路573號,0983-600958,sfaa
x:臺中市:託奇語言治療所時段,託奇語言治療所(時段),療育-醫療單位,臺中市,南屯區,臺中市南屯區河南路4段422號,0966088335,sfaa
x:臺中市:語其聆語言治療所時段,語其聆語言治療所(時段),療育-醫療單位,臺中市,清水區,臺中市清水區中清路九段300號,0987-963424,sfaa
x:臺中市:語曜語言治療所時段,語曜語言治療所(時段),療育-醫療單位,臺中市,北屯區,臺中市北屯區北屯路428號之1,04-22476627,sfaa
x:臺中市:語沛語言治療所時段,語沛語言治療所(時段),療育-醫療單位,臺中市,豐原區,臺中市豐原區北陽里綠山二街158號2樓,04-25155180,sfaa
x:臺中市:亞洲大學時段,財團法人亞洲大學(時段),療育-醫療單位,臺中市,霧峰區,臺中市霧峰區臺中市霧峰區柳豐路500號,04-23323456#20105,sfaa
1536190076,賢德醫院(時段),療育-醫療單位,臺中市,太平區,臺中市太平區宜昌路420號,04-22732551分機600,sfaa
x:臺中市:趣玩語言治療所時段,趣玩語言治療所(時段),療育-醫療單位,臺中市,東勢區,臺中市東勢區中山路28號3樓,04-36111686,sfaa
3503271497,逢康復健科診所(時段),療育-醫療單位,臺中市,西屯區,臺中市西屯區逢甲路 212號,04-27071221,sfaa
3503260887,達新復健科診所(時段),療育-醫療單位,臺中市,北區,臺中市北區中清路一段836號,04-24350583,sfaa
1536200022,達明眼科醫院(時段),療育-醫療單位,臺中市,大里區,臺中市大里區中興路二段490號,04-24851437#505,sfaa
x:臺中市:長沅復健科診所時段,長沅復健科診所(時段),療育-醫療單位,臺中市,西屯區,臺中市西屯區漢口路一段11號,04-23172678,sfaa
3503190246,陳彥鈞復健科診所(時段),療育-醫療單位,臺中市,太平區,臺中市太平區中興路2號,04-22799966,sfaa
x:臺中市:陳文濱物理治療所時段,陳文濱物理治療所(時段),療育-醫療單位,臺中市,西屯區,臺中市西屯區國安一路231巷17號1樓,04-24615887,sfaa
x:臺中市:陽明復健科診所時段,陽明復健科診所(時段),療育-醫療單位,臺中市,南區,臺中市南區國光路62號,04-22276768,sfaa
1503200012,霧峰澄清醫院(時段),療育-醫療單位,臺中市,大里區,臺中市大里區成功路55號,04-24922000,sfaa
x:臺中市:靜馨心理治療所時段,靜馨心理治療所(時段),療育-醫療單位,臺中市,南屯區,臺中市南屯區黎明路一段1144號1-2樓,0908-620620,sfaa
x:臺中市:韓老師語言治療所時段,韓老師語言治療所(時段),療育-醫療單位,臺中市,北區,臺中市北區興進路207號1.2樓,04-22339412,sfaa
x:臺中市:飛鵲兒物理治療所時段,飛鵲兒物理治療所(時段),療育-醫療單位,臺中市,南屯區,臺中市南屯區嶺東南路151之1號1樓,0932-250630,sfaa
x:臺中市:馥康復健科診所時段,馥康復健科診所(時段),療育-醫療單位,臺中市,太平區,臺中市太平區樹孝路267號,04-23933756,sfaa
x:臺中市:高明復健科診所時段,高明復健科診所(時段),療育-醫療單位,臺中市,南屯區,臺中市南屯區大業路228號,04-23280608,sfaa
x:臺中市:麥子心理治療所時段,麥子心理治療所(時段),療育-醫療單位,臺中市,南屯區,臺中市南屯區河南路四段698號 1樓,04-23892232,sfaa
350110A815,中山適康復健科診所,療育-醫療單位,臺北市,中山區,臺北市中山區龍江路268號、270號2樓-1,02-2515-5150,sfaa
x:臺北市:亦口童聲語言治療所,亦口童聲語言治療所,療育-醫療單位,臺北市,中正區,臺北市中正區忠孝東路1段176號3樓之2,(02)23211010,sfaa
350102G823,仁生復健科診所,療育-醫療單位,臺北市,大安區,臺北市大安區信義路四段265巷17號2樓,0227030336,sfaa
x:臺北市:內湖語言治療所,內湖語言治療所,療育-醫療單位,臺北市,內湖區,臺北市內湖區民權東路6段266號9樓,0938508627,sfaa
x:臺北市:六安復健科診所,六安復健科診所,療育-醫療單位,臺北市,信義區,臺北市信義區吳興街467巷2弄14號,02-27296677,sfaa
x:臺北市:北極星心理治療所,北極星心理治療所,療育-醫療單位,臺北市,大同區,臺北市大同區承德路3段8巷21號1樓,(02)25980305,sfaa
3501175045,原力復健科診所,療育-醫療單位,臺北市,信義區,臺北市信義區基隆路2段145號B1-2樓,02-27327091,sfaa
3501186333,古亭復健診所,療育-醫療單位,臺北市,中正區,臺北市中正區羅斯福路3段162號1樓,23680528,sfaa
3501186744,古亭適康復健科診所,療育-醫療單位,臺北市,中正區,臺北市中正區南昌路二段200號,0223675885,sfaa
x:臺北市:可佳兒童職能治療所,可佳兒童職能治療所,療育-醫療單位,臺北市,士林區,臺北市士林區中山北路五段626號2樓,0928525397,sfaa
x:臺北市:合康復健科診所,合康復健科診所,療育-醫療單位,臺北市,文山區,臺北市文山區興隆路4段217號1-2樓,02-2936-8421,sfaa
x:臺北市:吉兒心理治療所,吉兒心理治療所,療育-醫療單位,臺北市,中正區,臺北市中正區羅斯福路2段70號9樓,23560511,sfaa
x:臺北市:啟端古亭職能治療所,啟端古亭職能治療所,療育-醫療單位,臺北市,大安區,臺北市大安區羅斯福路3段37號10樓及10樓之1,(02)2231-2687,sfaa
x:臺北市:啟端職能治療所,啟端職能治療所,療育-醫療單位,臺北市,松山區,臺北市松山區民權東路3段106巷15弄25號2樓,(02)2547-1401,sfaa
5901203204,嘉美言語語言治療所,療育-醫療單位,臺北市,文山區,臺北市文山區興隆路3段152巷16號1樓,0931218931,sfaa
x:臺北市:夢飛翔物理治療所,夢飛翔物理治療所,療育-醫療單位,臺北市,中正區,臺北市中正區羅斯福路1段94號2樓,02-23222223,sfaa
x:臺北市:大安宏兒職能治療所,大安宏兒職能治療所,療育-醫療單位,臺北市,大安區,臺北市大安區復興南路二段210巷20號1樓,29907792,sfaa
x:臺北市:大步語言治療所,大步語言治療所,療育-醫療單位,臺北市,大安區,臺北市大安區仁愛路 4 段 122 巷 63 號 6 樓 2,0978703327,sfaa
3501163607,天母力康診所,療育-醫療單位,臺北市,北投區,臺北市北投區明德路365號教學大樓3樓,28210866,sfaa
x:臺北市:天母品恆復健科診所,天母品恆復健科診所,療育-醫療單位,臺北市,士林區,臺北市士林區忠誠路1段137號,0921-221989,sfaa
x:臺北市:奈思語言治療所,奈思語言治療所,療育-醫療單位,臺北市,士林區,臺北市士林區中山北路5段685號10樓,0975703478,sfaa
x:臺北市:好好玩心理治療所,好好玩心理治療所,療育-醫療單位,臺北市,內湖區,臺北市內湖區康寧路三段16巷78號1樓,0226305631,sfaa
x:臺北市:好好玩職能治療所,好好玩職能治療所,療育-醫療單位,臺北市,內湖區,臺北市內湖區康寧路3段12號10樓-3,26333537,sfaa
x:臺北市:好好玩語言治療所,好好玩語言治療所,療育-醫療單位,臺北市,內湖區,臺北市內湖區康寧路3段16巷78號1樓,02-2630-5631,sfaa
3501029619,宇寧身心診所,療育-醫療單位,臺北市,大安區,臺北市大安區復興南路2段6號3樓,02-27080706,sfaa
RY01020172,安安優腦仁愛職能治療所,療育-醫療單位,臺北市,大安區,臺北市大安區仁愛路4段137號3樓,(02)6604-0620,sfaa
RY01180048,安安優腦古亭職能治療所,療育-醫療單位,臺北市,中正區,臺北市中正區福州街10號4樓,23911122,sfaa
RY01160046,安安優腦職能治療所,療育-醫療單位,臺北市,北投區,臺北市北投區磺港路8號7樓,28912323,sfaa
1101020036,宏恩醫療財團法人宏恩綜合醫院(時段),療育-醫療單位,臺北市,大安區,臺北市大安區仁愛路4段61 號,02-27713161 轉 835,sfaa
350110B465,定成復健科診所,療育-醫療單位,臺北市,中山區,臺北市中山區中山北路2段106之2號3樓,(02)2536-8816,sfaa
x:臺北市:家語言治療所,家語言治療所,療育-醫療單位,臺北市,北投區,臺北市北投區致遠一路2段107號,28217003,sfaa
x:臺北市:島羽語言治療所,島羽語言治療所,療育-醫療單位,臺北市,大同區,臺北市大同區承德路3段90巷3號1樓,0968096621,sfaa
x:臺北市:康健診所,康健診所,療育-醫療單位,臺北市,松山區,臺北市松山區延吉街11號2樓,02-2577-9682,sfaa
x:臺北市:彩虹樹職能治療所,彩虹樹職能治療所,療育-醫療單位,臺北市,中正區,臺北市中正區北平東路20號3樓,23910586,sfaa
5901184375,彭聆語言治療所,療育-醫療單位,臺北市,萬華區,臺北市萬華區中華路1段16號,23880648,sfaa
3501015937,得悅身心診所,療育-醫療單位,臺北市,松山區,臺北市松山區臺北市松山區南京東路四段47號2樓,022546-8086,sfaa
x:臺北市:心禾職能治療所,心禾職能治療所,療育-醫療單位,臺北市,文山區,臺北市文山區興隆路2段153巷3弄14號1樓,0933085790,sfaa
x:臺北市:恆新復健科診所,恆新復健科診所,療育-醫療單位,臺北市,內湖區,臺北市內湖區瑞光路337號7樓,02-2627-8666,sfaa
3501014878,悠適復健科診所,療育-醫療單位,臺北市,松山區,臺北市松山區光復北路11巷65、67號,02-2749-3088,sfaa
x:臺北市:愛能大直職能治療所,愛能大直職能治療所,療育-醫療單位,臺北市,中山區,臺北市中山區北安路595巷21號1樓,28509112,sfaa
x:臺北市:愛能職能治療所,愛能職能治療所,療育-醫療單位,臺北市,士林區,臺北市士林區天母北路10-1號1樓,(02)28768354,sfaa
3501185934,懷寧復健科診所,療育-醫療單位,臺北市,中正區,臺北市中正區懷寧街110號,23122632,sfaa
x:臺北市:拾月拾日心理治療所,拾月拾日心理治療所,療育-醫療單位,臺北市,內湖區,臺北市內湖區羅斯福路6段391號2樓,0919591010,sfaa
x:臺北市:文山復健科診所,文山復健科診所,療育-醫療單位,臺北市,文山區,臺北市文山區興隆路3段207之4號1樓,02-22397887,sfaa
3501094054,新旅程復健科診所,療育-醫療單位,臺北市,大同區,臺北市大同區民權西路237-9號、237之7號,02-25858286,sfaa
x:臺北市:新識康心身健康中心心理治療所,新識康心身健康中心心理治療所,療育-醫療單位,臺北市,大安區,臺北市大安區敦化南路1段192號7樓之3,02-2721-8900,sfaa
x:臺北市:日好心理治療所,日好心理治療所,療育-醫療單位,臺北市,大安區,臺北市大安區敦化南路2段59號7樓之1,0979659938,sfaa
3501163483,旭康復健科診所,療育-醫療單位,臺北市,北投區,臺北市北投區石牌路1段40號,02-28280067,sfaa
x:臺北市:星星碼頭心理治療所,星星碼頭心理治療所,療育-醫療單位,臺北市,信義區,臺北市信義區基隆路1段141號5樓之2,0981047214,sfaa
x:臺北市:星星碼頭職能治療所,星星碼頭職能治療所,療育-醫療單位,臺北市,信義區,臺北市信義區基隆路1段141號5樓之8,0981047214,sfaa
x:臺北市:星聲語言治療所,星聲語言治療所,療育-醫療單位,臺北市,大安區,臺北市大安區臺北市大安區基隆路2段190號12樓之2,028732-5630,sfaa
x:臺北市:時光心理治療所,時光心理治療所,療育-醫療單位,臺北市,信義區,臺北市信義區忠孝東路五段372巷27弄4號2樓,0965-232737,sfaa
x:臺北市:晴風心理治療所,晴風心理治療所,療育-醫療單位,臺北市,中山區,臺北市中山區大直街33巷5號1樓,85091190,sfaa
x:臺北市:朗朗語言治療所,朗朗語言治療所,療育-醫療單位,臺北市,中正區,臺北市中正區忠孝西路一段45號11號樓之4,0971887182,sfaa
x:臺北市:朵朵語言治療所,朵朵語言治療所,療育-醫療單位,臺北市,大安區,臺北市大安區和平東路1段59號3樓,0988068452,sfaa
x:臺北市:杏誠復健科診所,杏誠復健科診所,療育-醫療單位,臺北市,大安區,臺北市大安區信義路4段173號2樓,02-27061732,sfaa
x:臺北市:松原復健診所,松原復健診所,療育-醫療單位,臺北市,松山區,臺北市松山區光復北路206號1樓,02-87123552,sfaa
x:臺北市:林曉琦小兒物理治療所,林曉琦小兒物理治療所,療育-醫療單位,臺北市,北投區,臺北市北投區自強街42號1樓,28211191,sfaa
x:臺北市:森林語言治療所,森林語言治療所,療育-醫療單位,臺北市,中山區,臺北市中山區民生西路16號5樓,02-25239411,sfaa
3501194657,永康診所,療育-醫療單位,臺北市,萬華區,臺北市萬華區桂林路47號,02-23123455,sfaa
350102G412,永誠復健科診所,療育-醫療單位,臺北市,大安區,臺北市大安區復興南路2段236號2樓,02-27071608,sfaa
x:臺北市:港湖沐晨職能治療所沐沐職能語言聯合治療所,港湖沐晨職能治療所(沐沐職能語言聯合治療所),療育-醫療單位,臺北市,南港區,臺北市南港區富康街1巷16弄8號1樓,0933042402,sfaa
x:臺北市:珂斯汀物理治療所,珂斯汀物理治療所,療育-醫療單位,臺北市,中山區,臺北市中山區民生東路3段88巷8號1樓,0933321625,sfaa
x:臺北市:珂斯汀職能治療所,珂斯汀職能治療所,療育-醫療單位,臺北市,中山區,臺北市中山區松江路530號2樓,0933321625,sfaa
3501195690,瑞生診所,療育-醫療單位,臺北市,萬華區,臺北市萬華區西園路2段250號,02-23012788,sfaa
x:臺北市:用心說心理治療所,用心說心理治療所,療育-醫療單位,臺北市,士林區,臺北市士林區福國路56巷17號1樓,0970570224,sfaa
x:臺北市:用心說語言治療所,用心說語言治療所,療育-醫療單位,臺北市,士林區,臺北市士林區中山北路5段811巷23號1樓,0978367671,sfaa
x:臺北市:皮諾丘職能治療所,皮諾丘職能治療所,療育-醫療單位,臺北市,內湖區,臺北市內湖區民權東路6段249號1樓,87926239,sfaa
350110A208,睦霖復健科診所,療育-醫療單位,臺北市,中山區,臺北市中山區松江路274號2樓,25113500,sfaa
3501163643,石牌實和復健診所,療育-醫療單位,臺北市,北投區,臺北市北投區文林北路262號1樓,02-28273255,sfaa
3501161238,祐民聯合診所,療育-醫療單位,臺北市,北投區,臺北市北投區中央南路1段207號,02-28951301,sfaa
x:臺北市:祐生復健科診所,祐生復健科診所,療育-醫療單位,臺北市,內湖區,"臺北市內湖區康寧路3段54-7,54-11號",02-26341998,sfaa
x:臺北市:禾沐語言治療所沐沐職能語言聯合治療所,禾沐語言治療所(沐沐職能語言聯合治療所),療育-醫療單位,臺北市,南港區,臺北市南港區區富康街1巷16弄8號1樓,0933042402,sfaa
RY01160037,稻香職能治療所-委託臺北榮民總醫院經營管理,療育-醫療單位,臺北市,北投區,臺北市北投區稻香路81號,28956001,sfaa
x:臺北市:穀雨心理治療所,穀雨心理治療所,療育-醫療單位,臺北市,文山區,臺北市文山區萬隆街6-2號1樓,02-29325020,sfaa
x:臺北市:童樂語言治療所,童樂語言治療所,療育-醫療單位,臺北市,中山區,臺北市中山區撫順街41巷1-6號,0919371691,sfaa
x:臺北市:紫陽復健科診所,紫陽復健科診所,療育-醫療單位,臺北市,內湖區,臺北市內湖區文德路208巷8 號1樓,02-27988128,sfaa
5935071261,翎馨心理治療所,療育-醫療單位,臺北市,士林區,臺北市士林區中正路236巷32號,(02)28343136,sfaa
x:臺北市:耕隱心理治療所,耕隱心理治療所,療育-醫療單位,臺北市,士林區,臺北市士林區福中里天母北路21號1樓,0970171750,sfaa
x:臺北市:興安診所,興安診所,療育-醫療單位,臺北市,中山區,臺北市中山區民生東路3段90號,02-25032633,sfaa
RY01010050,荷普職能治療所,療育-醫療單位,臺北市,松山區,臺北市松山區敦化北路114、116號2樓,(02)2547-2315,sfaa
x:臺北市:萌語語言治療所,萌語語言治療所,療育-醫療單位,臺北市,大安區,臺北市大安區復興南路1段323號9樓,27000700,sfaa
3501203553,萬隆力康復健科診所,療育-醫療單位,臺北市,文山區,臺北市文山區羅斯福路5段127號2樓、129號2樓,02-89319799,sfaa
x:臺北市:蓓兒語言治療所,蓓兒語言治療所,療育-醫療單位,臺北市,士林區,臺北市士林區天母東路1-4號A室,02 8766568,sfaa
x:臺北市:語樂多語言治療所,語樂多語言治療所,療育-醫療單位,臺北市,中正區,臺北市中正區中華路2段75巷18號1樓,0223885873,sfaa
x:臺北市:轉轉心理治療所,轉轉心理治療所,療育-醫療單位,臺北市,松山區,臺北市松山區臺北市松山區南京東路4段50號9樓之6 (,25796965,sfaa
x:臺北市:辰光心理治療所,辰光心理治療所,療育-醫療單位,臺北市,北投區,臺北市北投區立農街2段202巷2弄1號,0919815257,sfaa
x:臺北市:連邦物理治療所,連邦物理治療所,療育-醫療單位,臺北市,松山區,臺北市松山區南京東路4段52巷11號1樓,25798170,sfaa
350102C147,達仁診所,療育-醫療單位,臺北市,大安區,臺北市大安區信義路二段208號,0223940006,sfaa
350102E481,適健復健科診所,療育-醫療單位,臺北市,大安區,臺北市大安區忠孝東路4段166號8樓,02-8771-7039,sfaa
x:臺北市:適康復健科診所,適康復健科診所,療育-醫療單位,臺北市,內湖區,臺北市內湖區文德路141、143號,(02)8797-7566,sfaa
350102F844,適群診所,療育-醫療單位,臺北市,大安區,臺北市大安區復興南路2段283號10樓,27553700,sfaa
350102I970,邁愷爾心理治療所,療育-醫療單位,臺北市,大安區,臺北市大安區敦化南路2段180號14樓之1,(02)2721-7557,sfaa
3501122133,開馨診所,療育-醫療單位,臺北市,南港區,臺北市南港區南港路2段38巷6-1號1樓,(02)2653-2987,sfaa
3501175018,順康復健科診所,療育-醫療單位,臺北市,信義區,臺北市信義區莊敬路364號1-2樓,02-23450011,sfaa
x:臺北市:領航物理治療所,領航物理治療所,療育-醫療單位,臺北市,北投區,臺北市北投區西安街二段167號3樓,02 28261698,sfaa
x:臺南市:上善心理治療所,上善心理治療所,療育-醫療單位,臺南市,北區,臺南市北區林森路三段77號2樓,06-2375555,sfaa
x:臺南市:九翌復健診所時段,九翌復健診所(時段),療育-醫療單位,臺南市,北區,臺南市北區公園南路358號,0937-807624,sfaa
1521051179,仁村醫院(時段),療育-醫療單位,臺南市,中西區,臺南市中西區西門路一段486號,06-2152607-291,sfaa
x:臺南市:仁義復健科診所時段,仁義復健科診所(時段),療育-醫療單位,臺南市,仁德區,臺南市仁德區德糖路466號,06-2496323,sfaa
x:臺南市:仕安善化物理治療所,仕安善化物理治療所,療育-醫療單位,臺南市,善化區,臺南市善化區光復路340號1樓,06-5813055,sfaa
x:臺南市:仕安永康物理治療所,仕安永康物理治療所,療育-醫療單位,臺南市,永康區,臺南市永康區永安一街51號,06-2438333,sfaa
x:臺南市:伴行心理治療所,伴行心理治療所,療育-醫療單位,臺南市,善化區,臺南市善化區文昌路42-1號,09-75124951,sfaa
x:臺南市:佑誠居家職能治療所,佑誠居家職能治療所,療育-醫療單位,臺南市,北區,臺南市北區臨安路二段249巷18號,0938826516,sfaa
x:臺南市:佑誠復健科診所時段,佑誠復健科診所(時段),療育-醫療單位,臺南市,東區,臺南市東區中華東路三段220號,06-2899373,sfaa
x:臺南市:佳樂水物理語言治療所,佳樂水物理語言治療所,療育-醫療單位,臺南市,北區,臺南市北區文賢路292巷63號,06 358 7321,sfaa
x:臺南市:佳賀物理治療所,佳賀物理治療所,療育-醫療單位,臺南市,北區,臺南市北區大興街164巷91號1樓,06-3585945,sfaa
x:臺南市:元品心理諮商所,元品心理諮商所,療育-醫療單位,臺南市,安平區,臺南市安平區安平路428號2樓,06-2229592,sfaa
3505340575,光禾醫學診所,療育-醫療單位,臺南市,中西區,臺南市中西區忠義路二段256號,06-2215215,sfaa
x:臺南市:合意物理治療所,合意物理治療所,療育-醫療單位,臺南市,東區,臺南市東區崇明路589-8號,06-2906928,sfaa
x:臺南市:同心圓語言治療所,同心圓語言治療所,療育-醫療單位,臺南市,北區,臺南市北區長榮路五段280號,06-7007898,sfaa
x:臺南市:周蓁佑復健科診所時段,周蓁佑復健科診所(時段),療育-醫療單位,臺南市,麻豆區,臺南市麻豆區信義路12之13號,06-5715811,sfaa
x:臺南市:和家安復健診所時段,和家安復健診所(時段),療育-醫療單位,臺南市,北區,臺南市北區和緯路三段285號,06-3585608,sfaa
x:臺南市:品捷語言治療所,品捷語言治療所,療育-醫療單位,臺南市,永康區,臺南市永康區國光七街53號,0966420454,sfaa
3505310808,奇賦永康復健科診所,療育-醫療單位,臺南市,永康區,臺南市永康區永大路二段700號,06-2051773,sfaa
x:臺南市:學善物理治療索,學善物理治療索,療育-醫療單位,臺南市,東區,臺南市東區凱旋路223號,06-208-0467,sfaa
x:臺南市:寬欣心理治療所時段,寬欣心理治療所(時段),療育-醫療單位,臺南市,北區,臺南市北區育德一街227號,06-2510966,sfaa
x:臺南市:小天使職能治療所,小天使職能治療所,療育-醫療單位,臺南市,北區,臺南市北區東豐路273巷2弄 7號1樓,0939-366-502,sfaa
x:臺南市:小天使職能治療所時段,小天使職能治療所(時段),療育-醫療單位,臺南市,東區,臺南市東區東豐路273巷2弄5號,0930-519746,sfaa
x:臺南市:小海獺居家職能治療所,小海獺居家職能治療所,療育-醫療單位,臺南市,東區,臺南市東區東門路三段31號3樓3C09室,0911-902-237,sfaa
x:臺南市:巧樂思職能治療所,巧樂思職能治療所,療育-醫療單位,臺南市,北區,臺南市北區北成路145號,06-2523025,sfaa
x:臺南市:康柏物理治療所,康柏物理治療所,療育-醫療單位,臺南市,北區,臺南市北區臨安路二段73號,06-2800399,sfaa
3505310611,康群復健科診所,療育-醫療單位,臺南市,永康區,臺南市永康區復國一路236號,06-3138899,sfaa
x:臺南市:復國復健診所時段,復國復健診所(時段),療育-醫療單位,臺南市,永康區,臺南市永康區永大路二段61號,06-2727471,sfaa
x:臺南市:心寬診所,心寬診所,療育-醫療單位,臺南市,安平區,臺南市安平區華平路537號,06-2973757,sfaa
x:臺南市:心寬診所永康,心寬診所永康,療育-醫療單位,臺南市,永康區,臺南市永康區中華路245號,06-3131212,sfaa
x:臺南市:心悠活診所時段,心悠活診所(時段),療育-醫療單位,臺南市,北區,臺南市北區金華路五段14號,06-2236766,sfaa
x:臺南市:心樂活診所時段,心樂活診所(時段),療育-醫療單位,臺南市,東區,臺南市東區凱旋路39號,06-2383638,sfaa
x:臺南市:心物語物理治療所,心物語物理治療所,療育-醫療單位,臺南市,永康區,臺南市永康區東橋一路396號,06-3025797,sfaa
x:臺南市:心物語語言治療所,心物語語言治療所,療育-醫療單位,臺南市,永康區,臺南市永康區東橋一路530號,06-3025663,sfaa
x:臺南市:必揚物理治療所時段,必揚物理治療所(時段),療育-醫療單位,臺南市,東區,臺南市東區慶東街98-1號,06-2087861,sfaa
3505310764,快樂心寧身心診所,療育-醫療單位,臺南市,永康區,臺南市永康區永大路二段187號,(06)273-8666,sfaa
x:臺南市:怡安復健科診所時段,怡安復健科診所(時段),療育-醫療單位,臺南市,東區,臺南市東區怡東路15號,06-2350166,sfaa
x:臺南市:怡東居家語言治療所,怡東居家語言治療所,療育-醫療單位,臺南市,新市,臺南市新市區成功街78號,06-5996319,sfaa
x:臺南市:悅晴心理諮商診所,悅晴心理諮商診所,療育-醫療單位,臺南市,安平區,臺南市安平區怡平路442巷88號2樓,06-2996735,sfaa
x:臺南市:悅言語言治療所,悅言語言治療所,療育-醫療單位,臺南市,永康區,臺南市永康區忠孝路402號,0920026203,sfaa
x:臺南市:慈恩心理治療所時段,慈恩心理治療所(時段),療育-醫療單位,臺南市,永康區,臺南市永康區中華西街21巷15號,06-3126267,sfaa
x:臺南市:敦美復健科診所,敦美復健科診所,療育-醫療單位,臺南市,北區,臺南市北區成功路308號,06-2223133/06-2588190,sfaa
x:臺南市:新智鄰職能治療所,新智鄰職能治療所,療育-醫療單位,臺南市,東區,臺南市東區崇德十九街27號,06-290-9120,sfaa
0941010019,新興醫院(時段),療育-醫療單位,臺南市,新營區,臺南市新營區中興路10號,06-6330011-100,sfaa
x:臺南市:日安治療所,日安治療所,療育-醫療單位,臺南市,南區,臺南市南區夏林路167號5樓,06-2643939,sfaa
x:臺南市:星美職能治療所,星美職能治療所,療育-醫療單位,臺南市,中西區,臺南市中西區中華西路二段656號,06-3588400,sfaa
x:臺南市:星菀職能治療所,星菀職能治療所,療育-醫療單位,臺南市,善化區,臺南市善化區目加溜灣大道503號,0987500560,sfaa
x:臺南市:星語心理治療所,星語心理治療所,療育-醫療單位,臺南市,永康區,臺南市永康區東橋一路552號,06-3025663,sfaa
x:臺南市:春暉診所,春暉診所,療育-醫療單位,臺南市,東區,臺南市東區崇學路139-2號,06 269 0555,sfaa
x:臺南市:晉安復健科診所時段,晉安復健科診所(時段),療育-醫療單位,臺南市,東區,臺南市東區崇善路670號,06-2685296,sfaa
0941310023,晉生醫療社團法人晉生慢性醫院(時段),療育-醫療單位,臺南市,永康區,臺南市永康區中山南路902巷5號,06-2330003,sfaa
x:臺南市:曙光角落心理諮商所時段,曙光角落心理諮商所(時段),療育-醫療單位,臺南市,東區,臺南市東區裕農路62號,0978-909965,sfaa
x:臺南市:李慧芳心理治療所,李慧芳心理治療所,療育-醫療單位,臺南市,東區,臺南市東區崇德17街124號,0921126862,sfaa
x:臺南市:東仁診所時段,東仁診所(時段),療育-醫療單位,臺南市,東區,臺南市東區中華東路二段305號,06-2905533,sfaa
x:臺南市:松柏復健診所時段,松柏復健診所(時段),療育-醫療單位,臺南市,中西區,臺南市中西區府連路108號,06-2134408,sfaa
x:臺南市:林淑娟語言治療所時段,林淑娟語言治療所(時段),療育-醫療單位,臺南市,永康區,臺南市永康區復華五街76號,0916-259949,sfaa
3505270121,樂行診所,療育-醫療單位,臺南市,仁德區,臺南市仁德區中正路二段1116號,06-2705633,sfaa
x:臺南市:樞君居家護理所,樞君居家護理所,療育-醫療單位,臺南市,北區,臺南市北區大興街585巷17弄3號,09-68228559,sfaa
x:臺南市:欣橋心理治療所,欣橋心理治療所,療育-醫療單位,臺南市,永康區,臺南市永康區東橋十街20號,06-3022820／0937-800681,sfaa
x:臺南市:欣橋語言治療所,欣橋語言治療所,療育-醫療單位,臺南市,永康區,臺南市永康區東橋六街85號,06-3022805／0919-800791,sfaa
x:臺南市:欣空間心理治療所,欣空間心理治療所,療育-醫療單位,臺南市,東區,臺南市東區裕和路97號,06-3318678,sfaa
3505350571,正信診所,療育-醫療單位,臺南市,北區,臺南市北區文賢路327號,06 263 8363,sfaa
x:臺南市:毅安診所,毅安診所,療育-醫療單位,臺南市,東區,臺南市東區崇善路767號,06-2685818,sfaa
1521051160,永和醫院(時段),療育-醫療單位,臺南市,中西區,臺南市中西區府前路一段310號,06-2231191-7轉845,sfaa
3505050174,泰好復健科診所,療育-醫療單位,臺南市,佳里區,臺南市佳里區進學路298號,06-7228858,sfaa
x:臺南市:深藏心理治療所,深藏心理治療所,療育-醫療單位,臺南市,東區,臺南市東區崇明路399號2樓,0963829860,sfaa
x:臺南市:漢陽復健科診所永康,漢陽復健科診所永康,療育-醫療單位,臺南市,永康區,臺南市永康區中華路643號,06-303-5808,sfaa
x:臺南市:漢陽復健科診所海安院,漢陽復健科診所海安院,療育-醫療單位,臺南市,中西區,臺南市中西區海安路二段397號,06-2268899,sfaa
x:臺南市:澤康復健診所時段,澤康復健診所(時段),療育-醫療單位,臺南市,中西區,臺南市中西區永華一街89號,06-2992112,sfaa
1541011126,營新醫院(時段),療育-醫療單位,臺南市,新營區,臺南市新營區隋唐街228號,06-6592345-171、233,sfaa
3505310577,益明復健科診所,療育-醫療單位,臺南市,永康區,臺南市永康區復國路59號,06-3123670,sfaa
5905350866,盛佑復健診所,療育-醫療單位,臺南市,北區,臺南市北區臨安路二段209號4.5樓,06-3589469,sfaa
x:臺南市:盧彥弘復健科診所時段,盧彥弘復健科診所(時段),療育-醫療單位,臺南市,新營區,臺南市新營區健康路71號,06-6591666,sfaa
x:臺南市:看見光亮心理治療所,看見光亮心理治療所,療育-醫療單位,臺南市,北區,臺南市北區海安路三段985巷27弄13號,06-3584327,sfaa
x:臺南市:看見愛心理諮商所,看見愛心理諮商所,療育-醫療單位,臺南市,安平區,臺南市安平區永華二街183號1樓,06-2977769,sfaa
x:臺南市:祥瑞診所時段,祥瑞診所(時段),療育-醫療單位,臺南市,歸仁區,臺南市歸仁區民族南街22號,06-2397358,sfaa
x:臺南市:禾心心理諮商診所,禾心心理諮商診所,療育-醫療單位,臺南市,北區,臺南市北區中華北路二段80巷65號,06-3587725,sfaa
x:臺南市:童芯物理治療所,童芯物理治療所,療育-醫療單位,臺南市,新營區,臺南市新營區新東里東興九街57號1樓,06-6327200,sfaa
x:臺南市:繪日藝術心理諮商所,繪日藝術心理諮商所,療育-醫療單位,臺南市,安南區,臺南市安南區海佃路二段822號,06-3565588,sfaa
x:臺南市:翔暘復健科診所,翔暘復健科診所,療育-醫療單位,臺南市,安平區,臺南市安平區華平路267號,06-2986009,sfaa
x:臺南市:聽見覺旅心理諮商所,聽見覺旅心理諮商所,療育-醫療單位,臺南市,安平區,臺南市安平區郡平路305號,0978 461 808,sfaa
x:臺南市:自然就好心理諮商所,自然就好心理諮商所,療育-醫療單位,臺南市,東區,臺南市東區慶東街214號1樓,06-2752858,sfaa
x:臺南市:臺南新樓醫院時段,臺南新樓醫院(時段),療育-醫療單位,臺南市,東區,臺南市東區東門路一段 57 號,06-2748316-1048或4102、4192,sfaa
0141060513,臺南醫院新化分賽,療育-醫療單位,臺南市,新化區,臺南市新化區那拔里牧場72號,06-5911929,sfaa
x:臺南市:蔡宗臻語言治療所,蔡宗臻語言治療所,療育-醫療單位,臺南市,永康區,臺南市永康區中正南路102號,06-6020428,sfaa
x:臺南市:薛澤杰復健科診所時段,薛澤杰復健科診所(時段),療育-醫療單位,臺南市,東區,臺南市東區東門路一段298號1樓,06-2386150,sfaa
x:臺南市:蘊能職能治療所時段,蘊能職能治療所(時段),療育-醫療單位,臺南市,東區,臺南市東區崇仁街66巷1號,0968-230216,sfaa
x:臺南市:蘋果樹語言治療所,蘋果樹語言治療所,療育-醫療單位,臺南市,善化區,臺南市善化區大同路120號,0919232927,sfaa
0141010013,衛生福利部新營醫院(時段),療育-醫療單位,臺南市,新營區,臺南市新營區信義街73號,06－6351131#2315,sfaa
3505320886,裕東診所,療育-醫療單位,臺南市,東區,臺南市東區裕孝路851號,06-3318108,sfaa
3531065490,誼仁診所,療育-醫療單位,臺南市,善化區,臺南市善化區中正路387號,06-5817267,sfaa
x:臺南市:這會心理諮商所,這會心理諮商所,療育-醫療單位,臺南市,關廟區,臺南市關廟區南雄路二段30號,0618-071284,sfaa
x:臺南市:鍾亞玲兒童物理治療所時段,鍾亞玲兒童物理治療所(時段),療育-醫療單位,臺南市,北區,臺南市北區公園路257號7樓之1,06-2294806,sfaa
1521040050,陳志誠耳鼻喉科醫院(時段),療育-醫療單位,臺南市,北區,臺南市北區公園路315之1號,06-2210423,sfaa
3505370242,陽光復健科診所,療育-醫療單位,臺南市,安南區,臺南市安南區海佃路一段390號,06-2802188,sfaa
x:臺南市:高雄榮民醫院臺南分院時段,高雄榮民醫院臺南分院(時段),療育-醫療單位,臺南市,永康區,臺南市永康區復興路427號,06-3125101-1940或1937,sfaa
0646010013,臺北榮民總醫院臺東分院(時段),療育-醫療單位,臺東縣,臺東市,臺東縣臺東市更生路1000號,089-222995,sfaa
1145030012,佛教慈濟醫院玉里院區(時段),療育-醫療單位,花蓮縣,玉里鎮,花蓮縣玉里鎮民權街1-1號,03-8882718轉710,sfaa
x:花蓮縣:國泰聯合診所,國泰聯合診所,療育-醫療單位,花蓮縣,花蓮市,花蓮縣花蓮市中華路459號,03-8542031分機31,sfaa
0145030020,衛生福利部玉里醫院(時段),療育-醫療單位,花蓮縣,玉里鎮,花蓮縣玉里鎮中華路448號,03-8886141,sfaa
x:苗栗縣:何智超聯合診所,何智超聯合診所,療育-醫療單位,苗栗縣,頭份市,苗栗縣頭份市中華路921號,037-595166,sfaa
x:苗栗縣:公館診所時段,公館診所(時段),療育-醫療單位,苗栗縣,公館鄉,苗栗縣公館鄉館東村安東街8號,037-228834,sfaa
x:苗栗縣:劉國政職能治療所,劉國政職能治療所,療育-醫療單位,苗栗縣,竹南鎮,苗栗縣竹南鎮環市路一段102號,0963-732858,sfaa
x:苗栗縣:宏仁診所時段,宏仁診所(時段),療育-醫療單位,苗栗縣,竹南鎮,苗栗縣竹南鎮守法街2-13號,037-241119,sfaa
x:苗栗縣:小巷子心理治療所,小巷子心理治療所,療育-醫療單位,苗栗縣,頭份市,苗栗縣頭份市長安街45之1號,037-598590,sfaa
3535051947,崇仁診所,療育-醫療單位,苗栗縣,頭份市,苗栗縣頭份市東興路110號,037-663185轉81535,sfaa
x:苗栗縣:後龍診所時段,後龍診所(時段),療育-醫療單位,苗栗縣,後龍鎮,苗栗縣後龍鎮中山路123號,037-773088轉211,sfaa
x:苗栗縣:新生醫院時段,新生醫院(時段),療育-醫療單位,苗栗縣,苗栗市,苗栗縣苗栗市新東街17號,037-320998轉120,sfaa
5931018857,福苗診所(時段),療育-醫療單位,苗栗縣,苗栗市,苗栗縣苗栗市中正路204號1樓,037-350009,sfaa
x:苗栗縣:竹南診所時段,竹南診所(時段),療育-醫療單位,苗栗縣,竹南鎮,苗栗縣竹南鎮光復路272號,037-470709 轉80938,sfaa
x:苗栗縣:聲揚聯合治療所,聲揚聯合治療所,療育-醫療單位,苗栗縣,頭份市,苗栗縣頭份市維新路26號,0910-348480,sfaa
3535051929,頭份儷馨診所,療育-醫療單位,苗栗縣,頭份市,苗栗縣頭份市中華路1033號,037-682661,sfaa
x:金門縣:小雲朵語言治療所,小雲朵語言治療所,療育-醫療單位,金門縣,金湖鎮,金門縣金湖鎮市港5路157號,0976365157,sfaa
x:金門縣:惠語語言治療所,惠語語言治療所,療育-醫療單位,金門縣,金湖鎮,金門縣金湖鎮市港路136號3樓,082-330180,sfaa
3539021614,南昌診所,療育-醫療單位,雲林縣,斗南鎮,雲林縣斗南鎮五福路56號,05-5978029,sfaa
x:雲林縣:唯一語言治療所,唯一語言治療所,療育-醫療單位,雲林縣,斗六市,雲林縣斗六市南揚街120-6號,0910-980987,sfaa
x:雲林縣:國立臺灣大學醫學院雲林分院斗六院區,國立臺灣大學醫學院雲林分院(斗六院區),療育-醫療單位,雲林縣,斗六市,雲林縣斗六市雲林路二段75號,05-5323911,sfaa
x:雲林縣:楊老師語言治療所,楊老師語言治療所,療育-醫療單位,雲林縣,斗南鎮,雲林縣斗南鎮建國一路27巷25號,05-5965022,sfaa
x:雲林縣:樂林職能治療所,樂林職能治療所,療育-醫療單位,雲林縣,斗六市,雲林縣斗六市雲林路一段128號2樓,05-5360675,sfaa
x:雲林縣:端木梁診所,端木梁診所,療育-醫療單位,雲林縣,虎尾鎮,雲林縣虎尾鎮光復路364號,05-6362588,sfaa
x:雲林縣:綠水心理諮商所,綠水心理諮商所,療育-醫療單位,雲林縣,虎尾鎮,雲林縣虎尾鎮公安里林森路一段416巷15號2樓,0958-137607,sfaa
x:雲林縣:艾寧語言治療所,艾寧語言治療所,療育-醫療單位,雲林縣,虎尾鎮,雲林縣虎尾鎮永興南二街256號1樓,0983-233793,sfaa
x:雲林縣:葉雲宇復健科診所,葉雲宇復健科診所,療育-醫療單位,雲林縣,斗六市,雲林縣斗六市大同路122號,05-5328708,sfaa
3439030031,虎尾鎮農會附設中西醫聯合門診中心,療育-醫療單位,雲林縣,虎尾鎮,雲林縣虎尾鎮新興里光復路185號,05-6337375,sfaa
1139130010,長庚醫療財團法人雲林長庚紀念醫院,療育-醫療單位,雲林縣,麥寮鄉,雲林縣麥寮鄉中興村工業路1500號,05-6915151,sfaa
x:高雄市:上琳醫院時段,上琳醫院(時段),療育-醫療單位,高雄市,前金區,高雄市前金區自強一路67號,07-2828668轉8000,sfaa
x:高雄市:佑榮復健科診所時段,佑榮復健科診所(時段),療育-醫療單位,高雄市,左營區,高雄市左營區左營大路2-60號,07-5883380,sfaa
x:高雄市:元景耳鼻喉科神經科診所時段,元景耳鼻喉科神經科診所(時段),療育-醫療單位,高雄市,楠梓區,高雄市楠梓區楠梓新路252號1-3樓、254號1樓,07-3524100,sfaa
1542020058,劉嘉修醫院(時段),療育-醫療單位,高雄市,岡山區,高雄市岡山區岡山路428號7樓,07-6221906,sfaa
x:高雄市:博勝復健科診所時段,博勝復健科診所(時段),療育-醫療單位,高雄市,鳳山區,高雄市鳳山區博愛路23號,07-7017958,sfaa
1507300077,博田國際醫院(時段),療育-醫療單位,高雄市,左營區,高雄市左營區博愛二路 100號,07-5562217,sfaa
1502041117,右昌聯合醫院(時段),療育-醫療單位,高雄市,楠梓區,高雄市楠梓區軍校路930號,07-3643388轉8201,sfaa
x:高雄市:嘉仁診所時段,嘉仁診所(時段),療育-醫療單位,高雄市,左營區,高雄市左營區翠華路609號,07-5881977,sfaa
3507350891,大益診所(時段),療育-醫療單位,高雄市,苓雅區,高雄市苓雅區同慶路60號,07-2231670,sfaa
3507301272,大道診所(時段),療育-醫療單位,高雄市,左營區,高雄市左營區自由二路215號,07-5561650,sfaa
x:高雄市:宇泰復健科診所時段,宇泰復健科診所(時段),療育-醫療單位,高雄市,三民區,高雄市三民區明福街17號,07-3438578,sfaa
3507360557,安柏鄰好中西醫聯合診所(時段),療育-醫療單位,高雄市,前鎮,高雄市前鎮區民權二路180號2樓,07-3350802,sfaa
1502110064,安泰醫院(時段),療育-醫療單位,高雄市,小港區,高雄市小港區學府路111號,07-8017856,sfaa
x:高雄市:家歡復健專科診所時段,家歡復健專科診所(時段),療育-醫療單位,高雄市,鳳山區,高雄市鳳山區中山路74號1-2樓,07-7190579,sfaa
x:高雄市:家毅復健科診所時段,家毅復健科診所(時段),療育-醫療單位,高雄市,楠梓區,高雄市楠梓區藍田路19號,07-5912768,sfaa
x:高雄市:尚佑復健科診所時段,尚佑復健科診所(時段),療育-醫療單位,高雄市,前鎮,高雄市前鎮區中華五路987號,07-5376995,sfaa
x:高雄市:巴弄居家物理治療所時段,巴弄居家物理治療所(時段),療育-醫療單位,高雄市,左營區,高雄市左營區文自路387巷53號1樓,07-3455351,sfaa
x:高雄市:建宏復健科診所時段,建宏復健科診所(時段),療育-醫療單位,高雄市,三民區,高雄市三民區覺民路82號,07-3811366,sfaa
x:高雄市:德嘉復健科診所時段,德嘉復健科診所(時段),療育-醫療單位,高雄市,楠梓區,高雄市楠梓區德民路979號,07-3655991,sfaa
3507300088,德能診所(時段),療育-醫療單位,高雄市,左營區,高雄市左營區左營大路692號,07-5857673,sfaa
1542021171,惠川醫院(時段),療育-醫療單位,高雄市,岡山區,高雄市岡山區岡山路92號,07-6229292轉1213,sfaa
1542011237,惠德醫院(時段),療育-醫療單位,高雄市,鳳山區,高雄市鳳山區福祥街81號,07-8126000轉1206,sfaa
1502050296,文雄醫院(時段),療育-醫療單位,高雄市,三民區,高雄市三民區察哈爾二街132號,07-3165275,sfaa
1502061208,新華醫院(時段),療育-醫療單位,高雄市,新興區,高雄市新興區七賢二路97號,07-2876080轉202,sfaa
1507320015,新高醫院 (時段),療育-醫療單位,高雄市,三民區,高雄市三民區莊敬路288號,07-3909230,sfaa
1507010014,新高鳳醫院(時段),療育-醫療單位,高雄市,鳳山區,高雄市鳳山區光遠路360號,07-7408650,sfaa
x:高雄市:易昌復健科診所時段,易昌復健科診所(時段),療育-醫療單位,高雄市,前鎮,高雄市前鎮區中華五路1011號,07-5365808,sfaa
x:高雄市:晉安復健科診所時段,晉安復健科診所(時段),療育-醫療單位,高雄市,新興區,高雄市新興區五福二路158號,07-2416888,sfaa
x:高雄市:晨恩復健科診所時段,晨恩復健科診所(時段),療育-醫療單位,高雄市,鳳山區,高雄市鳳山區建國路二段57之1號,07-7408681,sfaa
x:高雄市:曦望語言治療所時段,曦望語言治療所(時段),療育-醫療單位,高雄市,三民區,高雄市三民區文濱路60號2樓,07-7774649,sfaa
x:高雄市:杉合聯合診所時段,杉合聯合診所(時段),療育-醫療單位,高雄市,苓雅區,高雄市苓雅區中正二路20號,07-2261989,sfaa
x:高雄市:李威德復健科診所時段,李威德復健科診所(時段),療育-醫療單位,高雄市,鼓山區,高雄市鼓山區美術館路261號1樓,07-5551270,sfaa
1542030116,溪洲醫院(時段),療育-醫療單位,高雄市,旗山區,高雄市旗山區延平一路412號,07-6621985,sfaa
1542150033,溫賀睿和醫院(時段),療育-醫療單位,高雄市,路竹區,高雄市路竹區延平路57號,07-6965136轉260,sfaa
1507360019,瑞祥醫院(時段),療育-醫療單位,高雄市,前鎮,高雄市前鎮區班超路92號,07-7717503,sfaa
x:高雄市:示康診所時段,示康診所(時段),療育-醫療單位,高雄市,苓雅區,高雄市苓雅區三多二路93號,07-7151771,sfaa
x:高雄市:福音復健科診所時段,福音復健科診所(時段),療育-醫療單位,高雄市,前鎮,高雄市前鎮區中華五路969巷9號、11號,07-5365005,sfaa
x:高雄市:禾順復健科診所時段,禾順復健科診所(時段),療育-醫療單位,高雄市,楠梓區,高雄市楠梓區楠梓新路138-1號,07-3539760,sfaa
x:高雄市:維新復健科診所時段,維新復健科診所(時段),療育-醫療單位,高雄市,苓雅區,高雄市苓雅區四維二路331號,07-3329655,sfaa
x:高雄市:美忠復健科診所時段,美忠復健科診所(時段),療育-醫療單位,高雄市,前鎮,高雄市前鎮區翠亨北路547號,07-8225558,sfaa
3507321667,良醫診所(時段),療育-醫療單位,高雄市,三民區,高雄市三民區九如一路196號,07-3851603,sfaa
x:高雄市:蕭志文醫院時段,蕭志文醫院(時段),療育-醫療單位,高雄市,新興區,高雄市新興區七賢一路102號,07-2240252轉217,sfaa
3507290434,長佑診所(時段),療育-醫療單位,高雄市,鼓山區,高雄市鼓山區裕誠路1580號,07-5532356,sfaa
3507321201,青彰復健科診所(時段),療育-醫療單位,高雄市,三民區,高雄市三民區明誠一路192號,07-3427966,sfaa
x:高雄市:靜和醫院燕巢分院時段,靜和醫院燕巢分院(時段),療育-醫療單位,高雄市,燕巢區,高雄市燕巢區深水里深水路3 之20號,07-6156555轉126,sfaa
0102080026,高雄市立凱旋醫院(時段),療育-醫療單位,高雄市,苓雅區,高雄市苓雅區凱旋二路130號,07-7513171轉2812、2166,sfaa
x:南投縣:臺灣兒童發展早期療育協會早療社區據點水里,臺灣兒童發展早期療育協會  早療社區據點 水里,社區療育據點,南投縣,水里鄉,南投縣水里鄉七賢二街46號,049-2777112,sfaa
x:南投縣:臺灣兒童發展早期療育協會社區療育據點國姓,臺灣兒童發展早期療育協會  社區療育據點  國姓,社區療育據點,南投縣,國姓鄉,南投縣國姓鄉行動式服務,049-2200256,sfaa
x:南投縣:臺灣兒童發展早期療育協會社區療育據點南投,臺灣兒童發展早期療育協會社區療育據點 南投,社區療育據點,南投縣,南投市,南投縣南投市南崗二路87號2樓,049-2205345、2200256,sfaa
x:南投縣:臺灣兒童發展早期療育協會社區療育據點埔里,臺灣兒童發展早期療育協會社區療育據點 埔里,社區療育據點,南投縣,埔里鎮,南投縣埔里鎮行動式服務,049-2200256,sfaa
x:南投縣:臺灣兒童發展早期療育協會社區療育據點水里,臺灣兒童發展早期療育協會社區療育據點 水里,社區療育據點,南投縣,竹山鎮,南投縣竹山鎮據點為行動式服務無固定據點,049-2200256,sfaa
x:南投縣:臺灣兒童發展早期療育協會社區療育據點竹山,臺灣兒童發展早期療育協會社區療育據點 竹山,社區療育據點,南投縣,竹山鎮,南投縣竹山鎮行動式服務,049-2200256,sfaa
x:南投縣:臺灣兒童發展早期療育協會社區療育據點社家署及地方政府補助時段到宅,臺灣兒童發展早期療育協會社區療育據點(社家署及地方政府補助)(時段、到宅),社區療育據點,南投縣,南投市,南投縣南投市南崗二路87號2樓,049-2205345、2200256,sfaa
x:嘉義市:雙福社會福利慈善事業基金會附設嘉義市私立晨光智能發展中心發展遲緩兒童到宅及社區療育服務方案時段到宅,財團法人雙福社會福利慈善事業基金會附設嘉義市私立晨光智能發展中心發展遲緩兒童到宅及社區療育服務方案(時段、到宅),社區療育據點,嘉義市,東區,嘉義市東區後湖里忠孝一街98號,05-2759129,sfaa
x:嘉義縣:戴德森嘉義醫院嘉義縣兒童療育社區據點屯區民雄鄉溪口鄉水上鄉太保市,戴德森醫療財團法人嘉義基督教醫院嘉義縣兒童療育社區據點 -屯區 (民雄鄉、溪口鄉、水上鄉、太保市),社區療育據點,嘉義縣,民雄鄉,嘉義縣民雄鄉西安村西安路155號,052067009分機19,sfaa
x:嘉義縣:戴德森嘉義醫院嘉義縣兒童療育社區據點山區大埔鄉阿里山鄉,戴德森醫療財團法人嘉義基督教醫院嘉義縣兒童療育社區據點 -山區 (大埔鄉、阿里山鄉),社區療育據點,嘉義縣,民雄鄉,嘉義縣民雄鄉西安村西安路155號,052067009分機19,sfaa
x:嘉義縣:會嘉義教區附設嘉義縣私立聖心教養院身心障礙福利機構兼辦早療業務社區療育據點鹿草鄉朴子市東石鄉布袋鎮義竹鄉,財團法人天主教會嘉義教區附設嘉義縣私立聖心教養院(身心障礙福利機構兼辦早療業務)社區療育據點-(鹿草鄉、朴子市、東石鄉、布袋鎮、義竹鄉),社區療育據點,嘉義縣,朴子市,嘉義縣朴子市博文街151號,05-3793541,sfaa
x:嘉義縣:雙福社會福利慈善事業基金會附設嘉義市私立晨光智能發展中心,財團法人雙福社會福利慈善事業基金會附設嘉義市私立晨光智能發展中心,社區療育據點,嘉義縣,太保市,嘉義縣太保市祥和一路東段一號,05-275-9128,sfaa
x:嘉義縣:雙福社會福利慈善事業基金會附設嘉義市私立晨光智能發展中心理阿里山行動據點王詹樣基金會補助時段,財團法人雙福社會福利慈善事業基金會附設嘉義市私立晨光智能發展中心理阿里山行動據點(王詹樣基金會補助)(時段),社區療育據點,嘉義縣,阿里山鄉,嘉義縣阿里山鄉2鄰57-1號,05-2561035、05-2586520,sfaa
x:嘉義縣:雙福社會福利慈善事業基金會附設嘉義市私立晨光智能發展中心社區療育據點,財團法人雙福社會福利慈善事業基金會附設嘉義市私立晨光智能發展中心社區療育據點,社區療育據點,嘉義縣,太保市,嘉義縣太保市祥和一路東段一號,052759128,sfaa
x:嘉義縣:雙福社會福利慈善事業基金會附設嘉義市私立晨光智能發展中心社區療育據點時段到宅,財團法人雙福社會福利慈善事業基金會附設嘉義市私立晨光智能發展中心社區療育據點(時段、到宅),社區療育據點,嘉義縣,竹崎鄉,嘉義縣竹崎鄉尚無資訊,05-2759128,sfaa
x:基隆市:伊甸社會福利基金會基隆服務中心社區療育據點社家署及地方政府補助時段到宅,伊甸社會福利基金會基隆服務中心社區療育據點(社家署及地方政府補助)(時段、到宅),社區療育據點,基隆市,仁愛區,基隆市仁愛區南榮路14-1號5樓,02-24237751,sfaa
x:宜蘭縣:宜蘭縣發展遲緩兒童社區療育服務計畫服務區域:三星鄉大同鄉五結鄉蘇澳鎮南澳鄉,宜蘭縣發展遲緩兒童社區療育服務計畫（服務區域：三星鄉、大同鄉、五結鄉、蘇澳鎮、南澳鄉）,社區療育據點,宜蘭縣,冬山鄉,宜蘭縣冬山鄉廣興村廣興路40號2樓,03-9229275,sfaa
x:宜蘭縣:宜蘭縣發展遲緩兒童社區療育服務計畫服務區域:宜蘭市羅東鎮冬山鄉,宜蘭縣發展遲緩兒童社區療育服務計畫（服務區域：宜蘭市、羅東鎮、冬山鄉）,社區療育據點,宜蘭縣,冬山鄉,宜蘭縣冬山鄉廣興村廣興路40號2樓,03-9229275,sfaa
x:宜蘭縣:宜蘭縣發展遲緩兒童社區療育服務計畫服務區域:頭城鎮礁溪鄉壯圍鄉員山鄉,宜蘭縣發展遲緩兒童社區療育服務計畫（服務區域：頭城鎮、礁溪鄉、壯圍鄉、員山鄉）,社區療育據點,宜蘭縣,宜蘭市,宜蘭縣宜蘭市公園路497巷20號,03-9252431,sfaa
x:屏東縣:屏東縣發展遲緩兒童社區療育服務業務屏中地區來義療育據點,屏東縣發展遲緩兒童社區療育服務業務-屏中地區來義療育據點,社區療育據點,屏東縣,潮州鎮,屏東縣潮州鎮中洲路149號,08-7801015,sfaa
x:屏東縣:屏東縣發展遲緩兒童社區療育服務業務屏中地區東港療育據點,屏東縣發展遲緩兒童社區療育服務業務-屏中地區東港療育據點,社區療育據點,屏東縣,東港鎮,屏東縣東港鎮光復路一段33號,08-8327176,sfaa
x:屏東縣:屏東縣發展遲緩兒童社區療育服務業務屏北地區療育據點,屏東縣發展遲緩兒童社區療育服務業務-屏北地區療育據點,社區療育據點,屏東縣,九如鄉,屏東縣九如鄉東寧村林森路100號,08-7382592,sfaa
x:屏東縣:屏東縣發展遲緩兒童社區療育服務業務屏南地區療育據點,屏東縣發展遲緩兒童社區療育服務業務-屏南地區療育據點,社區療育據點,屏東縣,恆春鎮,屏東縣恆春鎮東門路50巷9號,08-8327176,sfaa
x:屏東縣:伊甸社會福利基金會社區療育據點社家署及地方政府補助時段到宅,財團法人伊甸社會福利基金會社區療育據點(社家署及地方政府補助)(時段、到宅),社區療育據點,屏東縣,來義鄉,屏東縣來義鄉義林村義新路12巷36號,08-7872956,sfaa
x:屏東縣:屏東勝利之家辦理屏中早療行動據點王詹樣基金會補助時段,財團法人屏東基督教勝利之家辦理屏中早療行動據點(王詹樣基金會補助)(時段),社區療育據點,屏東縣,屏東市,屏東縣屏東市大連路19號,0966-423053,sfaa
x:屏東縣:屏東勝利之家辦理屏中早療行動據點竹田鄉王詹樣基金會補助時段,財團法人屏東基督教勝利之家辦理屏中早療行動據點(竹田鄉)(王詹樣基金會補助)(時段),社區療育據點,屏東縣,竹田鄉,屏東縣竹田鄉無,財團法人屏東基督教勝利之家辦理屏中早療行動據點(王詹樣基金會補助),sfaa
x:屏東縣:屏東勝利之家辦理屏北早療行動據點王詹樣基金會補助時段,財團法人屏東基督教勝利之家辦理屏北早療行動據點(王詹樣基金會補助)(時段),社區療育據點,屏東縣,屏東市,屏東縣屏東市大連路19號,0963617789(公務手機),sfaa
x:屏東縣:屏東勝利之家辦理屏東長治行動據點王詹樣基金會補助時段,財團法人屏東基督教勝利之家辦理屏東長治行動據點(王詹樣基金會補助)(時段),社區療育據點,屏東縣,屏東市,屏東縣屏東市大連路19號,0966-423048,sfaa
x:屏東縣:屏東勝利之家辦理沿山早療行動據點王詹樣基金會補助時段,財團法人屏東基督教勝利之家辦理沿山早療行動據點(王詹樣基金會補助)(時段),社區療育據點,屏東縣,屏東市,屏東縣屏東市大連路19號,0966-423052,sfaa
x:彰化縣:彰化區兒童發展社區資源服務中心暨社區療育服務,彰化區兒童發展社區資源服務中心暨社區療育服務,社區療育據點,彰化縣,彰化市,彰化縣彰化市大埔路676號,04-7124891,sfaa
x:彰化縣:臺灣兒童暨家庭扶助基金會附設彰化縣私立家扶發展學園社區療育服務伸港鄉時段到宅,財團法人台灣兒童暨家庭扶助基金會附設彰化縣私立家扶發展學園社區療育服務(伸港鄉)(時段、到宅),社區療育據點,彰化縣,伸港鄉,彰化縣伸港鄉忠孝東街50號,04-7569336,sfaa
x:彰化縣:臺灣兒童暨家庭扶助基金會附設彰化縣私立家扶發展學園社區療育服務和美鎮1時段到宅,財團法人台灣兒童暨家庭扶助基金會附設彰化縣私立家扶發展學園社區療育服務(和美鎮-1)(時段、到宅),社區療育據點,彰化縣,和美鎮,彰化縣和美鎮柑竹路338號,04-7569336,sfaa
x:彰化縣:臺灣兒童暨家庭扶助基金會附設彰化縣私立家扶發展學園社區療育服務和美鎮2時段到宅,財團法人台灣兒童暨家庭扶助基金會附設彰化縣私立家扶發展學園社區療育服務(和美鎮-2)(時段、到宅),社區療育據點,彰化縣,和美鎮,彰化縣和美鎮南佃里嘉佃路157號,04-7569336,sfaa
x:彰化縣:臺灣兒童暨家庭扶助基金會附設彰化縣私立家扶發展學園社區療育服務埔鹽鄉時段到宅,財團法人台灣兒童暨家庭扶助基金會附設彰化縣私立家扶發展學園社區療育服務(埔鹽鄉)(時段、到宅),社區療育據點,彰化縣,埔鹽鄉,彰化縣埔鹽鄉廍子村光明路一段29號,04-7569336,sfaa
x:彰化縣:臺灣兒童暨家庭扶助基金會附設彰化縣私立家扶發展學園社區療育服務福興鄉1時段到宅,財團法人台灣兒童暨家庭扶助基金會附設彰化縣私立家扶發展學園社區療育服務(福興鄉-1)(時段、到宅),社區療育據點,彰化縣,福興鄉,彰化縣福興鄉福興鄉番花路二段558號,04-7569336,sfaa
x:彰化縣:臺灣兒童暨家庭扶助基金會附設彰化縣私立家扶發展學園社區療育服務福興鄉2時段到宅,財團法人台灣兒童暨家庭扶助基金會附設彰化縣私立家扶發展學園社區療育服務(福興鄉-2)(時段、到宅),社區療育據點,彰化縣,福興鄉,彰化縣福興鄉彰鹿路七段495號,04-7569336,sfaa
x:彰化縣:臺灣兒童暨家庭扶助基金會附設彰化縣私立家扶發展學園社區療育服務秀水鄉1時段到宅,財團法人台灣兒童暨家庭扶助基金會附設彰化縣私立家扶發展學園社區療育服務(秀水鄉-1)(時段、到宅),社區療育據點,彰化縣,秀水鄉,彰化縣秀水鄉中山路290號3樓,04-7569336,sfaa
x:彰化縣:臺灣兒童暨家庭扶助基金會附設彰化縣私立家扶發展學園社區療育服務秀水鄉2時段到宅,財團法人台灣兒童暨家庭扶助基金會附設彰化縣私立家扶發展學園社區療育服務(秀水鄉-2)(時段、到宅),社區療育據點,彰化縣,秀水鄉,彰化縣秀水鄉安圍巷3號,04-7569336,sfaa
x:彰化縣:臺灣兒童暨家庭扶助基金會附設彰化縣私立家扶發展學園社區療育服務線西鄉時段到宅,財團法人台灣兒童暨家庭扶助基金會附設彰化縣私立家扶發展學園社區療育服務(線西鄉)(時段、到宅),社區療育據點,彰化縣,線西鄉,彰化縣線西鄉寓埔村寓埔路177-1號,04-7569336,sfaa
x:彰化縣:臺灣兒童暨家庭扶助基金會附設彰化縣私立家扶發展學園社區療育服務鹿港鎮1時段到宅,財團法人台灣兒童暨家庭扶助基金會附設彰化縣私立家扶發展學園社區療育服務(鹿港鎮-1)(時段、到宅),社區療育據點,彰化縣,鹿港鎮,彰化縣鹿港鎮鹿港鎮公園一路83號,04-7569336,sfaa
x:彰化縣:臺灣兒童暨家庭扶助基金會附設彰化縣私立家扶發展學園社區療育服務鹿港鎮2時段到宅,財團法人台灣兒童暨家庭扶助基金會附設彰化縣私立家扶發展學園社區療育服務(鹿港鎮-2)(時段、到宅),社區療育據點,彰化縣,鹿港鎮,彰化縣鹿港鎮復興路582號2樓,04-7569336,sfaa
x:彰化縣:瑪喜樂社會福利基金會時段,財團法人基督教瑪喜樂社會福利基金會(時段),社區療育據點,彰化縣,二林鎮,彰化縣二林鎮中西里二城路7號,04-8960271 分機144,sfaa
x:彰化縣:瑪喜樂社會福利基金會定點療育溪州鄉時段,財團法人基督教瑪喜樂社會福利基金會定點療育(溪州鄉)(時段),社區療育據點,彰化縣,溪州鄉,彰化縣溪州鄉中山路三段462號,04-8960271,sfaa
x:彰化縣:瑪喜樂社會福利基金會社區療育服務北斗鎮時段,財團法人基督教瑪喜樂社會福利基金會社區療育服務(北斗鎮)(時段),社區療育據點,彰化縣,北斗鎮,彰化縣北斗鎮居仁里宮後二巷11號,04-8960271,sfaa
x:彰化縣:瑪喜樂社會福利基金會社區療育服務大城鄉時段,財團法人基督教瑪喜樂社會福利基金會社區療育服務(大城鄉)(時段),社區療育據點,彰化縣,大城鄉,彰化縣大城鄉大城鄉中平路163號,04-8960271,sfaa
x:彰化縣:瑪喜樂社會福利基金會社區療育服務溪州鄉時段,財團法人基督教瑪喜樂社會福利基金會社區療育服務(溪州鄉)(時段),社區療育據點,彰化縣,溪州鄉,彰化縣溪州鄉中山路三段462號,048960271,sfaa
x:彰化縣:瑪喜樂社會福利基金會社區療育服務溪湖區時段,財團法人基督教瑪喜樂社會福利基金會社區療育服務(溪湖區)(時段),社區療育據點,彰化縣,溪湖鎮,彰化縣溪湖鎮文東街9號2樓,04-8960271,sfaa
x:彰化縣:瑪喜樂社會福利基金會社區療育服務田尾鄉時段,財團法人基督教瑪喜樂社會福利基金會社區療育服務(田尾鄉)(時段),社區療育據點,彰化縣,田尾鄉,彰化縣田尾鄉南曾村福德巷185號,04-8960271,sfaa
x:彰化縣:瑪喜樂社會福利基金會社區療育服務竹塘鄉時段,財團法人基督教瑪喜樂社會福利基金會社區療育服務(竹塘鄉)(時段),社區療育據點,彰化縣,竹塘鄉,彰化縣竹塘鄉竹塘村竹林路一段305號5樓,04-8960271,sfaa
x:彰化縣:瑪喜樂社會福利基金會社區療育服務芳苑鄉時段,財團法人基督教瑪喜樂社會福利基金會社區療育服務(芳苑鄉)(時段),社區療育據點,彰化縣,芳苑鄉,彰化縣芳苑鄉芳苑鄉斗苑路芳苑段245號,04-8960271,sfaa
x:彰化縣:會臺中教區附設彰化縣私立聖家啟智中心社區療育服務二水鄉時段到宅,財團法人天主教會臺中教區附設彰化縣私立聖家啟智中心社區療育服務(二水鄉)(時段、到宅),社區療育據點,彰化縣,二水鄉,彰化縣二水鄉員集路三段452號,04-8374936,sfaa
x:彰化縣:會臺中教區附設彰化縣私立聖家啟智中心社區療育服務員林市時段到宅,財團法人天主教會臺中教區附設彰化縣私立聖家啟智中心社區療育服務(員林市)(時段、到宅),社區療育據點,彰化縣,員林市,彰化縣員林市民生路46號,04-8374936,sfaa
x:彰化縣:會臺中教區附設彰化縣私立聖家啟智中心社區療育服務埔心鄉時段到宅,財團法人天主教會臺中教區附設彰化縣私立聖家啟智中心社區療育服務(埔心鄉)(時段、到宅),社區療育據點,彰化縣,埔心鄉,彰化縣埔心鄉羅永路109號,04-8374936,sfaa
x:彰化縣:會臺中教區附設彰化縣私立聖家啟智中心社區療育服務王詹樣基金會補助大村站時段,財團法人天主教會臺中教區附設彰化縣私立聖家啟智中心社區療育服務(王詹樣基金會補助-大村站)(時段),社區療育據點,彰化縣,大村鄉,彰化縣大村鄉茄苳路一段144號,04-8374936,sfaa
x:彰化縣:會臺中教區附設彰化縣私立聖家啟智中心社區療育服務王詹樣基金會補助永靖站時段,財團法人天主教會臺中教區附設彰化縣私立聖家啟智中心社區療育服務(王詹樣基金會補助-永靖站)(時段),社區療育據點,彰化縣,永靖鄉,彰化縣永靖鄉永社路266號,04-8232926,sfaa
x:彰化縣:會臺中教區附設彰化縣私立聖家啟智中心社區療育服務田中鎮時段到宅,財團法人天主教會臺中教區附設彰化縣私立聖家啟智中心社區療育服務(田中鎮)(時段、到宅),社區療育據點,彰化縣,田中鎮,彰化縣田中鎮斗中路一段527號,04-8374936,sfaa
x:彰化縣:會臺中教區附設彰化縣私立聖家啟智中心社區療育服務社頭鄉時段到宅,財團法人天主教會臺中教區附設彰化縣私立聖家啟智中心社區療育服務(社頭鄉)(時段、到宅),社區療育據點,彰化縣,社頭鄉,彰化縣社頭鄉民生路371號3樓,04-8374936,sfaa
x:彰化縣:會臺中教區附設臺灣省私立慈愛教養院社區療育服務彰化市時段到宅,財團法人天主教會臺中教區附設臺灣省私立慈愛教養院社區療育服務(彰化市)(時段、到宅),社區療育據點,彰化縣,彰化市,彰化縣彰化市大埔路676號,04-7124891,sfaa
x:彰化縣:會臺中教區附設臺灣省私立慈愛教養院社區療育服務芬園鄉時段到宅,財團法人天主教會臺中教區附設臺灣省私立慈愛教養院社區療育服務(芬園鄉)(時段、到宅),社區療育據點,彰化縣,彰化市,彰化縣彰化市大埔路676號,04-7124891,sfaa
x:彰化縣:會臺中教區附設臺灣省私立慈愛教養院社區療育服務花壇鄉時段到宅,財團法人天主教會臺中教區附設臺灣省私立慈愛教養院社區療育服務(花壇鄉)(時段、到宅),社區療育據點,彰化縣,彰化市,彰化縣彰化市大埔路676號,04-7124891,sfaa
x:新北市:新北市第1區早期療育社區資源中心,新北市第1區早期療育社區資源中心,社區療育據點,新北市,淡水區,新北市淡水區沙崙路300號1樓,02-2628-7002,sfaa
x:新北市:新北市第2區早期療育社區資源中心,新北市第2區早期療育社區資源中心,社區療育據點,新北市,三重區,新北市三重區重新路五段609巷14號3樓之5,02-22789866,sfaa
x:新北市:新北市第3區早期療育社區資源中心,新北市第3區早期療育社區資源中心,社區療育據點,新北市,板橋區,新北市板橋區中正路10號5樓,02-35012063,sfaa
x:新北市:新北市第4區早期療育社區資源中心,新北市第4區早期療育社區資源中心,社區療育據點,新北市,三峽區,新北市三峽區三樹路7巷5號1樓,02-35012063,sfaa
x:新北市:新北市第5區早期療育社區資源中心,新北市第5區早期療育社區資源中心,社區療育據點,新北市,中和區,新北市中和區圓通路393巷2號1樓,02-2245-8666,sfaa
x:新北市:新北市第6區早期療育社區資源中心,新北市第6區早期療育社區資源中心,社區療育據點,新北市,新店區,新北市新店區中正路284巷11號3樓,02-89193131,sfaa
x:新北市:唐氏症基金會辦理三重早療社區據點王詹樣基金會補助時段,財團法人唐氏症基金會辦理三重早療社區據點(王詹樣基金會補助)(時段),社區療育據點,新北市,三重區,新北市三重區重新路五段609巷20號3樓之1,02-22789866分機14郭社工,sfaa
x:新北市:唐氏症基金會辦理蘆洲早療社區據點王詹樣基金會補助時段,財團法人唐氏症基金會辦理蘆洲早療社區據點(王詹樣基金會補助)(時段),社區療育據點,新北市,蘆洲區,新北市蘆洲區重新路五段609巷20號3樓之1,02-22789866分機14郭社工,sfaa
x:新北市:新北市私立明新兒童發展中心中和區時段,財團法人新北市私立明新兒童發展中心(中和區)(時段),社區療育據點,新北市,中和區,新北市中和區圓通路296巷31弄1號,02-2247-3769,sfaa
x:新竹市:新竹市兒童發展早期療育社區資源服務中心北區及香山區,新竹市兒童發展早期療育社區資源服務中心-北區及香山區,社區療育據點,新竹市,香山區,新竹市香山區中埔里中華路四段226巷63號1樓,03-5339762,sfaa
x:新竹市:新竹市兒童發展早期療育社區資源服務中心東區,新竹市兒童發展早期療育社區資源服務中心-東區,社區療育據點,新竹市,東區,新竹市東區新竹市東區光復路二段902巷12號,03-5612920,sfaa
x:新竹縣:新竹縣星兒共助協會,新竹縣星兒共助協會,社區療育據點,新竹縣,竹北市,新竹縣竹北市文化街82號7樓,0932-375088,sfaa
x:新竹縣:臺灣行動兒童療育協會社區療育據點社家署及地方政府補助時段到宅,社團法人台灣行動兒童療育協會社區療育據點(社家署及地方政府補助)(時段、到宅),社區療育據點,新竹縣,竹東鎮,新竹縣竹東鎮杞林路86號2樓,0926-006028,sfaa
x:新竹縣:心路社會福利基金會新竹分事務所社區療育據點社家署及地方政府補助時段到宅,財團法人心路社會福利基金會新竹分事務所社區療育據點(社家署及地方政府補助)(時段、到宅),社區療育據點,新竹縣,新豐鄉,新竹縣新豐鄉無,03-5626210,sfaa
x:新竹縣:經綸教育基金會,財團法人經綸教育基金會,社區療育據點,新竹縣,寶山鄉,新竹縣寶山鄉館前路80號5樓,0976662267,sfaa
x:桃園市:兒童發展復健站大園站時段,兒童發展復健站(大園站)(時段),社區療育據點,桃園市,大園區,桃園市大園區中華路2號4樓402室,03-3863316,sfaa
x:桃園市:兒童發展復健站大溪站時段,兒童發展復健站(大溪站)(時段),社區療育據點,桃園市,大溪區,桃園市大溪區仁愛路1號,03-3882401 分機233,sfaa
x:桃園市:兒童發展復健站復興站時段,兒童發展復健站(復興站)(時段),社區療育據點,桃園市,復興區,桃園市復興區澤仁里中正路25號,03-3822325 分機702,sfaa
x:桃園市:兒童發展復健站新屋站時段,兒童發展復健站(新屋站)(時段),社區療育據點,桃園市,新屋區,桃園市新屋區中山路239號,03-4772018分機31,sfaa
x:桃園市:兒童發展復健站觀音站時段,兒童發展復健站(觀音站)(時段),社區療育據點,桃園市,觀音區,桃園市觀音區觀音里信義路52號,03-4732031分機213,sfaa
x:桃園市:心路社會福利基金會社區療育據點時段到宅,財團法人心路社會福利基金會社區療育據點(時段、到宅),社區療育據點,桃園市,新屋區,桃園市新屋區未設置據點,03-4936040,sfaa
x:桃園市:心路社會福利基金會社區療育據點社家署及地方政府補助時段到宅,財團法人心路社會福利基金會社區療育據點(社家署及地方政府補助)(時段、到宅),社區療育據點,桃園市,楊梅區,桃園市楊梅區未設置據點,03-4936040,sfaa
x:桃園市:臺灣省會新竹教區附設桃園市天使發展中心辦理大溪早療社區據點王詹樣基金會補助時段到宅,財團法人臺灣省天主教會新竹教區附設桃園市天使發展中心辦理大溪早療社區據點(王詹樣基金會補助)(時段、到宅),社區療育據點,桃園市,大溪區,桃園市大溪區僑愛一街27號,03-3078071,sfaa
x:澎湖縣:澎湖海文教醫學慈善基金會,財團法人澎湖海文教醫學慈善基金會,社區療育據點,澎湖縣,馬公市,澎湖縣馬公市中興里介壽路11號,0905843403,sfaa
x:臺中市:臺中市第一區兒童發展社區資源中心中區到宅,臺中市第一區兒童發展社區資源中心(中區-到宅),社區療育據點,臺中市,西區,臺中市西區柳川東路2段76巷2號,04-23755120,sfaa
x:臺中市:臺中市第一區兒童發展社區資源中心西區到宅,臺中市第一區兒童發展社區資源中心(西區-到宅),社區療育據點,臺中市,西區,臺中市西區柳川東路2段76巷2號,04-23755120,sfaa
x:臺中市:臺中市第一區兒童發展社區資源中心西屯區到宅,臺中市第一區兒童發展社區資源中心(西屯區-到宅),社區療育據點,臺中市,西區,臺中市西區柳川東路2段76巷2號,04-23755120,sfaa
x:臺中市:臺中市第七區兒童發展社區資源中心后里區到宅,臺中市第七區兒童發展社區資源中心(后里區-到宅),社區療育據點,臺中市,大甲區,臺中市大甲區經國路789號,04-26881288,sfaa
x:臺中市:臺中市第七區兒童發展社區資源中心外埔區到宅,臺中市第七區兒童發展社區資源中心(外埔區-到宅),社區療育據點,臺中市,大甲區,臺中市大甲區經國路789號,04-26881288,sfaa
x:臺中市:臺中市第七區兒童發展社區資源中心大甲區到宅,臺中市第七區兒童發展社區資源中心(大甲區-到宅),社區療育據點,臺中市,大甲區,臺中市大甲區經國路789號,04-26881288,sfaa
x:臺中市:臺中市第七區兒童發展社區資源中心大雅區到宅,臺中市第七區兒童發展社區資源中心(大雅區-到宅),社區療育據點,臺中市,大甲區,臺中市大甲區經國路789號,04-26881288,sfaa
x:臺中市:臺中市第七區兒童發展社區資源中心神岡區到宅,臺中市第七區兒童發展社區資源中心(神岡區-到宅),社區療育據點,臺中市,大甲區,臺中市大甲區經國路789號,04-26881288,sfaa
x:臺中市:臺中市第三區兒童發展社區資源中心南屯區到宅,臺中市第三區兒童發展社區資源中心(南屯區-到宅),社區療育據點,臺中市,烏日區,臺中市烏日區三榮路一段127號1樓(烏日綜合社會福利館內),04-23360117,sfaa
x:臺中市:臺中市第三區兒童發展社區資源中心大肚區到宅,臺中市第三區兒童發展社區資源中心(大肚區-到宅),社區療育據點,臺中市,烏日區,臺中市烏日區三榮路一段127號1樓(烏日綜合社會福利館內),04-23360117,sfaa
x:臺中市:臺中市第三區兒童發展社區資源中心烏日區到宅,臺中市第三區兒童發展社區資源中心(烏日區-到宅),社區療育據點,臺中市,烏日區,臺中市烏日區三榮路一段127號1樓(烏日綜合社會福利館內),04-23360117,sfaa
x:臺中市:臺中市第二區兒童發展社區資源中心北屯區到宅,臺中市第二區兒童發展社區資源中心(北屯區-到宅),社區療育據點,臺中市,潭子區,臺中市潭子區大豐路2段1號,04-25335276,sfaa
x:臺中市:臺中市第二區兒童發展社區資源中心潭子區到宅,臺中市第二區兒童發展社區資源中心(潭子區-到宅),社區療育據點,臺中市,潭子區,臺中市潭子區大豐路2段1號,04-25335276,sfaa
x:臺中市:臺中市第五區兒童發展社區資源中心和平區到宅,臺中市第五區兒童發展社區資源中心(和平區-到宅),社區療育據點,臺中市,豐原區,臺中市豐原區大明路103號,04-25249769,sfaa
x:臺中市:臺中市第五區兒童發展社區資源中心新社區到宅,臺中市第五區兒童發展社區資源中心(新社區-到宅),社區療育據點,臺中市,豐原區,臺中市豐原區大明路103號,04-25249769,sfaa
x:臺中市:臺中市第五區兒童發展社區資源中心東勢區到宅,臺中市第五區兒童發展社區資源中心(東勢區-到宅),社區療育據點,臺中市,豐原區,臺中市豐原區三村里大明路103號,04-25249769,sfaa
x:臺中市:臺中市第五區兒童發展社區資源中心石岡區到宅,臺中市第五區兒童發展社區資源中心(石岡區-到宅),社區療育據點,臺中市,豐原區,臺中市豐原區三村里大明路103號,04-25249769,sfaa
x:臺中市:臺中市第五區兒童發展社區資源中心豐原區到宅,臺中市第五區兒童發展社區資源中心(豐原區-到宅),社區療育據點,臺中市,豐原區,臺中市豐原區大明路103號,04-25249769,sfaa
x:臺中市:臺中市第八區兒童發展社區資源中心北區到宅,臺中市第八區兒童發展社區資源中心(北區-到宅),社區療育據點,臺中市,北區,臺中市北區民權路400號1樓,04-22082115,sfaa
x:臺中市:臺中市第八區兒童發展社區資源中心太平區到宅,臺中市第八區兒童發展社區資源中心(太平區-到宅),社區療育據點,臺中市,北區,臺中市北區民權路400號1樓,04-22082115,sfaa
x:臺中市:臺中市第八區兒童發展社區資源中心東區到宅,臺中市第八區兒童發展社區資源中心(東區-到宅),社區療育據點,臺中市,北區,臺中市北區民權路400號1樓,04-22082115,sfaa
x:臺中市:臺中市第六區兒童發展社區資源中心大安區到宅,臺中市第六區兒童發展社區資源中心(大安區-到宅),社區療育據點,臺中市,沙鹿區,臺中市沙鹿區福幼街8號4樓,04-26365175,sfaa
x:臺中市:臺中市第六區兒童發展社區資源中心梧棲區到宅,臺中市第六區兒童發展社區資源中心(梧棲區-到宅),社區療育據點,臺中市,沙鹿區,臺中市沙鹿區福幼街8號4樓,04-26365175,sfaa
x:臺中市:臺中市第六區兒童發展社區資源中心沙鹿區到宅,臺中市第六區兒童發展社區資源中心(沙鹿區-到宅),社區療育據點,臺中市,沙鹿區,臺中市沙鹿區福幼街8號4樓,04-26365175,sfaa
x:臺中市:臺中市第六區兒童發展社區資源中心清水區到宅,臺中市第六區兒童發展社區資源中心(清水區-到宅),社區療育據點,臺中市,沙鹿區,臺中市沙鹿區福幼街8號4樓,04-26365175,sfaa
x:臺中市:臺中市第六區兒童發展社區資源中心龍井區到宅,臺中市第六區兒童發展社區資源中心(龍井區-到宅),社區療育據點,臺中市,沙鹿區,臺中市沙鹿區福幼街8號4樓,04-26365175,sfaa
x:臺中市:臺中市第四區兒童發展社區資源中心南區到宅,臺中市第四區兒童發展社區資源中心(南區-到宅),社區療育據點,臺中市,南區,臺中市南區永隆路102號,04-24070195,sfaa
x:臺中市:臺中市第四區兒童發展社區資源中心大里區到宅,臺中市第四區兒童發展社區資源中心(大里區-到宅),社區療育據點,臺中市,大里區,臺中市大里區永隆路102號,04-24070195,sfaa
x:臺中市:臺中市第四區兒童發展社區資源中心霧峰區到宅,臺中市第四區兒童發展社區資源中心(霧峰區-到宅),社區療育據點,臺中市,大里區,臺中市大里區永隆路102號,04-24070195,sfaa
x:臺南市:下營社區療育據點,下營社區療育據點,社區療育據點,臺南市,下營區,臺南市下營區文化街39號,0937531171,sfaa
x:臺南市:仁德社區療育據點,仁德社區療育據點,社區療育據點,臺南市,東區,臺南市東區光明街191號,06-2365445、0910272518,sfaa
x:臺南市:安南社區療育據點孩子的玩具屋,安南社區療育據點(孩子的玩具屋),社區療育據點,臺南市,安南區,臺南市安南區海佃路二段822號,06-2563797,sfaa
x:臺南市:將軍社區療育據點,將軍社區療育據點,社區療育據點,臺南市,將軍區,臺南市將軍區忠興180-50號,0937185885,sfaa
x:臺南市:山上社區療育據點山上照陽小站,山上社區療育據點(山上照陽小站),社區療育據點,臺南市,山上區,臺南市山上區山上里79號,06-5783987,sfaa
x:臺南市:東山社區療育據點,東山社區療育據點,社區療育據點,臺南市,東山區,臺南市東山區新東路一段35號,06-7830456 分機125,sfaa
x:臺南市:永康社區療育據點走動式,永康社區療育據點(走動式),社區療育據點,臺南市,東區,臺南市東區光明街191號,06-2365445,sfaa
x:臺南市:赤崁社區療育據點,赤崁社區療育據點,社區療育據點,臺南市,東區,臺南市東區光明街191號,06-2365445,sfaa
x:臺南市:鯤喜灣社區療育據點,鯤喜灣社區療育據點,社區療育據點,臺南市,南區,臺南市南區灣裡路263巷41號2樓,06-2365445,sfaa
x:臺東縣:臺灣兒童發展早期療育協會時段到宅,臺灣兒童發展早期療育協會(時段、到宅),社區療育據點,臺東縣,關山鎮,臺東縣關山鎮中華路101號,0975-697620(鍾小姐),sfaa
x:臺東縣:臺灣兒童發展早期療育協會大武社區療育工作站時段到宅,臺灣兒童發展早期療育協會大武社區療育工作站(時段、到宅),社區療育據點,臺東縣,大武鄉,臺東縣大武鄉尚武村客庄路48號,0927-098255(黃老師),sfaa
x:臺東縣:臺灣兒童發展早期療育協會太麻里社區服務據點時段到宅,臺灣兒童發展早期療育協會太麻里社區服務據點(時段、到宅),社區療育據點,臺東縣,太麻里鄉,臺東縣太麻里鄉泰和村民權路22號,089-781252,sfaa
x:臺東縣:臺灣兒童發展早期療育協會池上工作站社家署及地方政府補助時段,臺灣兒童發展早期療育協會池上工作站(社家署及地方政府補助)(時段),社區療育據點,臺東縣,池上鄉,臺東縣池上鄉新興村6鄰80號,無,sfaa
x:臺東縣:臺灣兒童發展早期療育協會海端工作站社家署及地方政府補助時段到宅,臺灣兒童發展早期療育協會海端工作站(社家署及地方政府補助)(時段、到宅),社區療育據點,臺東縣,海端鄉,臺東縣海端鄉海端村山界1號,無,sfaa
x:臺東縣:臺灣兒童發展早期療育協會社區療育據點社家署及地方政府補助時段到宅,臺灣兒童發展早期療育協會社區療育據點(社家署及地方政府補助)(時段、到宅),社區療育據點,臺東縣,關山鎮,臺東縣關山鎮德高里永豐16號,無,sfaa
x:臺東縣:臺灣兒童發展早期療育協會鹿野工作站社家署及地方政府補助時段,臺灣兒童發展早期療育協會鹿野工作站(社家署及地方政府補助)(時段),社區療育據點,臺東縣,鹿野鄉,臺東縣鹿野鄉中華路二段137號,無,sfaa
x:臺東縣:臺灣公益社會實踐協會成功社區療育據點時段到宅,臺灣公益社會實踐協會成功社區療育據點(時段、到宅),社區療育據點,臺東縣,成功鎮,臺東縣成功鎮三民里三民路 18號,089-854822,sfaa
x:臺東縣:臺灣公益社會實踐協會長濱社區療育據點時段到宅,臺灣公益社會實踐協會長濱社區療育據點(時段、到宅),社區療育據點,臺東縣,長濱鄉,臺東縣長濱鄉長濱村15鄰長濱180號,089-832850,sfaa
x:花蓮縣:花蓮縣發展遲緩兒童早期療育服務南區,花蓮縣發展遲緩兒童早期療育服務-南區,社區療育據點,花蓮縣,玉里鎮,花蓮縣玉里鎮興國路二段178巷11號,03-8523355#26,sfaa
x:花蓮縣:花蓮縣發展遲緩兒童社區療育服務中區,花蓮縣發展遲緩兒童社區療育服務-中區,社區療育據點,花蓮縣,花蓮市,花蓮縣花蓮市民權路4號,03-8772529,sfaa
x:花蓮縣:花蓮縣發展遲緩兒童社區療育服務北北區,花蓮縣發展遲緩兒童社區療育服務-北北區,社區療育據點,花蓮縣,新城鄉,花蓮縣新城鄉復興路284號2樓,03-8261760,sfaa
x:花蓮縣:花蓮縣發展遲緩兒童社區療育服務北區,花蓮縣發展遲緩兒童社區療育服務-北區,社區療育據點,花蓮縣,花蓮市,花蓮縣花蓮市三民街66號,03-8529178,sfaa
x:苗栗縣:伊甸社會福利基金會苗栗分事務所苗栗縣政府核備山線地區社區療育服務,財團法人伊甸社會福利基金會苗栗分事務所(苗栗縣政府核備-山線地區社區療育服務),社區療育據點,苗栗縣,公館鄉,苗栗縣公館鄉大同路205號,037-996334,sfaa
x:苗栗縣:臺灣省會新竹教區附設苗栗縣私立聖家啟智中心苗栗縣政府核備中港溪地區療育服務,財團法人台灣省天主教會新竹教區附設苗栗縣私立聖家啟智中心(苗栗縣政府核備-中港溪地區療育服務),社區療育據點,苗栗縣,竹南鎮,苗栗縣竹南鎮大埔十街26號,037-690311,sfaa
x:苗栗縣:苗栗縣私立幼安教養院苗栗縣政府核備苗栗及通苑地區社區療育服務,財團法人苗栗縣私立幼安教養院(苗栗縣政府核備-苗栗及通苑地區社區療育服務),社區療育據點,苗栗縣,苗栗市,苗栗縣苗栗市嘉新里經國路851號4樓,037-268995,sfaa
x:苗栗縣:苗栗縣私立幼安教養院辦理苑裡行動據點王詹樣基金會補助時段,財團法人苗栗縣私立幼安教養院辦理苑裡行動據點(王詹樣基金會補助)(時段),社區療育據點,苗栗縣,苗栗市,苗栗縣苗栗市嘉新里四鄰經國路四段851號4樓,037-268995,sfaa
x:連江縣:連江縣早療社區據點時段到宅,連江縣早療社區據點(時段、到宅),社區療育據點,連江縣,南竿鄉,連江縣南竿鄉介壽村353-5號,0836-26321,sfaa
x:金門縣:瑪利亞社會福利基金會服務據點時段到宅,財團法人瑪利亞社會福利基金會服務據點(時段、到宅),社區療育據點,金門縣,烈嶼鄉,金門縣烈嶼鄉上林村78-1號,082-337886,sfaa
x:雲林縣:北港區社區療育據點,北港區社區療育據點,社區療育據點,雲林縣,北港鎮,雲林縣北港鎮新街里公園路332號,05-7839613,sfaa
x:雲林縣:斗六區社區療育據點,斗六區社區療育據點,社區療育據點,雲林縣,斗六市,雲林縣斗六市府前街58號,05-5350350,sfaa
x:雲林縣:斗南區社區療育據點,斗南區社區療育據點,社區療育據點,雲林縣,斗南鎮,雲林縣斗南鎮民權路78號,0916374835,sfaa
x:雲林縣:虎尾區社區療育據點,虎尾區社區療育據點,社區療育據點,雲林縣,虎尾鎮,雲林縣虎尾鎮光明路70號,0916973448,sfaa
x:雲林縣:西螺區社區療育據點,西螺區社區療育據點,社區療育據點,雲林縣,西螺鎮,雲林縣西螺鎮中山路227號,05-5878313,sfaa
x:雲林縣:雲西行動療育據點王詹樣基金會補助辦理,雲西行動療育據點(王詹樣基金會補助辦理),社區療育據點,雲林縣,北港鎮,雲林縣北港鎮吉祥路168號,05-7836437,sfaa
x:雲林縣:麥寮區社區療育據點,麥寮區社區療育據點,社區療育據點,雲林縣,麥寮鄉,雲林縣麥寮鄉新興路8之5號,05-6930311,sfaa
x:高雄市:雅文兒童聽語文教基金會南區中心時段,財團法人雅文兒童聽語文教基金會南區中心(時段),社區療育據點,高雄市,前金區,高雄市前金區中正四路148號7 樓,07-2860626,sfaa
x:高雄市:高雄市私立博正兒童發展中心辦理左營社區據點王詹樣基金會補助時段,財團法人高雄市私立博正兒童發展中心辦理左營社區據點(王詹樣基金會補助)(時段),社區療育據點,高雄市,左營區,高雄市左營區左營大路341號,（07）558-6331,sfaa
x:高雄市:高雄市私立博正兒童發展中心辦理桂林社區據點王詹樣基金會補助時段到宅,財團法人高雄市私立博正兒童發展中心辦理桂林社區據點(王詹樣基金會補助)(時段、到宅),社區療育據點,高雄市,小港區,高雄市小港區桂江街143號,07-7933280、0958-087176,sfaa
x:高雄市:高雄市私立博正兒童發展中心辦理梓官社區據點王詹樣基金會補助時段,財團法人高雄市私立博正兒童發展中心辦理梓官社區據點(王詹樣基金會補助)(時段),社區療育據點,高雄市,梓官區,高雄市梓官區仁愛路134號,07-6191293、0909775071,sfaa
x:高雄市:高雄市私立博正兒童發展中心辦理草衙社區據點王詹樣基金會補助時段,財團法人高雄市私立博正兒童發展中心辦理草衙社區據點(王詹樣基金會補助)(時段),社區療育據點,高雄市,前鎮,高雄市前鎮區和誠街78巷14號,0902-454569,sfaa
1138020015,埔基醫療財團法人埔里基督教醫院,聯合評估中心,南投縣,埔里鎮,南投縣埔里鎮鐵山路1號,(049)291-2151#5651,hpa;healthforkids;sfaa
0938040012,竹山秀傳醫療社團法人竹山秀傳醫院,聯合評估中心,南投縣,竹山鎮,南投縣竹山鎮集山路二段75號,(049)262-4266#36537,hpa;healthforkids;sfaa
0138010027,衛生福利部南投醫院,聯合評估中心,南投縣,南投市,南投縣南投市復興路478號,(049)223-1150#1113 / (049)233-9165#271,hpa;healthforkids;sfaa
1122010021,天主教中華聖母修女會醫療財團法人天主教聖馬爾定醫院,聯合評估中心,嘉義市,東區,嘉義市大雅路二段565號,(05)275-6000#3805,hpa;healthforkids;sfaa
1122010012,戴德森醫療財團法人嘉義基督教醫院,聯合評估中心,嘉義市,東區,嘉義市東區忠孝路539號,(05)276-5041#6707、6770,hpa;healthforkids;sfaa
0122020517,衛生福利部嘉義醫院,聯合評估中心,嘉義市,西區,嘉義市西區北港路312號,(05)231-9090#2649,hpa;healthforkids;sfaa
1140030012,佛教慈濟醫療財團法人大林慈濟醫院,聯合評估中心,嘉義縣,大林鎮,嘉義縣大林鎮民生路2號,(05)264-8055 / (05)264-8000#5773,hpa;healthforkids;sfaa
1140010510,長庚醫療財團法人嘉義長庚紀念醫院,聯合評估中心,嘉義縣,朴子市,嘉義縣朴子市嘉朴路西段 8號,(05)362-1000#2692,hpa;healthforkids;sfaa
0111070010,衛生福利部基隆醫院,聯合評估中心,基隆市,信義區,基隆市信義區信二路268號,(02)2429-2525#3518,hpa;healthforkids;sfaa
1111060015,長庚醫療財團法人基隆長庚紀念醫院,聯合評估中心,基隆市,安樂區,基隆市安樂區基金一路208巷200號,(02)24329292#2150,hpa;healthforkids;sfaa
0434010518,國立陽明交通大學附設醫院,聯合評估中心,宜蘭縣,宜蘭市,宜蘭市新民路152號,(03)932-5192#72261,hpa;healthforkids;sfaa
1134020028,財團法人天主教靈醫會羅東聖母醫院,聯合評估中心,宜蘭縣,羅東鎮,宜蘭縣羅東鎮中正南路160號,(03)954-4106#8355 / (03)954-4143,hpa;healthforkids;sfaa
1134020019,醫療財團法人羅許基金會羅東博愛醫院,聯合評估中心,宜蘭縣,羅東鎮,宜蘭縣羅東鎮南昌街81號、83號站前南路61號、63號,(03)954-3131#3322,hpa;healthforkids;sfaa
0943030019,安泰醫療社團法人安泰醫院,聯合評估中心,屏東縣,東港鎮,屏東縣東港鎮中正路1段210號,(08)832-9966#2012、1335,hpa;healthforkids;sfaa
1143010012,屏基醫療財團法人屏東基督教醫院,聯合評估中心,屏東縣,屏東市,屏東縣屏東市大連路60號,(08)736-8686#2229,hpa;healthforkids;sfaa
0643010011,屏東榮民總醫院,聯合評估中心,屏東縣,屏東市,屏東縣屏東市榮總東路1號,(08)7557885#85037,hpa;healthforkids;sfaa
0143010011,衛生福利部屏東醫院,聯合評估中心,屏東縣,屏東市,屏東市自由路270號,(08)736-3011#2126,hpa;healthforkids;sfaa
1137010042,彰化基督教醫療財團法人彰化基督教兒童醫院,聯合評估中心,彰化縣,彰化市,彰化縣彰化市旭光路320號,(04)723-8595#1164,hpa;healthforkids;sfaa
1137010024,彰化基督教醫療財團法人彰化基督教醫院,聯合評估中心,彰化縣,彰化市,彰化縣彰化市南校街135號,04-7238595,healthforkids;sfaa
0937010019,秀傳醫療社團法人秀傳紀念醫院,聯合評估中心,彰化縣,彰化市,彰化縣彰化市中山路一段542號,(04)725-6166#88818,hpa;healthforkids;sfaa
0137170515,衛生福利部彰化醫院,聯合評估中心,彰化縣,埔心鄉,彰化縣埔心鄉舊館村中正路二段80號,(04)829-8686#2043、2041,hpa;healthforkids;sfaa
1131050515,佛教慈濟醫療財團法人台北慈濟醫院,聯合評估中心,新北市,新店區,新北市新店區建國路289號,(02)6628-9779#7700,hpa;healthforkids;sfaa
1131100010,台灣基督長老教會馬偕醫療財團法人淡水馬偕紀念醫院,聯合評估中心,新北市,淡水區,新北市淡水區民生路45號3樓,02-2809-4661#2200,hpa;healthforkids;sfaa
1131110516,國泰醫療財團法人汐止國泰綜合醫院,聯合評估中心,新北市,汐止區,新北市汐止區建成路59巷2號,(02)2648-2121#5061,hpa;healthforkids;sfaa
1231030015,天主教耕莘醫療財團法人永和耕莘醫院,聯合評估中心,新北市,永和區,新北市永和區中興街80號,02-2928-6060#10697,hpa;healthforkids;sfaa
1231050017,天主教耕莘醫療財團法人耕莘醫院,聯合評估中心,新北市,新店區,新北市新店區中正路362號,(02)2219-3391#67402,hpa;healthforkids;sfaa
1131130018,新北市立土城醫院(委託長庚醫療財團法人興建經營),聯合評估中心,新北市,土城區,新北市土城區金城路二段6號,(02)2263-0588#2398,hpa;healthforkids;sfaa
0131020016,新北市立聯合醫院,聯合評估中心,新北市,三重區,新北市三重區新北大道一段3號,(02)2982-9111#3168,hpa;healthforkids;sfaa
1131090019,行天宮醫療志業醫療財團法人恩主公醫院,聯合評估中心,新北市,三峽區,新北市三峽區中山路198號3樓,(02)2672-3456#3303,hpa;healthforkids;sfaa
0131060029,衛生福利部臺北醫院,聯合評估中心,新北市,新莊區,新北市新莊區思源路127號,(02)2276-1136#5315,hpa;healthforkids;sfaa
1331040513,衛生福利部雙和醫院(委託臺北醫學大學興建經營),聯合評估中心,新北市,中和區,新北市中和區中正路291號,(02)2249-0088#1641,hpa;healthforkids;sfaa
1331160010,輔仁大學學校財團法人輔仁大學附設醫院,聯合評估中心,新北市,泰山區,新北市泰山區貴子路69號,(02)8512-8888#22337,hpa;healthforkids;sfaa
1131010011,醫療財團法人徐元智先生醫藥基金會亞東紀念醫院,聯合評估中心,新北市,板橋區,新北市板橋區南雅南路二段21號,(02)7728-2297,hpa;healthforkids;sfaa
0412040012,國立臺灣大學醫學院附設醫院新竹臺大分院新竹醫院,聯合評估中心,新竹市,北區,新竹市經國路一段442巷25號,(03)532-6151#523523,hpa;healthforkids;sfaa
1112010537,新竹市立馬偕兒童醫院(委託台灣基督長老教會馬偕醫療財團法人興建經營),聯合評估中心,新竹市,東區,新竹市東區建功二路28號,(03)571-9999#6319、6320,hpa;healthforkids;sfaa
1333050017,中國醫藥大學新竹附設醫院,聯合評估中心,新竹縣,竹北市,新竹縣竹北市興隆路一段199號,(03)558-0558#1158,hpa;healthforkids;sfaa
0433050018,國立臺灣大學醫學院附設醫院新竹臺大分院生醫醫院,聯合評估中心,新竹縣,竹東鎮,新竹縣竹東鎮至善路52號,(03)5943248 #542024 / 0972-654808,hpa;healthforkids;sfaa
0933050018,東元醫療社團法人東元綜合醫院,聯合評估中心,新竹縣,竹北市,新竹縣竹北市縣政二路69號,(03)5527000#1617,hpa;healthforkids;sfaa
1532100049,聯新國際醫院,聯合評估中心,桃園市,平鎮區,桃園市平鎮區廣泰路77號,03-4941234#8286,hpa;healthforkids;sfaa
0632010014,臺北榮民總醫院桃園分院,聯合評估中心,桃園市,桃園區,桃園市桃園區成功路3段100號,(03)286-8001#2261,hpa;healthforkids;sfaa
0132010014,衛生福利部桃園醫院,聯合評估中心,桃園市,桃園區,桃園市桃園區中山路 1492 號,(03)369-9721#1203,hpa;healthforkids;sfaa
0132110519,衛生福利部桃園醫院新屋分院,聯合評估中心,桃園市,新屋區,桃園市新屋區新屋村14鄰新福二路6號,(03)497-1989#5640,hpa;healthforkids;sfaa
1132070011,長庚醫療財團法人林口長庚紀念醫院,聯合評估中心,桃園市,龜山區,桃園市龜山區復興街5號,(03)328-1200#8147,hpa;healthforkids;sfaa
1144010016,天主教靈醫會醫療財團法人惠民醫院,聯合評估中心,澎湖縣,馬公市,澎湖縣馬公市樹德路14號,(06)927-2318#120,hpa;healthforkids;sfaa
1303260014,中國醫藥大學兒童醫院,聯合評估中心,臺中市,北區,台中市北區育德路二號,(04)2205-2121#12130、12131,hpa;healthforkids;sfaa
1317040011,中山醫學大學附設醫院,聯合評估中心,臺中市,南區,臺中市南區建國北路一段110號,(04)3604-5483,hpa;healthforkids;sfaa
1136200015,仁愛醫療財團法人大里仁愛醫院,聯合評估中心,臺中市,大里區,台中市大里區東榮路483號,(04)2481-9900#35576,hpa;healthforkids;sfaa
1136090519,佛教慈濟醫療財團法人台中慈濟醫院,聯合評估中心,臺中市,潭子區,臺中市潭子區豐興路1段88號,(04)36060666#4136,hpa;healthforkids;sfaa
0936050029,光田醫療社團法人光田綜合醫院,聯合評估中心,臺中市,沙鹿區,臺中市沙鹿區向上路七段127號,(04)2662-5111#1030,hpa;healthforkids;sfaa
0536190011,國軍臺中總醫院附設民眾診療服務處,聯合評估中心,臺中市,太平區,臺中市太平區中山路二段348號,0961-525944,hpa;healthforkids;sfaa
0936060016,童綜合醫療社團法人童綜合醫院,聯合評估中心,臺中市,梧棲區,臺中市沙鹿區成功西街8號,(04)2658-1919#56205、56206,hpa;healthforkids;sfaa
0617060018,臺中榮民總醫院,聯合評估中心,臺中市,西屯區,臺中市西屯區臺灣大道四段1650號,(04)2374-1247,hpa;healthforkids;sfaa
0117030010,衛生福利部臺中醫院,聯合評估中心,臺中市,西區,臺中市西區三民路一段199號,(04)2229-4411#1211,hpa;healthforkids;sfaa
0136010010,衛生福利部豐原醫院,聯合評估中心,臺中市,豐原區,臺中市豐原區南陽里安康路100號,(04)2527-1180#3209,hpa;healthforkids;sfaa
1101100011,台灣基督長老教會馬偕醫療財團法人馬偕紀念醫院,聯合評估中心,臺北市,中山區,臺北市中山區中山北路2段92號10樓,(02)2543-3535#3051,hpa;healthforkids;sfaa
0401180014,國立臺灣大學醫學院附設醫院,聯合評估中心,臺北市,中正區,臺北市中山南路7號,(02)2312-3456#270401,hpa;healthforkids;sfaa
0601160016,臺北榮民總醫院,聯合評估中心,臺北市,北投區,臺北市北投區石牌路二段201號中正樓5樓,(02) 28712121#66930,hpa;healthforkids;sfaa
1301170017,臺北醫學大學附設醫院,聯合評估中心,臺北市,信義區,臺北市信義區吳興街252號,(02)2737-2181#3241,hpa;healthforkids;sfaa
0905320023,台南市立醫院(委託秀傳醫療社團法人經營),聯合評估中心,臺南市,東區,台南市東區崇德路670號,06-260-9926#22258,hpa;healthforkids;sfaa
1121010018,台灣基督長老教會新樓醫療財團法人台南新樓醫院,聯合評估中心,臺南市,東區,台南市東區東門路一段57號,(06)274-8316#5110,hpa;healthforkids;sfaa
0421040011,國立成功大學醫學院附設醫院,聯合評估中心,臺南市,北區,臺南市勝利路138號,(06)235-3535#4619、2314,hpa;healthforkids;sfaa
1105050012,奇美醫療財團法人佳里奇美醫院,聯合評估中心,臺南市,佳里區,台南市佳里區佳興里佳里興606號,(06)726-3333 #33766,hpa;healthforkids;sfaa
1141310019,奇美醫療財團法人奇美醫院,聯合評估中心,臺南市,永康區,臺南市永康區中華路901號,06-281-2811#55005,hpa;healthforkids;sfaa
1141090512,奇美醫療財團法人柳營奇美醫院,聯合評估中心,臺南市,柳營區,台南市柳營區太康里太康201號,(06)622-6999#77676,hpa;healthforkids;sfaa
1305370013,臺南市立安南醫院-委託中國醫藥大學興建經營,聯合評估中心,臺南市,安南區,臺南市安南區長和路二段66號,(06)355-3111#2268,hpa;healthforkids;sfaa
0121050011,衛生福利部臺南醫院,聯合評估中心,臺南市,中西區,臺南市中西區中山路125號,0972-572001,hpa;healthforkids;sfaa
1146010014,台灣基督長老教會馬偕醫療財團法人台東馬偕紀念醫院,聯合評估中心,臺東縣,臺東市,臺東市長沙街303巷1號,(089)351-642,hpa;healthforkids;sfaa
1146010032,東基醫療財團法人台東基督教醫院,聯合評估中心,臺東縣,臺東市,臺東市開封街350號,(089)960115 / (089)960888#1221,hpa;healthforkids;sfaa
1145010010,佛教慈濟醫療財團法人花蓮慈濟醫院,聯合評估中心,花蓮縣,花蓮市,花蓮縣花蓮市中央路三段707號,(03)8561825#12533,hpa;healthforkids;sfaa
1145010038,臺灣基督教門諾會醫療財團法人門諾醫院,聯合評估中心,花蓮縣,花蓮市,花蓮市民權路44號,(03)8241240,hpa;healthforkids;sfaa
1535010051,大千綜合醫院,聯合評估中心,苗栗縣,苗栗市,苗栗縣苗栗市恭敬路36號5樓,(037)357-125#75103、75104,hpa;healthforkids;sfaa
0935020027,李綜合醫療社團法人苑裡李綜合醫院,聯合評估中心,苗栗縣,苑裡鎮,苗栗縣苑裡鎮和平路168號,(037)862387#1925,hpa;healthforkids;sfaa
1135050020,為恭醫療財團法人為恭紀念醫院,聯合評估中心,苗栗縣,頭份市,苗栗縣頭份市信義路128號,(037)676-811#53382,hpa;healthforkids;sfaa
0291010010,連江縣立醫院,聯合評估中心,連江縣,南竿鄉,連江縣南竿鄉復興村217號,(0836)23995#1316,hpa;healthforkids;sfaa
0190030516,衛生福利部金門醫院,聯合評估中心,金門縣,金湖鎮,金門縣金湖鎮新市里復興路2號,(082)332546#11356,hpa;healthforkids;sfaa
1339060017,中國醫藥大學北港附設醫院,聯合評估中心,雲林縣,北港鎮,雲林縣北港鎮新德路123號,(05)7837901#1035,hpa;healthforkids;sfaa
0439010518,國立臺灣大學醫學院附設醫院雲林分院,聯合評估中心,雲林縣,斗六市,雲林縣斗六市雲林路二段579號,(05)532-3911#564304,hpa;healthforkids;sfaa
1139030015,天主教若瑟醫療財團法人若瑟醫院,聯合評估中心,雲林縣,虎尾鎮,雲林縣虎尾鎮新生路74號,(05)633-7333#2237,hpa;healthforkids;sfaa
0542020011,國軍左營總醫院岡山分院,聯合評估中心,高雄市,岡山區,高雄市岡山區大義二路一號,(07)625-0919#1837,hpa;healthforkids;sfaa
1107350015,天主教聖功醫療財團法人聖功醫院,聯合評估中心,高雄市,苓雅區,高雄市苓雅區建國一路352號,(07)223-8153#6707 / 0965-163849,hpa;healthforkids;sfaa
1142120001,義大醫療財團法人義大醫院,聯合評估中心,高雄市,燕巢區,高雄市燕巢區角宿里義大路1號,(07)615-0950(專線) / (07)615-0011#5751,hpa;healthforkids;sfaa
0142030019,衛生福利部旗山醫院,聯合評估中心,高雄市,旗山區,高雄市旗山區中學路60號,(07)661-3811#3108,hpa;healthforkids;sfaa
1302050014,財團法人私立高雄醫學大學附設中和紀念醫院,聯合評估中心,高雄市,三民區,高雄市三民區自由一路100號,(07)312-1101#6468 / (07)315-4663(專線),hpa;healthforkids;sfaa
1307020025,財團法人私立高雄醫學大學附設高醫岡山醫院,聯合評估中心,高雄市,岡山區,高雄市岡山區捷安路8號,07-6261021,hpa;healthforkids
1142100017,長庚醫療財團法人高雄長庚紀念醫院,聯合評估中心,高雄市,鳥松區,高雄市鳥松區大埤路123號,(07)731-7123#8167,hpa;healthforkids;sfaa
0107340027,高雄市立大同醫院(長庚醫療財團法人醫療合作),聯合評估中心,高雄市,前金區,高雄市前金區中華三路68號,07-2911101#8404,hpa;healthforkids;sfaa
1102110011,高雄市立小港醫院(委託財團法人私立高雄醫學大學經營),聯合評估中心,高雄市,小港區,高雄市小港區山明路482號,(07)803-6783#3268、3252,hpa;healthforkids;sfaa
1307370011,高雄市立旗津醫院(委託財團法人私立高雄醫學大學經營),聯合評估中心,高雄市,旗津區,高雄市旗津區旗港路33號,07-5711188#1128,hpa;healthforkids;sfaa
0102020011,高雄市立聯合醫院,聯合評估中心,高雄市,鼓山區,高雄市鼓山區中華一路976號,(07)555-2565#51271、51270,hpa;healthforkids;sfaa
0602030026,高雄榮民總醫院,聯合評估中心,高雄市,左營區,高雄市左營區大中一路386號,(07)342-2121#75017 / 0975-581954,hpa;healthforkids;sfaa
0634070018,臺北榮民總醫院員山分院,評估醫院,宜蘭縣,員山鄉,宜蘭縣員山鄉榮光路386號,03-9222141,healthforkids;sfaa
1137080017,彰化基督教醫療財團法人二林基督教醫院,評估醫院,彰化縣,二林鎮,彰化縣二林鎮大成路一段558號,04-8952031,healthforkids;sfaa
1137050019,彰化基督教醫療財團法人員林基督教醫院,評估醫院,彰化縣,員林市,彰化縣員林市莒光路456號,04-8381456,healthforkids;sfaa
1137020520,彰化基督教醫療財團法人鹿港基督教醫院,評估醫院,彰化縣,鹿港鎮,彰化縣鹿港鎮中正路480號,04-7779595,healthforkids;sfaa
1137020511,秀傳醫療財團法人彰濱秀傳紀念醫院,評估醫院,彰化縣,鹿港鎮,彰化縣鹿港鎮鹿工路6號,04-7813888,healthforkids;sfaa
1512011185,南門綜合醫院,評估醫院,新竹市,東區,新竹市東區成功里林森路20號,03-5261122,sfaa
1112010528,國泰醫療財團法人新竹國泰綜合醫院,評估醫院,新竹市,東區,新竹市東區中華路二段678號,03-5278999,healthforkids;sfaa
0512040014,國軍桃園總醫院新竹分院附設民眾診療服務處,評估醫院,新竹市,北區,新竹市北區武陵路3號,03-5348181,healthforkids;sfaa
1112010519,臺灣基督長老教會馬偕醫療財團法人新竹馬偕紀念醫院,評估醫院,新竹市,東區,新竹市東區光復路二段690號,03-6119595,healthforkids;sfaa
0532090029,國軍桃園總醫院附設民眾診療服務處,評估醫院,桃園市,龍潭區,桃園市龍潭區中興里中興路168號,03-4799595,healthforkids;sfaa
0932020025,天成醫療社團法人天晟醫院,評估醫院,桃園市,中壢區,桃園市中壢區延平路155號,03-4629292,healthforkids;sfaa
x:桃園市:桃園市婦幼衛生所,桃園市婦幼衛生所,評估醫院,桃園市,八德區,桃園市八德區建德路360號,03-3650667,healthforkids;sfaa
x:桃園市:桃園敏盛醫院,桃園敏盛醫院,評估醫院,桃園市,桃園區,桃園市桃園區經國路168號19樓,03-3179599#8808、8809,sfaa
1132071036,桃園長庚紀念醫院,評估醫院,桃園市,龜山區,桃園市龜山區頂湖路123號,03-3196200#8147,sfaa
0501110514,三軍總醫院附設民眾診療服務處,評估醫院,臺北市,內湖區,臺北市內湖區成功路二段325號,02-87923311,healthforkids;sfaa
1301110511,中國醫藥大學附設醫院臺北分院,評估醫院,臺北市,內湖區,臺北市內湖區內湖路二段360號,02-27919696,healthforkids;sfaa
1101020018,國泰醫療財團法人國泰綜合醫院,評估醫院,臺北市,大安區,臺北市大安區仁愛路四段280號,02-27082121,healthforkids;sfaa
1101010021,基督復臨安息日會醫療財團法人臺安醫院,評估醫院,臺北市,松山區,臺北市松山區八德路二段424號,02-27718151,healthforkids;sfaa
1101160017,振興醫療財團法人振興醫院,評估醫院,臺北市,北投區,臺北市北投區振興街45號,02-28264400,healthforkids;sfaa
1101150011,新光醫療財團法人新光吳火獅紀念醫院,評估醫院,臺北市,士林區,臺北市士林區文昌路95號,02-28332211,healthforkids;sfaa
0101090517,臺北市立聯合醫院(婦幼院區),評估醫院,臺北市,中正區,臺北市中正區福州街12號,02-23916470,healthforkids;sfaa
1301200010,臺北市立萬芳醫院-委託臺北醫學大學辦理,評估醫院,臺北市,文山區,臺北市文山區興隆路三段111號,02-29307930,healthforkids;sfaa
0701160518,臺北市立關渡醫院,評估醫院,臺北市,北投區,臺北市北投區知行路225巷12號,02-28587000,healthforkids;sfaa
1101010012,長庚醫療財團法人台北長庚紀念醫院,評估醫院,臺北市,松山區,臺北市松山區敦化北路199號,02-27135211,healthforkids;sfaa
x:南投縣:南投縣兒童發展通報轉介暨個案管理中心,南投縣兒童發展通報轉介暨個案管理中心,通報轉介中心,南投縣,南投市,南投縣南投市南崗二路87號2樓,049-2205345,sfaa
x:嘉義市:嘉義市兒童發展通報轉介中心,嘉義市兒童發展通報轉介中心,通報轉介中心,嘉義市,東區,嘉義市東區忠孝路654號,05-2718661,sfaa
x:基隆市:基隆市兒童發展通報轉介暨個案管理中心,基隆市兒童發展通報轉介暨個案管理中心,通報轉介中心,基隆市,信義區,基隆市信義區東信路169號2樓,02-24237751,sfaa
x:宜蘭縣:宜蘭縣兒童綜合服務中心通報轉介中心,宜蘭縣兒童綜合服務中心-通報轉介中心,通報轉介中心,宜蘭縣,宜蘭市,宜蘭縣宜蘭市同慶街95號2樓,03-9334040,sfaa
x:屏東縣:屏東縣發展遲緩兒童個案管理中心屏北區,屏東縣發展遲緩兒童個案管理中心（屏北區）,通報轉介中心,屏東縣,屏東市,屏東縣屏東市建豐路180巷35號4樓,08-7382100,sfaa
x:屏東縣:屏東縣發展遲緩兒童個案管理中心屏南區,屏東縣發展遲緩兒童個案管理中心（屏南區）,通報轉介中心,屏東縣,東港鎮,屏東縣東港鎮光復路一段33號,08-8327176,sfaa
x:彰化縣:彰化縣兒童發展通報轉介中心,彰化縣兒童發展通報轉介中心,通報轉介中心,彰化縣,北斗鎮,彰化縣北斗鎮文昌里復興路270號5樓,04-8837588,sfaa
x:新北市:新北市政府兒童健康發展中心,新北市政府兒童健康發展中心,通報轉介中心,新北市,板橋區,新北市板橋區中山路1段161號25樓,02-29550885,sfaa
x:新竹市:兒童發展早期療育社區資源服務中心北區及香山區,兒童發展早期療育社區資源服務中心-北區及香山區,通報轉介中心,新竹市,北區,新竹市北區東大路二段565號,03-5339762,sfaa
x:新竹市:兒童發展早期療育社區資源服務中心東區,兒童發展早期療育社區資源服務中心-東區,通報轉介中心,新竹市,東區,新竹市東區光復路二段902巷12號,03-5612920,sfaa
x:新竹縣:新竹縣兒童發展早期療育通報轉介暨個案管理中心,新竹縣兒童發展早期療育通報轉介暨個案管理中心,通報轉介中心,新竹縣,竹北市,新竹縣竹北市福興路1011號,03-6573603,sfaa
x:桃園市:桃園市兒童發展通報轉介中心,桃園市兒童發展通報轉介中心,通報轉介中心,桃園市,桃園區,桃園市桃園區國際路二段598-5號3樓,03-3330210,sfaa
x:澎湖縣:澎湖縣兒童少年發展中心早期療育通報轉介暨個案管理中心,澎湖縣兒童少年發展中心(早期療育通報轉介暨個案管理中心),通報轉介中心,澎湖縣,馬公市,澎湖縣馬公市中正路115號,06-9260255、06-9260256,sfaa
x:臺中市:臺中市第一區兒童發展社區資源中心,臺中市第一區兒童發展社區資源中心,通報轉介中心,臺中市,西區,臺中市西區柳川東路2段76巷2號,04-23755120,sfaa
x:臺中市:臺中市第七區兒童發展社區資源中心,臺中市第七區兒童發展社區資源中心,通報轉介中心,臺中市,大甲區,臺中市大甲區經國路789號,04-26881288,sfaa
x:臺中市:臺中市第三區兒童發展社區資源中心,臺中市第三區兒童發展社區資源中心,通報轉介中心,臺中市,烏日區,臺中市烏日區三榮路一段127號1樓(烏日綜合社會福利館內),04-23360117,sfaa
x:臺中市:臺中市第二區兒童發展社區資源中心,臺中市第二區兒童發展社區資源中心,通報轉介中心,臺中市,潭子區,臺中市潭子區大豐路2段1號,04-25335276,sfaa
x:臺中市:臺中市第五區兒童發展社區資源中心,臺中市第五區兒童發展社區資源中心,通報轉介中心,臺中市,豐原區,臺中市豐原區大明路103號,04-25249769,sfaa
x:臺中市:臺中市第八區兒童發展社區資源中心,臺中市第八區兒童發展社區資源中心,通報轉介中心,臺中市,北區,臺中市北區民權路400號1樓,04-22082115,sfaa
x:臺中市:臺中市第六區兒童發展社區資源中心,臺中市第六區兒童發展社區資源中心,通報轉介中心,臺中市,沙鹿區,臺中市沙鹿區福幼街8號4樓,04-26365175,sfaa
x:臺中市:臺中市第四區兒童發展社區資源中心,臺中市第四區兒童發展社區資源中心,通報轉介中心,臺中市,大里區,臺中市大里區永隆路102號,04-24070195,sfaa
x:臺北市:臺北市政府社會局早療通報轉介中心,臺北市政府社會局早療通報轉介中心,通報轉介中心,臺北市,松山區,臺北市松山區民生東路5段163-1號7樓,02-27568852,sfaa
x:臺南市:臺南市第1兒童早期發展服務管理中心,臺南市第1兒童早期發展服務管理中心,通報轉介中心,臺南市,學甲區,臺南市學甲區華宗路517號,06-7835670,sfaa
x:臺南市:臺南市第2兒童早期發展服務管理中心,臺南市第2兒童早期發展服務管理中心,通報轉介中心,臺南市,東區,臺南市東區光明街191號,06-2096748,sfaa
x:臺南市:臺南市第3兒童早期發展服務管理中心,臺南市第3兒童早期發展服務管理中心,通報轉介中心,臺南市,玉井區,臺南市玉井區中華路200號,06-5746623,sfaa
x:臺東縣:臺東縣兒童發展通報轉介暨個案管理中心,臺東縣兒童發展通報轉介暨個案管理中心,通報轉介中心,臺東縣,臺東市,臺東縣臺東市正氣北路374號,089-333905,sfaa
x:花蓮縣:花蓮縣兒童發展通報轉介暨個案管理中心,花蓮縣兒童發展通報轉介暨個案管理中心,通報轉介中心,花蓮縣,吉安鄉,花蓮縣吉安鄉中正路二段107巷36號,03-8523355分機23,sfaa
x:苗栗縣:苗栗縣兒童發展通報轉介中心,苗栗縣兒童發展通報轉介中心,通報轉介中心,苗栗縣,公館鄉,苗栗縣公館鄉大同路205號,037-230265,sfaa
x:連江縣:連江縣兒童發展通報轉介暨個管中心,連江縣兒童發展通報轉介暨個管中心,通報轉介中心,連江縣,南竿鄉,連江縣南竿鄉介壽村353-5號,0836-26321,sfaa
x:金門縣:金門縣早期療育聯合服務中心,金門縣早期療育聯合服務中心,通報轉介中心,金門縣,金湖鎮,金門縣金湖鎮中正路1-1號1樓,082-337886,sfaa
x:雲林縣:雲林縣兒童發展通報轉介暨個案管理中心,雲林縣兒童發展通報轉介暨個案管理中心,通報轉介中心,雲林縣,西螺鎮,雲林縣西螺鎮中山路227號,05-5878313,sfaa
x:高雄市:高雄市三民兒童早期療育發展中心,高雄市三民兒童早期療育發展中心,通報轉介中心,高雄市,三民區,高雄市三民區九如一路775號,07-3985011,sfaa
x:高雄市:高雄市岡山身心障礙福利服務中心,高雄市岡山身心障礙福利服務中心,通報轉介中心,高雄市,岡山區,高雄市岡山區公園東路131號,07-6226730轉143,sfaa
x:高雄市:高雄市旗山區兒童早期療育發展中心,高雄市旗山區兒童早期療育發展中心,通報轉介中心,高雄市,旗山區,高雄市旗山區文中路7號,07-6618106,sfaa
x:高雄市:高雄市鳳山區兒童早期療育發展中心,高雄市鳳山區兒童早期療育發展中心,通報轉介中心,高雄市,鳳山區,高雄市鳳山區新富路630號,07-7630369,sfaa
